file,row,field,before,after,rule
amazon-2025-07.csv,2,order_date,2025-07-01,2025-07-01,N01-field-alias-or-whitespace
amazon-2025-07.csv,2,quantity,2,2,N01-field-alias-or-whitespace
amazon-2025-07.csv,2,unit_price_usd,79.99,79.99,N01-field-alias-or-whitespace
amazon-2025-07.csv,3,order_date,2025-07-01,2025-07-01,N01-field-alias-or-whitespace
amazon-2025-07.csv,3,country, us ,us,N01-field-alias-or-whitespace
amazon-2025-07.csv,3,quantity,3,3,N01-field-alias-or-whitespace
amazon-2025-07.csv,3,unit_price_usd,24.99,24.99,N01-field-alias-or-whitespace
amazon-2025-07.csv,4,order_date,2025-07-01,2025-07-01,N01-field-alias-or-whitespace
amazon-2025-07.csv,4,quantity,1,1,N01-field-alias-or-whitespace
amazon-2025-07.csv,4,unit_price_usd,24.99,24.99,N01-field-alias-or-whitespace
amazon-2025-07.csv,5,order_date,2025-07-01,2025-07-01,N01-field-alias-or-whitespace
amazon-2025-07.csv,5,quantity,2,2,N01-field-alias-or-whitespace
amazon-2025-07.csv,5,unit_price_usd,$79.99,$79.99,N01-field-alias-or-whitespace
amazon-2025-07.csv,6,order_date,2025-07-01,2025-07-01,N01-field-alias-or-whitespace
amazon-2025-07.csv,6,quantity,3,3,N01-field-alias-or-whitespace
amazon-2025-07.csv,6,unit_price_usd,14.99,14.99,N01-field-alias-or-whitespace
amazon-2025-07.csv,7,order_date,2025-07-01,2025-07-01,N01-field-alias-or-whitespace
amazon-2025-07.csv,7,quantity,2,2,N01-field-alias-or-whitespace
amazon-2025-07.csv,7,unit_price_usd,79.99,79.99,N01-field-alias-or-whitespace
amazon-2025-07.csv,8,order_date,2025-07-01,2025-07-01,N01-field-alias-or-whitespace
amazon-2025-07.csv,8,quantity,3,3,N01-field-alias-or-whitespace
amazon-2025-07.csv,8,unit_price_usd,39.99,39.99,N01-field-alias-or-whitespace
amazon-2025-07.csv,9,order_date,2025/07/01,2025/07/01,N01-field-alias-or-whitespace
amazon-2025-07.csv,9,quantity,2,2,N01-field-alias-or-whitespace
amazon-2025-07.csv,9,unit_price_usd,59.99,59.99,N01-field-alias-or-whitespace
amazon-2025-07.csv,10,order_date,2025-07-01,2025-07-01,N01-field-alias-or-whitespace
amazon-2025-07.csv,10,quantity,3,3,N01-field-alias-or-whitespace
amazon-2025-07.csv,10,unit_price_usd,79.99,79.99,N01-field-alias-or-whitespace
amazon-2025-07.csv,11,order_date,2025-07-01,2025-07-01,N01-field-alias-or-whitespace
amazon-2025-07.csv,11,quantity,1,1,N01-field-alias-or-whitespace
amazon-2025-07.csv,11,unit_price_usd,39.99,39.99,N01-field-alias-or-whitespace
amazon-2025-07.csv,12,order_date,2025-07-01,2025-07-01,N01-field-alias-or-whitespace
amazon-2025-07.csv,12,quantity,3,3,N01-field-alias-or-whitespace
amazon-2025-07.csv,12,unit_price_usd,39.99,39.99,N01-field-alias-or-whitespace
amazon-2025-07.csv,13,order_date,2025-07-01,2025-07-01,N01-field-alias-or-whitespace
amazon-2025-07.csv,13,quantity,3,3,N01-field-alias-or-whitespace
amazon-2025-07.csv,13,unit_price_usd,24.99,24.99,N01-field-alias-or-whitespace
amazon-2025-07.csv,14,order_date,2025-07-01,2025-07-01,N01-field-alias-or-whitespace
amazon-2025-07.csv,14,quantity,1,1,N01-field-alias-or-whitespace
amazon-2025-07.csv,14,unit_price_usd,24.99,24.99,N01-field-alias-or-whitespace
amazon-2025-07.csv,15,order_date,2025-07-01,2025-07-01,N01-field-alias-or-whitespace
amazon-2025-07.csv,15,quantity,1,1,N01-field-alias-or-whitespace
amazon-2025-07.csv,15,unit_price_usd,79.99,79.99,N01-field-alias-or-whitespace
amazon-2025-07.csv,16,order_date,2025-07-01,2025-07-01,N01-field-alias-or-whitespace
amazon-2025-07.csv,16,quantity,2,2,N01-field-alias-or-whitespace
amazon-2025-07.csv,16,unit_price_usd,24.99,24.99,N01-field-alias-or-whitespace
amazon-2025-07.csv,17,order_date,2025-07-01,2025-07-01,N01-field-alias-or-whitespace
amazon-2025-07.csv,17,quantity,2,2,N01-field-alias-or-whitespace
amazon-2025-07.csv,17,unit_price_usd,79.99,79.99,N01-field-alias-or-whitespace
amazon-2025-07.csv,18,order_date,2025-07-02,2025-07-02,N01-field-alias-or-whitespace
amazon-2025-07.csv,18,quantity,3,3,N01-field-alias-or-whitespace
amazon-2025-07.csv,18,unit_price_usd,79.99,79.99,N01-field-alias-or-whitespace
amazon-2025-07.csv,19,order_date,2025-07-02,2025-07-02,N01-field-alias-or-whitespace
amazon-2025-07.csv,19,quantity,3,3,N01-field-alias-or-whitespace
amazon-2025-07.csv,19,unit_price_usd,14.99,14.99,N01-field-alias-or-whitespace
amazon-2025-07.csv,20,order_date,2025-07-02,2025-07-02,N01-field-alias-or-whitespace
amazon-2025-07.csv,20,quantity,2,2,N01-field-alias-or-whitespace
amazon-2025-07.csv,20,unit_price_usd,39.99,39.99,N01-field-alias-or-whitespace
amazon-2025-07.csv,21,order_date,2025-07-02,2025-07-02,N01-field-alias-or-whitespace
amazon-2025-07.csv,21,country, us ,us,N01-field-alias-or-whitespace
amazon-2025-07.csv,21,quantity,3,3,N01-field-alias-or-whitespace
amazon-2025-07.csv,21,unit_price_usd,24.99,24.99,N01-field-alias-or-whitespace
amazon-2025-07.csv,22,order_date,2025-07-02,2025-07-02,N01-field-alias-or-whitespace
amazon-2025-07.csv,22,quantity,2,2,N01-field-alias-or-whitespace
amazon-2025-07.csv,22,unit_price_usd,14.99,14.99,N01-field-alias-or-whitespace
amazon-2025-07.csv,23,order_date,2025-07-02,2025-07-02,N01-field-alias-or-whitespace
amazon-2025-07.csv,23,quantity,3,3,N01-field-alias-or-whitespace
amazon-2025-07.csv,23,unit_price_usd,79.99,79.99,N01-field-alias-or-whitespace
amazon-2025-07.csv,24,order_date,2025-07-02,2025-07-02,N01-field-alias-or-whitespace
amazon-2025-07.csv,24,quantity,3,3,N01-field-alias-or-whitespace
amazon-2025-07.csv,24,unit_price_usd,14.99,14.99,N01-field-alias-or-whitespace
amazon-2025-07.csv,25,order_date,2025-07-02,2025-07-02,N01-field-alias-or-whitespace
amazon-2025-07.csv,25,quantity,1,1,N01-field-alias-or-whitespace
amazon-2025-07.csv,25,unit_price_usd,39.99,39.99,N01-field-alias-or-whitespace
amazon-2025-07.csv,26,order_date,2025-07-02,2025-07-02,N01-field-alias-or-whitespace
amazon-2025-07.csv,26,quantity,2,2,N01-field-alias-or-whitespace
amazon-2025-07.csv,26,unit_price_usd,39.99,39.99,N01-field-alias-or-whitespace
amazon-2025-07.csv,27,order_date,2025-07-02,2025-07-02,N01-field-alias-or-whitespace
amazon-2025-07.csv,27,quantity,1,1,N01-field-alias-or-whitespace
amazon-2025-07.csv,27,unit_price_usd,$14.99,$14.99,N01-field-alias-or-whitespace
amazon-2025-07.csv,28,order_date,2025-07-02,2025-07-02,N01-field-alias-or-whitespace
amazon-2025-07.csv,28,quantity,2,2,N01-field-alias-or-whitespace
amazon-2025-07.csv,28,unit_price_usd,79.99,79.99,N01-field-alias-or-whitespace
amazon-2025-07.csv,29,order_date,2025-07-02,2025-07-02,N01-field-alias-or-whitespace
amazon-2025-07.csv,29,quantity,3,3,N01-field-alias-or-whitespace
amazon-2025-07.csv,29,unit_price_usd,24.99,24.99,N01-field-alias-or-whitespace
amazon-2025-07.csv,30,order_date,2025-07-03,2025-07-03,N01-field-alias-or-whitespace
amazon-2025-07.csv,30,quantity,3,3,N01-field-alias-or-whitespace
amazon-2025-07.csv,30,unit_price_usd,39.99,39.99,N01-field-alias-or-whitespace
amazon-2025-07.csv,31,order_date,2025-07-03,2025-07-03,N01-field-alias-or-whitespace
amazon-2025-07.csv,31,quantity,1,1,N01-field-alias-or-whitespace
amazon-2025-07.csv,31,unit_price_usd,14.99,14.99,N01-field-alias-or-whitespace
amazon-2025-07.csv,32,order_date,2025-07-03,2025-07-03,N01-field-alias-or-whitespace
amazon-2025-07.csv,32,quantity,1,1,N01-field-alias-or-whitespace
amazon-2025-07.csv,32,unit_price_usd,79.99,79.99,N01-field-alias-or-whitespace
amazon-2025-07.csv,33,order_date,2025-07-03,2025-07-03,N01-field-alias-or-whitespace
amazon-2025-07.csv,33,quantity,2,2,N01-field-alias-or-whitespace
amazon-2025-07.csv,33,unit_price_usd,79.99,79.99,N01-field-alias-or-whitespace
amazon-2025-07.csv,34,order_date,2025-07-03,2025-07-03,N01-field-alias-or-whitespace
amazon-2025-07.csv,34,quantity,1,1,N01-field-alias-or-whitespace
amazon-2025-07.csv,34,unit_price_usd,$39.99,$39.99,N01-field-alias-or-whitespace
amazon-2025-07.csv,35,order_date,2025-07-03,2025-07-03,N01-field-alias-or-whitespace
amazon-2025-07.csv,35,quantity,2,2,N01-field-alias-or-whitespace
amazon-2025-07.csv,35,unit_price_usd,79.99,79.99,N01-field-alias-or-whitespace
amazon-2025-07.csv,36,order_date,2025-07-03,2025-07-03,N01-field-alias-or-whitespace
amazon-2025-07.csv,36,quantity,1,1,N01-field-alias-or-whitespace
amazon-2025-07.csv,36,unit_price_usd,59.99,59.99,N01-field-alias-or-whitespace
amazon-2025-07.csv,37,order_date,2025-07-03,2025-07-03,N01-field-alias-or-whitespace
amazon-2025-07.csv,37,quantity,2,2,N01-field-alias-or-whitespace
amazon-2025-07.csv,37,unit_price_usd,79.99,79.99,N01-field-alias-or-whitespace
amazon-2025-07.csv,38,order_date,2025-07-03,2025-07-03,N01-field-alias-or-whitespace
amazon-2025-07.csv,38,quantity,1,1,N01-field-alias-or-whitespace
amazon-2025-07.csv,38,unit_price_usd,79.99,79.99,N01-field-alias-or-whitespace
amazon-2025-07.csv,39,order_date,2025-07-03,2025-07-03,N01-field-alias-or-whitespace
amazon-2025-07.csv,39,quantity,3,3,N01-field-alias-or-whitespace
amazon-2025-07.csv,39,unit_price_usd,79.99,79.99,N01-field-alias-or-whitespace
amazon-2025-07.csv,40,order_date,2025-07-03,2025-07-03,N01-field-alias-or-whitespace
amazon-2025-07.csv,40,quantity,1,1,N01-field-alias-or-whitespace
amazon-2025-07.csv,40,unit_price_usd,14.99,14.99,N01-field-alias-or-whitespace
amazon-2025-07.csv,41,order_date,2025-07-03,2025-07-03,N01-field-alias-or-whitespace
amazon-2025-07.csv,41,quantity,3,3,N01-field-alias-or-whitespace
amazon-2025-07.csv,41,unit_price_usd,39.99,39.99,N01-field-alias-or-whitespace
amazon-2025-07.csv,42,order_date,2025-07-03,2025-07-03,N01-field-alias-or-whitespace
amazon-2025-07.csv,42,quantity,3,3,N01-field-alias-or-whitespace
amazon-2025-07.csv,42,unit_price_usd,79.99,79.99,N01-field-alias-or-whitespace
amazon-2025-07.csv,43,order_date,2025-07-03,2025-07-03,N01-field-alias-or-whitespace
amazon-2025-07.csv,43,country, us ,us,N01-field-alias-or-whitespace
amazon-2025-07.csv,43,quantity,1,1,N01-field-alias-or-whitespace
amazon-2025-07.csv,43,unit_price_usd,79.99,79.99,N01-field-alias-or-whitespace
amazon-2025-07.csv,44,order_date,2025-07-03,2025-07-03,N01-field-alias-or-whitespace
amazon-2025-07.csv,44,quantity,1,1,N01-field-alias-or-whitespace
amazon-2025-07.csv,44,unit_price_usd,79.99,79.99,N01-field-alias-or-whitespace
amazon-2025-07.csv,45,order_date,2025-07-04,2025-07-04,N01-field-alias-or-whitespace
amazon-2025-07.csv,45,country, us ,us,N01-field-alias-or-whitespace
amazon-2025-07.csv,45,quantity,3,3,N01-field-alias-or-whitespace
amazon-2025-07.csv,45,unit_price_usd,59.99,59.99,N01-field-alias-or-whitespace
amazon-2025-07.csv,46,order_date,2025-07-04,2025-07-04,N01-field-alias-or-whitespace
amazon-2025-07.csv,46,quantity,3,3,N01-field-alias-or-whitespace
amazon-2025-07.csv,46,unit_price_usd,39.99,39.99,N01-field-alias-or-whitespace
amazon-2025-07.csv,47,order_date,2025-07-04,2025-07-04,N01-field-alias-or-whitespace
amazon-2025-07.csv,47,quantity,1,1,N01-field-alias-or-whitespace
amazon-2025-07.csv,47,unit_price_usd,14.99,14.99,N01-field-alias-or-whitespace
amazon-2025-07.csv,48,order_date,2025-07-04,2025-07-04,N01-field-alias-or-whitespace
amazon-2025-07.csv,48,quantity,2,2,N01-field-alias-or-whitespace
amazon-2025-07.csv,48,unit_price_usd,79.99,79.99,N01-field-alias-or-whitespace
amazon-2025-07.csv,49,order_date,2025-07-04,2025-07-04,N01-field-alias-or-whitespace
amazon-2025-07.csv,49,quantity,1,1,N01-field-alias-or-whitespace
amazon-2025-07.csv,49,unit_price_usd,24.99,24.99,N01-field-alias-or-whitespace
amazon-2025-07.csv,50,order_date,2025-07-04,2025-07-04,N01-field-alias-or-whitespace
amazon-2025-07.csv,50,quantity,2,2,N01-field-alias-or-whitespace
amazon-2025-07.csv,50,unit_price_usd,79.99,79.99,N01-field-alias-or-whitespace
amazon-2025-07.csv,51,order_date,2025-07-04,2025-07-04,N01-field-alias-or-whitespace
amazon-2025-07.csv,51,quantity,1,1,N01-field-alias-or-whitespace
amazon-2025-07.csv,51,unit_price_usd,14.99,14.99,N01-field-alias-or-whitespace
amazon-2025-07.csv,52,order_date,2025-07-04,2025-07-04,N01-field-alias-or-whitespace
amazon-2025-07.csv,52,quantity,2,2,N01-field-alias-or-whitespace
amazon-2025-07.csv,52,unit_price_usd,59.99,59.99,N01-field-alias-or-whitespace
amazon-2025-07.csv,53,order_date,2025-07-04,2025-07-04,N01-field-alias-or-whitespace
amazon-2025-07.csv,53,quantity,1,1,N01-field-alias-or-whitespace
amazon-2025-07.csv,53,unit_price_usd,,,N01-field-alias-or-whitespace
amazon-2025-07.csv,54,order_date,2025-07-04,2025-07-04,N01-field-alias-or-whitespace
amazon-2025-07.csv,54,quantity,2,2,N01-field-alias-or-whitespace
amazon-2025-07.csv,54,unit_price_usd,14.99,14.99,N01-field-alias-or-whitespace
amazon-2025-07.csv,55,order_date,2025-07-04,2025-07-04,N01-field-alias-or-whitespace
amazon-2025-07.csv,55,quantity,1,1,N01-field-alias-or-whitespace
amazon-2025-07.csv,55,unit_price_usd,24.99,24.99,N01-field-alias-or-whitespace
amazon-2025-07.csv,56,order_date,2025-07-04,2025-07-04,N01-field-alias-or-whitespace
amazon-2025-07.csv,56,quantity,3,3,N01-field-alias-or-whitespace
amazon-2025-07.csv,56,unit_price_usd,14.99,14.99,N01-field-alias-or-whitespace
amazon-2025-07.csv,57,order_date,2025-07-04,2025-07-04,N01-field-alias-or-whitespace
amazon-2025-07.csv,57,quantity,1,1,N01-field-alias-or-whitespace
amazon-2025-07.csv,57,unit_price_usd,$39.99,$39.99,N01-field-alias-or-whitespace
amazon-2025-07.csv,58,order_date,2025/07/04,2025/07/04,N01-field-alias-or-whitespace
amazon-2025-07.csv,58,quantity,2,2,N01-field-alias-or-whitespace
amazon-2025-07.csv,58,unit_price_usd,79.99,79.99,N01-field-alias-or-whitespace
amazon-2025-07.csv,59,order_date,2025-07-04,2025-07-04,N01-field-alias-or-whitespace
amazon-2025-07.csv,59,quantity,2,2,N01-field-alias-or-whitespace
amazon-2025-07.csv,59,unit_price_usd,24.99,24.99,N01-field-alias-or-whitespace
amazon-2025-07.csv,60,order_date,2025-07-05,2025-07-05,N01-field-alias-or-whitespace
amazon-2025-07.csv,60,quantity,2,2,N01-field-alias-or-whitespace
amazon-2025-07.csv,60,unit_price_usd,14.99,14.99,N01-field-alias-or-whitespace
amazon-2025-07.csv,61,order_date,2025-07-05,2025-07-05,N01-field-alias-or-whitespace
amazon-2025-07.csv,61,country, uk ,uk,N01-field-alias-or-whitespace
amazon-2025-07.csv,61,quantity,2,2,N01-field-alias-or-whitespace
amazon-2025-07.csv,61,unit_price_usd,14.99,14.99,N01-field-alias-or-whitespace
amazon-2025-07.csv,62,order_date,2025-07-05,2025-07-05,N01-field-alias-or-whitespace
amazon-2025-07.csv,62,quantity,1,1,N01-field-alias-or-whitespace
amazon-2025-07.csv,62,unit_price_usd,14.99,14.99,N01-field-alias-or-whitespace
amazon-2025-07.csv,63,order_date,2025/07/05,2025/07/05,N01-field-alias-or-whitespace
amazon-2025-07.csv,63,quantity,3,3,N01-field-alias-or-whitespace
amazon-2025-07.csv,63,unit_price_usd,59.99,59.99,N01-field-alias-or-whitespace
amazon-2025-07.csv,64,order_date,2025-07-05,2025-07-05,N01-field-alias-or-whitespace
amazon-2025-07.csv,64,quantity,1,1,N01-field-alias-or-whitespace
amazon-2025-07.csv,64,unit_price_usd,59.99,59.99,N01-field-alias-or-whitespace
amazon-2025-07.csv,65,order_date,2025-07-05,2025-07-05,N01-field-alias-or-whitespace
amazon-2025-07.csv,65,quantity,3,3,N01-field-alias-or-whitespace
amazon-2025-07.csv,65,unit_price_usd,14.99,14.99,N01-field-alias-or-whitespace
amazon-2025-07.csv,66,order_date,2025-07-05,2025-07-05,N01-field-alias-or-whitespace
amazon-2025-07.csv,66,quantity,2,2,N01-field-alias-or-whitespace
amazon-2025-07.csv,66,unit_price_usd,14.99,14.99,N01-field-alias-or-whitespace
amazon-2025-07.csv,67,order_date,2025-07-05,2025-07-05,N01-field-alias-or-whitespace
amazon-2025-07.csv,67,quantity,1,1,N01-field-alias-or-whitespace
amazon-2025-07.csv,67,unit_price_usd,14.99,14.99,N01-field-alias-or-whitespace
amazon-2025-07.csv,68,order_date,2025-07-05,2025-07-05,N01-field-alias-or-whitespace
amazon-2025-07.csv,68,quantity,2,2,N01-field-alias-or-whitespace
amazon-2025-07.csv,68,unit_price_usd,24.99,24.99,N01-field-alias-or-whitespace
amazon-2025-07.csv,69,order_date,2025-07-05,2025-07-05,N01-field-alias-or-whitespace
amazon-2025-07.csv,69,quantity,1,1,N01-field-alias-or-whitespace
amazon-2025-07.csv,69,unit_price_usd,24.99,24.99,N01-field-alias-or-whitespace
amazon-2025-07.csv,70,order_date,2025-07-05,2025-07-05,N01-field-alias-or-whitespace
amazon-2025-07.csv,70,quantity,1,1,N01-field-alias-or-whitespace
amazon-2025-07.csv,70,unit_price_usd,59.99,59.99,N01-field-alias-or-whitespace
amazon-2025-07.csv,71,order_date,2025-07-05,2025-07-05,N01-field-alias-or-whitespace
amazon-2025-07.csv,71,quantity,2,2,N01-field-alias-or-whitespace
amazon-2025-07.csv,71,unit_price_usd,79.99,79.99,N01-field-alias-or-whitespace
amazon-2025-07.csv,72,order_date,2025-07-06,2025-07-06,N01-field-alias-or-whitespace
amazon-2025-07.csv,72,quantity,3,3,N01-field-alias-or-whitespace
amazon-2025-07.csv,72,unit_price_usd,24.99,24.99,N01-field-alias-or-whitespace
amazon-2025-07.csv,73,order_date,2025-07-06,2025-07-06,N01-field-alias-or-whitespace
amazon-2025-07.csv,73,quantity,3,3,N01-field-alias-or-whitespace
amazon-2025-07.csv,73,unit_price_usd,39.99,39.99,N01-field-alias-or-whitespace
amazon-2025-07.csv,74,order_date,2025-07-06,2025-07-06,N01-field-alias-or-whitespace
amazon-2025-07.csv,74,quantity,3,3,N01-field-alias-or-whitespace
amazon-2025-07.csv,74,unit_price_usd,79.99,79.99,N01-field-alias-or-whitespace
amazon-2025-07.csv,75,order_date,2025-07-06,2025-07-06,N01-field-alias-or-whitespace
amazon-2025-07.csv,75,quantity,1,1,N01-field-alias-or-whitespace
amazon-2025-07.csv,75,unit_price_usd,14.99,14.99,N01-field-alias-or-whitespace
amazon-2025-07.csv,76,order_date,2025-07-06,2025-07-06,N01-field-alias-or-whitespace
amazon-2025-07.csv,76,quantity,1,1,N01-field-alias-or-whitespace
amazon-2025-07.csv,76,unit_price_usd,79.99,79.99,N01-field-alias-or-whitespace
amazon-2025-07.csv,77,order_date,2025-07-06,2025-07-06,N01-field-alias-or-whitespace
amazon-2025-07.csv,77,quantity,1,1,N01-field-alias-or-whitespace
amazon-2025-07.csv,77,unit_price_usd,39.99,39.99,N01-field-alias-or-whitespace
amazon-2025-07.csv,78,order_date,2025-07-06,2025-07-06,N01-field-alias-or-whitespace
amazon-2025-07.csv,78,quantity,1,1,N01-field-alias-or-whitespace
amazon-2025-07.csv,78,unit_price_usd,79.99,79.99,N01-field-alias-or-whitespace
amazon-2025-07.csv,79,order_date,2025-07-06,2025-07-06,N01-field-alias-or-whitespace
amazon-2025-07.csv,79,quantity,2,2,N01-field-alias-or-whitespace
amazon-2025-07.csv,79,unit_price_usd,14.99,14.99,N01-field-alias-or-whitespace
amazon-2025-07.csv,80,order_date,2025-07-06,2025-07-06,N01-field-alias-or-whitespace
amazon-2025-07.csv,80,country, us ,us,N01-field-alias-or-whitespace
amazon-2025-07.csv,80,quantity,2,2,N01-field-alias-or-whitespace
amazon-2025-07.csv,80,unit_price_usd,79.99,79.99,N01-field-alias-or-whitespace
amazon-2025-07.csv,81,order_date,2025-07-06,2025-07-06,N01-field-alias-or-whitespace
amazon-2025-07.csv,81,quantity,1,1,N01-field-alias-or-whitespace
amazon-2025-07.csv,81,unit_price_usd,$24.99,$24.99,N01-field-alias-or-whitespace
amazon-2025-07.csv,82,order_date,2025-07-06,2025-07-06,N01-field-alias-or-whitespace
amazon-2025-07.csv,82,quantity,3,3,N01-field-alias-or-whitespace
amazon-2025-07.csv,82,unit_price_usd,59.99,59.99,N01-field-alias-or-whitespace
amazon-2025-07.csv,83,order_date,2025-07-06,2025-07-06,N01-field-alias-or-whitespace
amazon-2025-07.csv,83,quantity,3,3,N01-field-alias-or-whitespace
amazon-2025-07.csv,83,unit_price_usd,59.99,59.99,N01-field-alias-or-whitespace
amazon-2025-07.csv,84,order_date,2025-07-06,2025-07-06,N01-field-alias-or-whitespace
amazon-2025-07.csv,84,quantity,3,3,N01-field-alias-or-whitespace
amazon-2025-07.csv,84,unit_price_usd,59.99,59.99,N01-field-alias-or-whitespace
amazon-2025-07.csv,85,order_date,2025-07-07,2025-07-07,N01-field-alias-or-whitespace
amazon-2025-07.csv,85,quantity,1,1,N01-field-alias-or-whitespace
amazon-2025-07.csv,85,unit_price_usd,$39.99,$39.99,N01-field-alias-or-whitespace
amazon-2025-07.csv,86,order_date,2025-07-07,2025-07-07,N01-field-alias-or-whitespace
amazon-2025-07.csv,86,quantity,2,2,N01-field-alias-or-whitespace
amazon-2025-07.csv,86,unit_price_usd,39.99,39.99,N01-field-alias-or-whitespace
amazon-2025-07.csv,87,order_date,2025-07-07,2025-07-07,N01-field-alias-or-whitespace
amazon-2025-07.csv,87,quantity,2,2,N01-field-alias-or-whitespace
amazon-2025-07.csv,87,unit_price_usd,79.99,79.99,N01-field-alias-or-whitespace
amazon-2025-07.csv,88,order_date,2025-07-07,2025-07-07,N01-field-alias-or-whitespace
amazon-2025-07.csv,88,quantity,3,3,N01-field-alias-or-whitespace
amazon-2025-07.csv,88,unit_price_usd,79.99,79.99,N01-field-alias-or-whitespace
amazon-2025-07.csv,89,order_date,2025-07-07,2025-07-07,N01-field-alias-or-whitespace
amazon-2025-07.csv,89,quantity,1,1,N01-field-alias-or-whitespace
amazon-2025-07.csv,89,unit_price_usd,39.99,39.99,N01-field-alias-or-whitespace
amazon-2025-07.csv,90,order_date,2025-07-07,2025-07-07,N01-field-alias-or-whitespace
amazon-2025-07.csv,90,quantity,1,1,N01-field-alias-or-whitespace
amazon-2025-07.csv,90,unit_price_usd,24.99,24.99,N01-field-alias-or-whitespace
amazon-2025-07.csv,91,order_date,2025-07-07,2025-07-07,N01-field-alias-or-whitespace
amazon-2025-07.csv,91,quantity,2,2,N01-field-alias-or-whitespace
amazon-2025-07.csv,91,unit_price_usd,14.99,14.99,N01-field-alias-or-whitespace
amazon-2025-07.csv,92,order_date,2025-07-07,2025-07-07,N01-field-alias-or-whitespace
amazon-2025-07.csv,92,quantity,2,2,N01-field-alias-or-whitespace
amazon-2025-07.csv,92,unit_price_usd,39.99,39.99,N01-field-alias-or-whitespace
amazon-2025-07.csv,93,order_date,2025-07-07,2025-07-07,N01-field-alias-or-whitespace
amazon-2025-07.csv,93,quantity,1,1,N01-field-alias-or-whitespace
amazon-2025-07.csv,93,unit_price_usd,39.99,39.99,N01-field-alias-or-whitespace
amazon-2025-07.csv,94,order_date,2025-07-07,2025-07-07,N01-field-alias-or-whitespace
amazon-2025-07.csv,94,quantity,2,2,N01-field-alias-or-whitespace
amazon-2025-07.csv,94,unit_price_usd,39.99,39.99,N01-field-alias-or-whitespace
amazon-2025-07.csv,95,order_date,2025-07-07,2025-07-07,N01-field-alias-or-whitespace
amazon-2025-07.csv,95,quantity,2,2,N01-field-alias-or-whitespace
amazon-2025-07.csv,95,unit_price_usd,79.99,79.99,N01-field-alias-or-whitespace
amazon-2025-07.csv,96,order_date,2025-07-07,2025-07-07,N01-field-alias-or-whitespace
amazon-2025-07.csv,96,quantity,1,1,N01-field-alias-or-whitespace
amazon-2025-07.csv,96,unit_price_usd,79.99,79.99,N01-field-alias-or-whitespace
amazon-2025-07.csv,97,order_date,2025-07-08,2025-07-08,N01-field-alias-or-whitespace
amazon-2025-07.csv,97,quantity,1,1,N01-field-alias-or-whitespace
amazon-2025-07.csv,97,unit_price_usd,79.99,79.99,N01-field-alias-or-whitespace
amazon-2025-07.csv,98,order_date,2025-07-08,2025-07-08,N01-field-alias-or-whitespace
amazon-2025-07.csv,98,quantity,3,3,N01-field-alias-or-whitespace
amazon-2025-07.csv,98,unit_price_usd,39.99,39.99,N01-field-alias-or-whitespace
amazon-2025-07.csv,99,order_date,2025-07-08,2025-07-08,N01-field-alias-or-whitespace
amazon-2025-07.csv,99,quantity,2,2,N01-field-alias-or-whitespace
amazon-2025-07.csv,99,unit_price_usd,39.99,39.99,N01-field-alias-or-whitespace
amazon-2025-07.csv,100,order_date,2025-07-08,2025-07-08,N01-field-alias-or-whitespace
amazon-2025-07.csv,100,country, us ,us,N01-field-alias-or-whitespace
amazon-2025-07.csv,100,quantity,3,3,N01-field-alias-or-whitespace
amazon-2025-07.csv,100,unit_price_usd,39.99,39.99,N01-field-alias-or-whitespace
amazon-2025-07.csv,101,order_date,2025-07-08,2025-07-08,N01-field-alias-or-whitespace
amazon-2025-07.csv,101,quantity,1,1,N01-field-alias-or-whitespace
amazon-2025-07.csv,101,unit_price_usd,59.99,59.99,N01-field-alias-or-whitespace
amazon-2025-07.csv,102,order_date,2025-07-08,2025-07-08,N01-field-alias-or-whitespace
amazon-2025-07.csv,102,quantity,1,1,N01-field-alias-or-whitespace
amazon-2025-07.csv,102,unit_price_usd,14.99,14.99,N01-field-alias-or-whitespace
amazon-2025-07.csv,103,order_date,2025-07-08,2025-07-08,N01-field-alias-or-whitespace
amazon-2025-07.csv,103,quantity,1,1,N01-field-alias-or-whitespace
amazon-2025-07.csv,103,unit_price_usd,24.99,24.99,N01-field-alias-or-whitespace
amazon-2025-07.csv,104,order_date,2025-07-08,2025-07-08,N01-field-alias-or-whitespace
amazon-2025-07.csv,104,quantity,1,1,N01-field-alias-or-whitespace
amazon-2025-07.csv,104,unit_price_usd,24.99,24.99,N01-field-alias-or-whitespace
amazon-2025-07.csv,105,order_date,2025-07-08,2025-07-08,N01-field-alias-or-whitespace
amazon-2025-07.csv,105,quantity,1,1,N01-field-alias-or-whitespace
amazon-2025-07.csv,105,unit_price_usd,14.99,14.99,N01-field-alias-or-whitespace
amazon-2025-07.csv,106,order_date,2025-07-08,2025-07-08,N01-field-alias-or-whitespace
amazon-2025-07.csv,106,quantity,3,3,N01-field-alias-or-whitespace
amazon-2025-07.csv,106,unit_price_usd,24.99,24.99,N01-field-alias-or-whitespace
amazon-2025-07.csv,107,order_date,2025-07-08,2025-07-08,N01-field-alias-or-whitespace
amazon-2025-07.csv,107,quantity,3,3,N01-field-alias-or-whitespace
amazon-2025-07.csv,107,unit_price_usd,$14.99,$14.99,N01-field-alias-or-whitespace
amazon-2025-07.csv,108,order_date,2025-07-08,2025-07-08,N01-field-alias-or-whitespace
amazon-2025-07.csv,108,quantity,3,3,N01-field-alias-or-whitespace
amazon-2025-07.csv,108,unit_price_usd,79.99,79.99,N01-field-alias-or-whitespace
amazon-2025-07.csv,109,order_date,2025/07/08,2025/07/08,N01-field-alias-or-whitespace
amazon-2025-07.csv,109,quantity,3,3,N01-field-alias-or-whitespace
amazon-2025-07.csv,109,unit_price_usd,14.99,14.99,N01-field-alias-or-whitespace
amazon-2025-07.csv,110,order_date,2025-07-08,2025-07-08,N01-field-alias-or-whitespace
amazon-2025-07.csv,110,quantity,2,2,N01-field-alias-or-whitespace
amazon-2025-07.csv,110,unit_price_usd,24.99,24.99,N01-field-alias-or-whitespace
amazon-2025-07.csv,111,order_date,2025-07-08,2025-07-08,N01-field-alias-or-whitespace
amazon-2025-07.csv,111,quantity,2,2,N01-field-alias-or-whitespace
amazon-2025-07.csv,111,unit_price_usd,39.99,39.99,N01-field-alias-or-whitespace
amazon-2025-07.csv,112,order_date,2025-07-08,2025-07-08,N01-field-alias-or-whitespace
amazon-2025-07.csv,112,quantity,3,3,N01-field-alias-or-whitespace
amazon-2025-07.csv,112,unit_price_usd,59.99,59.99,N01-field-alias-or-whitespace
amazon-2025-07.csv,113,order_date,2025-07-08,2025-07-08,N01-field-alias-or-whitespace
amazon-2025-07.csv,113,quantity,2,2,N01-field-alias-or-whitespace
amazon-2025-07.csv,113,unit_price_usd,59.99,59.99,N01-field-alias-or-whitespace
amazon-2025-07.csv,114,order_date,2025-07-09,2025-07-09,N01-field-alias-or-whitespace
amazon-2025-07.csv,114,quantity,3,3,N01-field-alias-or-whitespace
amazon-2025-07.csv,114,unit_price_usd,59.99,59.99,N01-field-alias-or-whitespace
amazon-2025-07.csv,115,order_date,2025-07-09,2025-07-09,N01-field-alias-or-whitespace
amazon-2025-07.csv,115,quantity,3,3,N01-field-alias-or-whitespace
amazon-2025-07.csv,115,unit_price_usd,24.99,24.99,N01-field-alias-or-whitespace
amazon-2025-07.csv,116,order_date,2025-07-09,2025-07-09,N01-field-alias-or-whitespace
amazon-2025-07.csv,116,quantity,3,3,N01-field-alias-or-whitespace
amazon-2025-07.csv,116,unit_price_usd,79.99,79.99,N01-field-alias-or-whitespace
amazon-2025-07.csv,117,order_date,2025-07-09,2025-07-09,N01-field-alias-or-whitespace
amazon-2025-07.csv,117,quantity,1,1,N01-field-alias-or-whitespace
amazon-2025-07.csv,117,unit_price_usd,59.99,59.99,N01-field-alias-or-whitespace
amazon-2025-07.csv,118,order_date,2025-07-09,2025-07-09,N01-field-alias-or-whitespace
amazon-2025-07.csv,118,quantity,2,2,N01-field-alias-or-whitespace
amazon-2025-07.csv,118,unit_price_usd,79.99,79.99,N01-field-alias-or-whitespace
amazon-2025-07.csv,119,order_date,2025/07/09,2025/07/09,N01-field-alias-or-whitespace
amazon-2025-07.csv,119,quantity,3,3,N01-field-alias-or-whitespace
amazon-2025-07.csv,119,unit_price_usd,59.99,59.99,N01-field-alias-or-whitespace
amazon-2025-07.csv,120,order_date,2025-07-09,2025-07-09,N01-field-alias-or-whitespace
amazon-2025-07.csv,120,quantity,2,2,N01-field-alias-or-whitespace
amazon-2025-07.csv,120,unit_price_usd,79.99,79.99,N01-field-alias-or-whitespace
amazon-2025-07.csv,121,order_date,2025-07-09,2025-07-09,N01-field-alias-or-whitespace
amazon-2025-07.csv,121,country, us ,us,N01-field-alias-or-whitespace
amazon-2025-07.csv,121,quantity,2,2,N01-field-alias-or-whitespace
amazon-2025-07.csv,121,unit_price_usd,24.99,24.99,N01-field-alias-or-whitespace
amazon-2025-07.csv,122,order_date,2025-07-09,2025-07-09,N01-field-alias-or-whitespace
amazon-2025-07.csv,122,quantity,3,3,N01-field-alias-or-whitespace
amazon-2025-07.csv,122,unit_price_usd,59.99,59.99,N01-field-alias-or-whitespace
amazon-2025-07.csv,123,order_date,2025-07-09,2025-07-09,N01-field-alias-or-whitespace
amazon-2025-07.csv,123,quantity,3,3,N01-field-alias-or-whitespace
amazon-2025-07.csv,123,unit_price_usd,39.99,39.99,N01-field-alias-or-whitespace
amazon-2025-07.csv,124,order_date,2025-07-09,2025-07-09,N01-field-alias-or-whitespace
amazon-2025-07.csv,124,quantity,3,3,N01-field-alias-or-whitespace
amazon-2025-07.csv,124,unit_price_usd,39.99,39.99,N01-field-alias-or-whitespace
amazon-2025-07.csv,125,order_date,2025-07-09,2025-07-09,N01-field-alias-or-whitespace
amazon-2025-07.csv,125,quantity,3,3,N01-field-alias-or-whitespace
amazon-2025-07.csv,125,unit_price_usd,79.99,79.99,N01-field-alias-or-whitespace
amazon-2025-07.csv,126,order_date,2025-07-09,2025-07-09,N01-field-alias-or-whitespace
amazon-2025-07.csv,126,quantity,3,3,N01-field-alias-or-whitespace
amazon-2025-07.csv,126,unit_price_usd,14.99,14.99,N01-field-alias-or-whitespace
amazon-2025-07.csv,127,order_date,2025-07-09,2025-07-09,N01-field-alias-or-whitespace
amazon-2025-07.csv,127,quantity,2,2,N01-field-alias-or-whitespace
amazon-2025-07.csv,127,unit_price_usd,24.99,24.99,N01-field-alias-or-whitespace
amazon-2025-07.csv,128,order_date,2025-07-09,2025-07-09,N01-field-alias-or-whitespace
amazon-2025-07.csv,128,quantity,3,3,N01-field-alias-or-whitespace
amazon-2025-07.csv,128,unit_price_usd,79.99,79.99,N01-field-alias-or-whitespace
amazon-2025-07.csv,129,order_date,2025/07/10,2025/07/10,N01-field-alias-or-whitespace
amazon-2025-07.csv,129,quantity,1,1,N01-field-alias-or-whitespace
amazon-2025-07.csv,129,unit_price_usd,14.99,14.99,N01-field-alias-or-whitespace
amazon-2025-07.csv,130,order_date,2025-07-10,2025-07-10,N01-field-alias-or-whitespace
amazon-2025-07.csv,130,quantity,1,1,N01-field-alias-or-whitespace
amazon-2025-07.csv,130,unit_price_usd,59.99,59.99,N01-field-alias-or-whitespace
amazon-2025-07.csv,131,order_date,2025-07-10,2025-07-10,N01-field-alias-or-whitespace
amazon-2025-07.csv,131,quantity,3,3,N01-field-alias-or-whitespace
amazon-2025-07.csv,131,unit_price_usd,24.99,24.99,N01-field-alias-or-whitespace
amazon-2025-07.csv,132,order_date,2025-07-10,2025-07-10,N01-field-alias-or-whitespace
amazon-2025-07.csv,132,quantity,2,2,N01-field-alias-or-whitespace
amazon-2025-07.csv,132,unit_price_usd,59.99,59.99,N01-field-alias-or-whitespace
amazon-2025-07.csv,133,order_date,2025-07-10,2025-07-10,N01-field-alias-or-whitespace
amazon-2025-07.csv,133,quantity,3,3,N01-field-alias-or-whitespace
amazon-2025-07.csv,133,unit_price_usd,59.99,59.99,N01-field-alias-or-whitespace
amazon-2025-07.csv,134,order_date,2025-07-10,2025-07-10,N01-field-alias-or-whitespace
amazon-2025-07.csv,134,quantity,2,2,N01-field-alias-or-whitespace
amazon-2025-07.csv,134,unit_price_usd,39.99,39.99,N01-field-alias-or-whitespace
amazon-2025-07.csv,135,order_date,2025-07-10,2025-07-10,N01-field-alias-or-whitespace
amazon-2025-07.csv,135,quantity,1,1,N01-field-alias-or-whitespace
amazon-2025-07.csv,135,unit_price_usd,39.99,39.99,N01-field-alias-or-whitespace
amazon-2025-07.csv,136,order_date,2025-07-10,2025-07-10,N01-field-alias-or-whitespace
amazon-2025-07.csv,136,quantity,2,2,N01-field-alias-or-whitespace
amazon-2025-07.csv,136,unit_price_usd,24.99,24.99,N01-field-alias-or-whitespace
amazon-2025-07.csv,137,order_date,2025-07-10,2025-07-10,N01-field-alias-or-whitespace
amazon-2025-07.csv,137,quantity,1,1,N01-field-alias-or-whitespace
amazon-2025-07.csv,137,unit_price_usd,79.99,79.99,N01-field-alias-or-whitespace
amazon-2025-07.csv,138,order_date,2025-07-10,2025-07-10,N01-field-alias-or-whitespace
amazon-2025-07.csv,138,quantity,3,3,N01-field-alias-or-whitespace
amazon-2025-07.csv,138,unit_price_usd,$14.99,$14.99,N01-field-alias-or-whitespace
amazon-2025-07.csv,139,order_date,2025-07-10,2025-07-10,N01-field-alias-or-whitespace
amazon-2025-07.csv,139,quantity,3,3,N01-field-alias-or-whitespace
amazon-2025-07.csv,139,unit_price_usd,24.99,24.99,N01-field-alias-or-whitespace
amazon-2025-07.csv,140,order_date,2025-07-10,2025-07-10,N01-field-alias-or-whitespace
amazon-2025-07.csv,140,quantity,2,2,N01-field-alias-or-whitespace
amazon-2025-07.csv,140,unit_price_usd,24.99,24.99,N01-field-alias-or-whitespace
amazon-2025-07.csv,141,order_date,2025-07-10,2025-07-10,N01-field-alias-or-whitespace
amazon-2025-07.csv,141,quantity,3,3,N01-field-alias-or-whitespace
amazon-2025-07.csv,141,unit_price_usd,39.99,39.99,N01-field-alias-or-whitespace
amazon-2025-07.csv,142,order_date,2025-07-10,2025-07-10,N01-field-alias-or-whitespace
amazon-2025-07.csv,142,country, ca ,ca,N01-field-alias-or-whitespace
amazon-2025-07.csv,142,quantity,1,1,N01-field-alias-or-whitespace
amazon-2025-07.csv,142,unit_price_usd,79.99,79.99,N01-field-alias-or-whitespace
amazon-2025-07.csv,143,order_date,2025-07-10,2025-07-10,N01-field-alias-or-whitespace
amazon-2025-07.csv,143,quantity,1,1,N01-field-alias-or-whitespace
amazon-2025-07.csv,143,unit_price_usd,59.99,59.99,N01-field-alias-or-whitespace
amazon-2025-07.csv,144,order_date,2025-07-11,2025-07-11,N01-field-alias-or-whitespace
amazon-2025-07.csv,144,quantity,1,1,N01-field-alias-or-whitespace
amazon-2025-07.csv,144,unit_price_usd,59.99,59.99,N01-field-alias-or-whitespace
amazon-2025-07.csv,145,order_date,2025-07-11,2025-07-11,N01-field-alias-or-whitespace
amazon-2025-07.csv,145,country, us ,us,N01-field-alias-or-whitespace
amazon-2025-07.csv,145,quantity,3,3,N01-field-alias-or-whitespace
amazon-2025-07.csv,145,unit_price_usd,39.99,39.99,N01-field-alias-or-whitespace
amazon-2025-07.csv,146,order_date,2025-07-11,2025-07-11,N01-field-alias-or-whitespace
amazon-2025-07.csv,146,quantity,3,3,N01-field-alias-or-whitespace
amazon-2025-07.csv,146,unit_price_usd,59.99,59.99,N01-field-alias-or-whitespace
amazon-2025-07.csv,147,order_date,2025-07-11,2025-07-11,N01-field-alias-or-whitespace
amazon-2025-07.csv,147,quantity,3,3,N01-field-alias-or-whitespace
amazon-2025-07.csv,147,unit_price_usd,14.99,14.99,N01-field-alias-or-whitespace
amazon-2025-07.csv,148,order_date,2025-07-11,2025-07-11,N01-field-alias-or-whitespace
amazon-2025-07.csv,148,quantity,2,2,N01-field-alias-or-whitespace
amazon-2025-07.csv,148,unit_price_usd,79.99,79.99,N01-field-alias-or-whitespace
amazon-2025-07.csv,149,order_date,2025-07-11,2025-07-11,N01-field-alias-or-whitespace
amazon-2025-07.csv,149,quantity,3,3,N01-field-alias-or-whitespace
amazon-2025-07.csv,149,unit_price_usd,24.99,24.99,N01-field-alias-or-whitespace
amazon-2025-07.csv,150,order_date,2025-07-11,2025-07-11,N01-field-alias-or-whitespace
amazon-2025-07.csv,150,quantity,2,2,N01-field-alias-or-whitespace
amazon-2025-07.csv,150,unit_price_usd,59.99,59.99,N01-field-alias-or-whitespace
amazon-2025-07.csv,151,order_date,2025-07-11,2025-07-11,N01-field-alias-or-whitespace
amazon-2025-07.csv,151,quantity,1,1,N01-field-alias-or-whitespace
amazon-2025-07.csv,151,unit_price_usd,59.99,59.99,N01-field-alias-or-whitespace
amazon-2025-07.csv,152,order_date,2025-07-11,2025-07-11,N01-field-alias-or-whitespace
amazon-2025-07.csv,152,quantity,2,2,N01-field-alias-or-whitespace
amazon-2025-07.csv,152,unit_price_usd,24.99,24.99,N01-field-alias-or-whitespace
amazon-2025-07.csv,153,order_date,2025-07-11,2025-07-11,N01-field-alias-or-whitespace
amazon-2025-07.csv,153,quantity,2,2,N01-field-alias-or-whitespace
amazon-2025-07.csv,153,unit_price_usd,79.99,79.99,N01-field-alias-or-whitespace
amazon-2025-07.csv,154,order_date,2025-07-11,2025-07-11,N01-field-alias-or-whitespace
amazon-2025-07.csv,154,quantity,1,1,N01-field-alias-or-whitespace
amazon-2025-07.csv,154,unit_price_usd,59.99,59.99,N01-field-alias-or-whitespace
amazon-2025-07.csv,155,order_date,2025-07-11,2025-07-11,N01-field-alias-or-whitespace
amazon-2025-07.csv,155,quantity,1,1,N01-field-alias-or-whitespace
amazon-2025-07.csv,155,unit_price_usd,39.99,39.99,N01-field-alias-or-whitespace
amazon-2025-07.csv,156,order_date,2025-07-11,2025-07-11,N01-field-alias-or-whitespace
amazon-2025-07.csv,156,quantity,3,3,N01-field-alias-or-whitespace
amazon-2025-07.csv,156,unit_price_usd,79.99,79.99,N01-field-alias-or-whitespace
amazon-2025-07.csv,157,order_date,2025-07-11,2025-07-11,N01-field-alias-or-whitespace
amazon-2025-07.csv,157,quantity,1,1,N01-field-alias-or-whitespace
amazon-2025-07.csv,157,unit_price_usd,59.99,59.99,N01-field-alias-or-whitespace
amazon-2025-07.csv,158,order_date,2025-07-11,2025-07-11,N01-field-alias-or-whitespace
amazon-2025-07.csv,158,quantity,3,3,N01-field-alias-or-whitespace
amazon-2025-07.csv,158,unit_price_usd,39.99,39.99,N01-field-alias-or-whitespace
amazon-2025-07.csv,159,order_date,2025-07-11,2025-07-11,N01-field-alias-or-whitespace
amazon-2025-07.csv,159,quantity,2,2,N01-field-alias-or-whitespace
amazon-2025-07.csv,159,unit_price_usd,59.99,59.99,N01-field-alias-or-whitespace
amazon-2025-07.csv,160,order_date,2025-07-12,2025-07-12,N01-field-alias-or-whitespace
amazon-2025-07.csv,160,quantity,2,2,N01-field-alias-or-whitespace
amazon-2025-07.csv,160,unit_price_usd,24.99,24.99,N01-field-alias-or-whitespace
amazon-2025-07.csv,161,order_date,2025-07-12,2025-07-12,N01-field-alias-or-whitespace
amazon-2025-07.csv,161,quantity,1,1,N01-field-alias-or-whitespace
amazon-2025-07.csv,161,unit_price_usd,14.99,14.99,N01-field-alias-or-whitespace
amazon-2025-07.csv,162,order_date,2025-07-12,2025-07-12,N01-field-alias-or-whitespace
amazon-2025-07.csv,162,quantity,3,3,N01-field-alias-or-whitespace
amazon-2025-07.csv,162,unit_price_usd,14.99,14.99,N01-field-alias-or-whitespace
amazon-2025-07.csv,163,order_date,2025-07-12,2025-07-12,N01-field-alias-or-whitespace
amazon-2025-07.csv,163,quantity,2,2,N01-field-alias-or-whitespace
amazon-2025-07.csv,163,unit_price_usd,79.99,79.99,N01-field-alias-or-whitespace
amazon-2025-07.csv,164,order_date,2025-07-12,2025-07-12,N01-field-alias-or-whitespace
amazon-2025-07.csv,164,quantity,2,2,N01-field-alias-or-whitespace
amazon-2025-07.csv,164,unit_price_usd,24.99,24.99,N01-field-alias-or-whitespace
amazon-2025-07.csv,165,order_date,2025-07-12,2025-07-12,N01-field-alias-or-whitespace
amazon-2025-07.csv,165,quantity,3,3,N01-field-alias-or-whitespace
amazon-2025-07.csv,165,unit_price_usd,14.99,14.99,N01-field-alias-or-whitespace
amazon-2025-07.csv,166,order_date,2025-07-12,2025-07-12,N01-field-alias-or-whitespace
amazon-2025-07.csv,166,country, uk ,uk,N01-field-alias-or-whitespace
amazon-2025-07.csv,166,quantity,2,2,N01-field-alias-or-whitespace
amazon-2025-07.csv,166,unit_price_usd,39.99,39.99,N01-field-alias-or-whitespace
amazon-2025-07.csv,167,order_date,2025-07-12,2025-07-12,N01-field-alias-or-whitespace
amazon-2025-07.csv,167,quantity,2,2,N01-field-alias-or-whitespace
amazon-2025-07.csv,167,unit_price_usd,24.99,24.99,N01-field-alias-or-whitespace
amazon-2025-07.csv,168,order_date,2025-07-12,2025-07-12,N01-field-alias-or-whitespace
amazon-2025-07.csv,168,quantity,2,2,N01-field-alias-or-whitespace
amazon-2025-07.csv,168,unit_price_usd,$59.99,$59.99,N01-field-alias-or-whitespace
amazon-2025-07.csv,169,order_date,2025-07-12,2025-07-12,N01-field-alias-or-whitespace
amazon-2025-07.csv,169,quantity,1,1,N01-field-alias-or-whitespace
amazon-2025-07.csv,169,unit_price_usd,79.99,79.99,N01-field-alias-or-whitespace
amazon-2025-07.csv,170,order_date,2025-07-12,2025-07-12,N01-field-alias-or-whitespace
amazon-2025-07.csv,170,quantity,3,3,N01-field-alias-or-whitespace
amazon-2025-07.csv,170,unit_price_usd,14.99,14.99,N01-field-alias-or-whitespace
amazon-2025-07.csv,171,order_date,2025/07/12,2025/07/12,N01-field-alias-or-whitespace
amazon-2025-07.csv,171,quantity,3,3,N01-field-alias-or-whitespace
amazon-2025-07.csv,171,unit_price_usd,39.99,39.99,N01-field-alias-or-whitespace
amazon-2025-07.csv,172,order_date,2025-07-12,2025-07-12,N01-field-alias-or-whitespace
amazon-2025-07.csv,172,quantity,3,3,N01-field-alias-or-whitespace
amazon-2025-07.csv,172,unit_price_usd,24.99,24.99,N01-field-alias-or-whitespace
amazon-2025-07.csv,173,order_date,2025-07-12,2025-07-12,N01-field-alias-or-whitespace
amazon-2025-07.csv,173,quantity,2,2,N01-field-alias-or-whitespace
amazon-2025-07.csv,173,unit_price_usd,14.99,14.99,N01-field-alias-or-whitespace
amazon-2025-07.csv,174,order_date,2025-07-13,2025-07-13,N01-field-alias-or-whitespace
amazon-2025-07.csv,174,quantity,3,3,N01-field-alias-or-whitespace
amazon-2025-07.csv,174,unit_price_usd,24.99,24.99,N01-field-alias-or-whitespace
amazon-2025-07.csv,175,order_date,2025-07-13,2025-07-13,N01-field-alias-or-whitespace
amazon-2025-07.csv,175,quantity,3,3,N01-field-alias-or-whitespace
amazon-2025-07.csv,175,unit_price_usd,79.99,79.99,N01-field-alias-or-whitespace
amazon-2025-07.csv,176,order_date,2025-07-13,2025-07-13,N01-field-alias-or-whitespace
amazon-2025-07.csv,176,quantity,3,3,N01-field-alias-or-whitespace
amazon-2025-07.csv,176,unit_price_usd,39.99,39.99,N01-field-alias-or-whitespace
amazon-2025-07.csv,177,order_date,2025-07-13,2025-07-13,N01-field-alias-or-whitespace
amazon-2025-07.csv,177,quantity,3,3,N01-field-alias-or-whitespace
amazon-2025-07.csv,177,unit_price_usd,59.99,59.99,N01-field-alias-or-whitespace
amazon-2025-07.csv,178,order_date,2025-07-13,2025-07-13,N01-field-alias-or-whitespace
amazon-2025-07.csv,178,quantity,1,1,N01-field-alias-or-whitespace
amazon-2025-07.csv,178,unit_price_usd,79.99,79.99,N01-field-alias-or-whitespace
amazon-2025-07.csv,179,order_date,2025-07-13,2025-07-13,N01-field-alias-or-whitespace
amazon-2025-07.csv,179,quantity,2,2,N01-field-alias-or-whitespace
amazon-2025-07.csv,179,unit_price_usd,79.99,79.99,N01-field-alias-or-whitespace
amazon-2025-07.csv,180,order_date,2025/07/13,2025/07/13,N01-field-alias-or-whitespace
amazon-2025-07.csv,180,quantity,2,2,N01-field-alias-or-whitespace
amazon-2025-07.csv,180,unit_price_usd,39.99,39.99,N01-field-alias-or-whitespace
amazon-2025-07.csv,181,order_date,2025-07-13,2025-07-13,N01-field-alias-or-whitespace
amazon-2025-07.csv,181,quantity,1,1,N01-field-alias-or-whitespace
amazon-2025-07.csv,181,unit_price_usd,39.99,39.99,N01-field-alias-or-whitespace
amazon-2025-07.csv,182,order_date,2025-07-13,2025-07-13,N01-field-alias-or-whitespace
amazon-2025-07.csv,182,quantity,1,1,N01-field-alias-or-whitespace
amazon-2025-07.csv,182,unit_price_usd,79.99,79.99,N01-field-alias-or-whitespace
amazon-2025-07.csv,183,order_date,2025-07-13,2025-07-13,N01-field-alias-or-whitespace
amazon-2025-07.csv,183,quantity,1,1,N01-field-alias-or-whitespace
amazon-2025-07.csv,183,unit_price_usd,79.99,79.99,N01-field-alias-or-whitespace
amazon-2025-07.csv,184,order_date,2025-07-13,2025-07-13,N01-field-alias-or-whitespace
amazon-2025-07.csv,184,quantity,3,3,N01-field-alias-or-whitespace
amazon-2025-07.csv,184,unit_price_usd,59.99,59.99,N01-field-alias-or-whitespace
amazon-2025-07.csv,185,order_date,2025-07-13,2025-07-13,N01-field-alias-or-whitespace
amazon-2025-07.csv,185,quantity,1,1,N01-field-alias-or-whitespace
amazon-2025-07.csv,185,unit_price_usd,79.99,79.99,N01-field-alias-or-whitespace
amazon-2025-07.csv,186,order_date,2025-07-13,2025-07-13,N01-field-alias-or-whitespace
amazon-2025-07.csv,186,country, ca ,ca,N01-field-alias-or-whitespace
amazon-2025-07.csv,186,quantity,1,1,N01-field-alias-or-whitespace
amazon-2025-07.csv,186,unit_price_usd,79.99,79.99,N01-field-alias-or-whitespace
amazon-2025-07.csv,187,order_date,2025-07-13,2025-07-13,N01-field-alias-or-whitespace
amazon-2025-07.csv,187,quantity,3,3,N01-field-alias-or-whitespace
amazon-2025-07.csv,187,unit_price_usd,24.99,24.99,N01-field-alias-or-whitespace
amazon-2025-07.csv,188,order_date,2025-07-13,2025-07-13,N01-field-alias-or-whitespace
amazon-2025-07.csv,188,quantity,1,1,N01-field-alias-or-whitespace
amazon-2025-07.csv,188,unit_price_usd,24.99,24.99,N01-field-alias-or-whitespace
amazon-2025-07.csv,189,order_date,2025-07-14,2025-07-14,N01-field-alias-or-whitespace
amazon-2025-07.csv,189,quantity,3,3,N01-field-alias-or-whitespace
amazon-2025-07.csv,189,unit_price_usd,59.99,59.99,N01-field-alias-or-whitespace
amazon-2025-07.csv,190,order_date,2025/07/14,2025/07/14,N01-field-alias-or-whitespace
amazon-2025-07.csv,190,country, us ,us,N01-field-alias-or-whitespace
amazon-2025-07.csv,190,quantity,1,1,N01-field-alias-or-whitespace
amazon-2025-07.csv,190,unit_price_usd,14.99,14.99,N01-field-alias-or-whitespace
amazon-2025-07.csv,191,order_date,2025-07-14,2025-07-14,N01-field-alias-or-whitespace
amazon-2025-07.csv,191,quantity,1,1,N01-field-alias-or-whitespace
amazon-2025-07.csv,191,unit_price_usd,14.99,14.99,N01-field-alias-or-whitespace
amazon-2025-07.csv,192,order_date,2025-07-14,2025-07-14,N01-field-alias-or-whitespace
amazon-2025-07.csv,192,quantity,3,3,N01-field-alias-or-whitespace
amazon-2025-07.csv,192,unit_price_usd,79.99,79.99,N01-field-alias-or-whitespace
amazon-2025-07.csv,193,order_date,2025-07-14,2025-07-14,N01-field-alias-or-whitespace
amazon-2025-07.csv,193,quantity,3,3,N01-field-alias-or-whitespace
amazon-2025-07.csv,193,unit_price_usd,14.99,14.99,N01-field-alias-or-whitespace
amazon-2025-07.csv,194,order_date,2025-07-14,2025-07-14,N01-field-alias-or-whitespace
amazon-2025-07.csv,194,quantity,3,3,N01-field-alias-or-whitespace
amazon-2025-07.csv,194,unit_price_usd,79.99,79.99,N01-field-alias-or-whitespace
amazon-2025-07.csv,195,order_date,2025-07-14,2025-07-14,N01-field-alias-or-whitespace
amazon-2025-07.csv,195,quantity,1,1,N01-field-alias-or-whitespace
amazon-2025-07.csv,195,unit_price_usd,24.99,24.99,N01-field-alias-or-whitespace
amazon-2025-07.csv,196,order_date,2025-07-14,2025-07-14,N01-field-alias-or-whitespace
amazon-2025-07.csv,196,quantity,3,3,N01-field-alias-or-whitespace
amazon-2025-07.csv,196,unit_price_usd,59.99,59.99,N01-field-alias-or-whitespace
amazon-2025-07.csv,197,order_date,2025-07-14,2025-07-14,N01-field-alias-or-whitespace
amazon-2025-07.csv,197,quantity,3,3,N01-field-alias-or-whitespace
amazon-2025-07.csv,197,unit_price_usd,59.99,59.99,N01-field-alias-or-whitespace
amazon-2025-07.csv,198,order_date,2025-07-14,2025-07-14,N01-field-alias-or-whitespace
amazon-2025-07.csv,198,quantity,3,3,N01-field-alias-or-whitespace
amazon-2025-07.csv,198,unit_price_usd,$39.99,$39.99,N01-field-alias-or-whitespace
amazon-2025-07.csv,199,order_date,2025-07-14,2025-07-14,N01-field-alias-or-whitespace
amazon-2025-07.csv,199,quantity,2,2,N01-field-alias-or-whitespace
amazon-2025-07.csv,199,unit_price_usd,59.99,59.99,N01-field-alias-or-whitespace
amazon-2025-07.csv,200,order_date,2025-07-14,2025-07-14,N01-field-alias-or-whitespace
amazon-2025-07.csv,200,quantity,1,1,N01-field-alias-or-whitespace
amazon-2025-07.csv,200,unit_price_usd,79.99,79.99,N01-field-alias-or-whitespace
amazon-2025-07.csv,201,order_date,2025-07-14,2025-07-14,N01-field-alias-or-whitespace
amazon-2025-07.csv,201,quantity,2,2,N01-field-alias-or-whitespace
amazon-2025-07.csv,201,unit_price_usd,14.99,14.99,N01-field-alias-or-whitespace
amazon-2025-07.csv,202,order_date,2025-07-14,2025-07-14,N01-field-alias-or-whitespace
amazon-2025-07.csv,202,quantity,3,3,N01-field-alias-or-whitespace
amazon-2025-07.csv,202,unit_price_usd,24.99,24.99,N01-field-alias-or-whitespace
amazon-2025-07.csv,203,order_date,2025-07-15,2025-07-15,N01-field-alias-or-whitespace
amazon-2025-07.csv,203,quantity,3,3,N01-field-alias-or-whitespace
amazon-2025-07.csv,203,unit_price_usd,14.99,14.99,N01-field-alias-or-whitespace
amazon-2025-07.csv,204,order_date,2025-07-15,2025-07-15,N01-field-alias-or-whitespace
amazon-2025-07.csv,204,quantity,1,1,N01-field-alias-or-whitespace
amazon-2025-07.csv,204,unit_price_usd,59.99,59.99,N01-field-alias-or-whitespace
amazon-2025-07.csv,205,order_date,2025-07-15,2025-07-15,N01-field-alias-or-whitespace
amazon-2025-07.csv,205,quantity,1,1,N01-field-alias-or-whitespace
amazon-2025-07.csv,205,unit_price_usd,$59.99,$59.99,N01-field-alias-or-whitespace
amazon-2025-07.csv,206,order_date,2025-07-15,2025-07-15,N01-field-alias-or-whitespace
amazon-2025-07.csv,206,quantity,3,3,N01-field-alias-or-whitespace
amazon-2025-07.csv,206,unit_price_usd,79.99,79.99,N01-field-alias-or-whitespace
amazon-2025-07.csv,207,order_date,2025-07-15,2025-07-15,N01-field-alias-or-whitespace
amazon-2025-07.csv,207,quantity,1,1,N01-field-alias-or-whitespace
amazon-2025-07.csv,207,unit_price_usd,59.99,59.99,N01-field-alias-or-whitespace
amazon-2025-07.csv,208,order_date,2025-07-15,2025-07-15,N01-field-alias-or-whitespace
amazon-2025-07.csv,208,quantity,2,2,N01-field-alias-or-whitespace
amazon-2025-07.csv,208,unit_price_usd,39.99,39.99,N01-field-alias-or-whitespace
amazon-2025-07.csv,209,order_date,2025-07-15,2025-07-15,N01-field-alias-or-whitespace
amazon-2025-07.csv,209,quantity,1,1,N01-field-alias-or-whitespace
amazon-2025-07.csv,209,unit_price_usd,14.99,14.99,N01-field-alias-or-whitespace
amazon-2025-07.csv,210,order_date,2025-07-15,2025-07-15,N01-field-alias-or-whitespace
amazon-2025-07.csv,210,quantity,2,2,N01-field-alias-or-whitespace
amazon-2025-07.csv,210,unit_price_usd,24.99,24.99,N01-field-alias-or-whitespace
amazon-2025-07.csv,211,order_date,2025-07-15,2025-07-15,N01-field-alias-or-whitespace
amazon-2025-07.csv,211,quantity,1,1,N01-field-alias-or-whitespace
amazon-2025-07.csv,211,unit_price_usd,24.99,24.99,N01-field-alias-or-whitespace
amazon-2025-07.csv,212,order_date,2025-07-15,2025-07-15,N01-field-alias-or-whitespace
amazon-2025-07.csv,212,country, us ,us,N01-field-alias-or-whitespace
amazon-2025-07.csv,212,quantity,1,1,N01-field-alias-or-whitespace
amazon-2025-07.csv,212,unit_price_usd,14.99,14.99,N01-field-alias-or-whitespace
amazon-2025-07.csv,213,order_date,2025-07-15,2025-07-15,N01-field-alias-or-whitespace
amazon-2025-07.csv,213,quantity,1,1,N01-field-alias-or-whitespace
amazon-2025-07.csv,213,unit_price_usd,14.99,14.99,N01-field-alias-or-whitespace
amazon-2025-07.csv,214,order_date,2025-07-15,2025-07-15,N01-field-alias-or-whitespace
amazon-2025-07.csv,214,quantity,1,1,N01-field-alias-or-whitespace
amazon-2025-07.csv,214,unit_price_usd,59.99,59.99,N01-field-alias-or-whitespace
amazon-2025-07.csv,215,order_date,2025-07-15,2025-07-15,N01-field-alias-or-whitespace
amazon-2025-07.csv,215,quantity,2,2,N01-field-alias-or-whitespace
amazon-2025-07.csv,215,unit_price_usd,14.99,14.99,N01-field-alias-or-whitespace
amazon-2025-07.csv,216,order_date,2025-07-15,2025-07-15,N01-field-alias-or-whitespace
amazon-2025-07.csv,216,quantity,1,1,N01-field-alias-or-whitespace
amazon-2025-07.csv,216,unit_price_usd,39.99,39.99,N01-field-alias-or-whitespace
amazon-2025-07.csv,217,order_date,2025-07-16,2025-07-16,N01-field-alias-or-whitespace
amazon-2025-07.csv,217,quantity,1,1,N01-field-alias-or-whitespace
amazon-2025-07.csv,217,unit_price_usd,14.99,14.99,N01-field-alias-or-whitespace
amazon-2025-07.csv,218,order_date,2025-07-16,2025-07-16,N01-field-alias-or-whitespace
amazon-2025-07.csv,218,quantity,3,3,N01-field-alias-or-whitespace
amazon-2025-07.csv,218,unit_price_usd,79.99,79.99,N01-field-alias-or-whitespace
amazon-2025-07.csv,219,order_date,2025-07-16,2025-07-16,N01-field-alias-or-whitespace
amazon-2025-07.csv,219,quantity,1,1,N01-field-alias-or-whitespace
amazon-2025-07.csv,219,unit_price_usd,39.99,39.99,N01-field-alias-or-whitespace
amazon-2025-07.csv,220,order_date,2025-07-16,2025-07-16,N01-field-alias-or-whitespace
amazon-2025-07.csv,220,quantity,2,2,N01-field-alias-or-whitespace
amazon-2025-07.csv,220,unit_price_usd,79.99,79.99,N01-field-alias-or-whitespace
amazon-2025-07.csv,221,order_date,2025-07-16,2025-07-16,N01-field-alias-or-whitespace
amazon-2025-07.csv,221,quantity,3,3,N01-field-alias-or-whitespace
amazon-2025-07.csv,221,unit_price_usd,14.99,14.99,N01-field-alias-or-whitespace
amazon-2025-07.csv,222,order_date,2025-07-16,2025-07-16,N01-field-alias-or-whitespace
amazon-2025-07.csv,222,quantity,3,3,N01-field-alias-or-whitespace
amazon-2025-07.csv,222,unit_price_usd,59.99,59.99,N01-field-alias-or-whitespace
amazon-2025-07.csv,223,order_date,2025-07-16,2025-07-16,N01-field-alias-or-whitespace
amazon-2025-07.csv,223,quantity,3,3,N01-field-alias-or-whitespace
amazon-2025-07.csv,223,unit_price_usd,79.99,79.99,N01-field-alias-or-whitespace
amazon-2025-07.csv,224,order_date,2025-07-16,2025-07-16,N01-field-alias-or-whitespace
amazon-2025-07.csv,224,quantity,3,3,N01-field-alias-or-whitespace
amazon-2025-07.csv,224,unit_price_usd,24.99,24.99,N01-field-alias-or-whitespace
amazon-2025-07.csv,225,order_date,2025-07-16,2025-07-16,N01-field-alias-or-whitespace
amazon-2025-07.csv,225,quantity,1,1,N01-field-alias-or-whitespace
amazon-2025-07.csv,225,unit_price_usd,24.99,24.99,N01-field-alias-or-whitespace
amazon-2025-07.csv,226,order_date,2025-07-16,2025-07-16,N01-field-alias-or-whitespace
amazon-2025-07.csv,226,quantity,1,1,N01-field-alias-or-whitespace
amazon-2025-07.csv,226,unit_price_usd,14.99,14.99,N01-field-alias-or-whitespace
amazon-2025-07.csv,227,order_date,2025-07-16,2025-07-16,N01-field-alias-or-whitespace
amazon-2025-07.csv,227,quantity,2,2,N01-field-alias-or-whitespace
amazon-2025-07.csv,227,unit_price_usd,24.99,24.99,N01-field-alias-or-whitespace
amazon-2025-07.csv,228,order_date,2025-07-16,2025-07-16,N01-field-alias-or-whitespace
amazon-2025-07.csv,228,quantity,3,3,N01-field-alias-or-whitespace
amazon-2025-07.csv,228,unit_price_usd,24.99,24.99,N01-field-alias-or-whitespace
amazon-2025-07.csv,229,order_date,2025-07-16,2025-07-16,N01-field-alias-or-whitespace
amazon-2025-07.csv,229,quantity,3,3,N01-field-alias-or-whitespace
amazon-2025-07.csv,229,unit_price_usd,$14.99,$14.99,N01-field-alias-or-whitespace
amazon-2025-07.csv,230,order_date,2025-07-17,2025-07-17,N01-field-alias-or-whitespace
amazon-2025-07.csv,230,quantity,3,3,N01-field-alias-or-whitespace
amazon-2025-07.csv,230,unit_price_usd,39.99,39.99,N01-field-alias-or-whitespace
amazon-2025-07.csv,231,order_date,2025-07-17,2025-07-17,N01-field-alias-or-whitespace
amazon-2025-07.csv,231,quantity,1,1,N01-field-alias-or-whitespace
amazon-2025-07.csv,231,unit_price_usd,59.99,59.99,N01-field-alias-or-whitespace
amazon-2025-07.csv,232,order_date,2025-07-17,2025-07-17,N01-field-alias-or-whitespace
amazon-2025-07.csv,232,quantity,2,2,N01-field-alias-or-whitespace
amazon-2025-07.csv,232,unit_price_usd,39.99,39.99,N01-field-alias-or-whitespace
amazon-2025-07.csv,233,order_date,2025-07-17,2025-07-17,N01-field-alias-or-whitespace
amazon-2025-07.csv,233,quantity,1,1,N01-field-alias-or-whitespace
amazon-2025-07.csv,233,unit_price_usd,$24.99,$24.99,N01-field-alias-or-whitespace
amazon-2025-07.csv,234,order_date,2025-07-17,2025-07-17,N01-field-alias-or-whitespace
amazon-2025-07.csv,234,country, us ,us,N01-field-alias-or-whitespace
amazon-2025-07.csv,234,quantity,3,3,N01-field-alias-or-whitespace
amazon-2025-07.csv,234,unit_price_usd,79.99,79.99,N01-field-alias-or-whitespace
amazon-2025-07.csv,235,order_date,2025-07-17,2025-07-17,N01-field-alias-or-whitespace
amazon-2025-07.csv,235,quantity,3,3,N01-field-alias-or-whitespace
amazon-2025-07.csv,235,unit_price_usd,79.99,79.99,N01-field-alias-or-whitespace
amazon-2025-07.csv,236,order_date,2025-07-17,2025-07-17,N01-field-alias-or-whitespace
amazon-2025-07.csv,236,quantity,2,2,N01-field-alias-or-whitespace
amazon-2025-07.csv,236,unit_price_usd,39.99,39.99,N01-field-alias-or-whitespace
amazon-2025-07.csv,237,order_date,2025-07-17,2025-07-17,N01-field-alias-or-whitespace
amazon-2025-07.csv,237,quantity,1,1,N01-field-alias-or-whitespace
amazon-2025-07.csv,237,unit_price_usd,14.99,14.99,N01-field-alias-or-whitespace
amazon-2025-07.csv,238,order_date,2025-07-17,2025-07-17,N01-field-alias-or-whitespace
amazon-2025-07.csv,238,quantity,1,1,N01-field-alias-or-whitespace
amazon-2025-07.csv,238,unit_price_usd,24.99,24.99,N01-field-alias-or-whitespace
amazon-2025-07.csv,239,order_date,2025-07-17,2025-07-17,N01-field-alias-or-whitespace
amazon-2025-07.csv,239,quantity,3,3,N01-field-alias-or-whitespace
amazon-2025-07.csv,239,unit_price_usd,14.99,14.99,N01-field-alias-or-whitespace
amazon-2025-07.csv,240,order_date,2025-07-17,2025-07-17,N01-field-alias-or-whitespace
amazon-2025-07.csv,240,quantity,1,1,N01-field-alias-or-whitespace
amazon-2025-07.csv,240,unit_price_usd,39.99,39.99,N01-field-alias-or-whitespace
amazon-2025-07.csv,241,order_date,2025/07/17,2025/07/17,N01-field-alias-or-whitespace
amazon-2025-07.csv,241,quantity,2,2,N01-field-alias-or-whitespace
amazon-2025-07.csv,241,unit_price_usd,14.99,14.99,N01-field-alias-or-whitespace
amazon-2025-07.csv,242,order_date,2025-07-17,2025-07-17,N01-field-alias-or-whitespace
amazon-2025-07.csv,242,quantity,1,1,N01-field-alias-or-whitespace
amazon-2025-07.csv,242,unit_price_usd,59.99,59.99,N01-field-alias-or-whitespace
amazon-2025-07.csv,243,order_date,2025-07-18,2025-07-18,N01-field-alias-or-whitespace
amazon-2025-07.csv,243,quantity,1,1,N01-field-alias-or-whitespace
amazon-2025-07.csv,243,unit_price_usd,79.99,79.99,N01-field-alias-or-whitespace
amazon-2025-07.csv,244,order_date,2025-07-18,2025-07-18,N01-field-alias-or-whitespace
amazon-2025-07.csv,244,quantity,3,3,N01-field-alias-or-whitespace
amazon-2025-07.csv,244,unit_price_usd,59.99,59.99,N01-field-alias-or-whitespace
amazon-2025-07.csv,245,order_date,2025-07-18,2025-07-18,N01-field-alias-or-whitespace
amazon-2025-07.csv,245,quantity,2,2,N01-field-alias-or-whitespace
amazon-2025-07.csv,245,unit_price_usd,24.99,24.99,N01-field-alias-or-whitespace
amazon-2025-07.csv,246,order_date,2025-07-18,2025-07-18,N01-field-alias-or-whitespace
amazon-2025-07.csv,246,quantity,3,3,N01-field-alias-or-whitespace
amazon-2025-07.csv,246,unit_price_usd,24.99,24.99,N01-field-alias-or-whitespace
amazon-2025-07.csv,247,order_date,2025-07-18,2025-07-18,N01-field-alias-or-whitespace
amazon-2025-07.csv,247,quantity,1,1,N01-field-alias-or-whitespace
amazon-2025-07.csv,247,unit_price_usd,39.99,39.99,N01-field-alias-or-whitespace
amazon-2025-07.csv,248,order_date,2025/07/18,2025/07/18,N01-field-alias-or-whitespace
amazon-2025-07.csv,248,quantity,1,1,N01-field-alias-or-whitespace
amazon-2025-07.csv,248,unit_price_usd,59.99,59.99,N01-field-alias-or-whitespace
amazon-2025-07.csv,249,order_date,2025-07-18,2025-07-18,N01-field-alias-or-whitespace
amazon-2025-07.csv,249,quantity,3,3,N01-field-alias-or-whitespace
amazon-2025-07.csv,249,unit_price_usd,79.99,79.99,N01-field-alias-or-whitespace
amazon-2025-07.csv,250,order_date,2025-07-18,2025-07-18,N01-field-alias-or-whitespace
amazon-2025-07.csv,250,quantity,3,3,N01-field-alias-or-whitespace
amazon-2025-07.csv,250,unit_price_usd,59.99,59.99,N01-field-alias-or-whitespace
amazon-2025-07.csv,251,order_date,2025-07-18,2025-07-18,N01-field-alias-or-whitespace
amazon-2025-07.csv,251,quantity,2,2,N01-field-alias-or-whitespace
amazon-2025-07.csv,251,unit_price_usd,79.99,79.99,N01-field-alias-or-whitespace
amazon-2025-07.csv,252,order_date,2025-07-18,2025-07-18,N01-field-alias-or-whitespace
amazon-2025-07.csv,252,country, ca ,ca,N01-field-alias-or-whitespace
amazon-2025-07.csv,252,quantity,1,1,N01-field-alias-or-whitespace
amazon-2025-07.csv,252,unit_price_usd,39.99,39.99,N01-field-alias-or-whitespace
amazon-2025-07.csv,253,order_date,2025-07-18,2025-07-18,N01-field-alias-or-whitespace
amazon-2025-07.csv,253,quantity,1,1,N01-field-alias-or-whitespace
amazon-2025-07.csv,253,unit_price_usd,79.99,79.99,N01-field-alias-or-whitespace
amazon-2025-07.csv,254,order_date,2025-07-18,2025-07-18,N01-field-alias-or-whitespace
amazon-2025-07.csv,254,quantity,2,2,N01-field-alias-or-whitespace
amazon-2025-07.csv,254,unit_price_usd,14.99,14.99,N01-field-alias-or-whitespace
amazon-2025-07.csv,255,order_date,2025-07-18,2025-07-18,N01-field-alias-or-whitespace
amazon-2025-07.csv,255,quantity,1,1,N01-field-alias-or-whitespace
amazon-2025-07.csv,255,unit_price_usd,$24.99,$24.99,N01-field-alias-or-whitespace
amazon-2025-07.csv,256,order_date,2025-07-18,2025-07-18,N01-field-alias-or-whitespace
amazon-2025-07.csv,256,quantity,1,1,N01-field-alias-or-whitespace
amazon-2025-07.csv,256,unit_price_usd,79.99,79.99,N01-field-alias-or-whitespace
amazon-2025-07.csv,257,order_date,2025-07-18,2025-07-18,N01-field-alias-or-whitespace
amazon-2025-07.csv,257,quantity,3,3,N01-field-alias-or-whitespace
amazon-2025-07.csv,257,unit_price_usd,14.99,14.99,N01-field-alias-or-whitespace
amazon-2025-07.csv,258,order_date,2025-07-18,2025-07-18,N01-field-alias-or-whitespace
amazon-2025-07.csv,258,quantity,1,1,N01-field-alias-or-whitespace
amazon-2025-07.csv,258,unit_price_usd,24.99,24.99,N01-field-alias-or-whitespace
amazon-2025-07.csv,259,order_date,2025-07-18,2025-07-18,N01-field-alias-or-whitespace
amazon-2025-07.csv,259,quantity,2,2,N01-field-alias-or-whitespace
amazon-2025-07.csv,259,unit_price_usd,24.99,24.99,N01-field-alias-or-whitespace
amazon-2025-07.csv,260,order_date,2025-07-19,2025-07-19,N01-field-alias-or-whitespace
amazon-2025-07.csv,260,quantity,2,2,N01-field-alias-or-whitespace
amazon-2025-07.csv,260,unit_price_usd,$79.99,$79.99,N01-field-alias-or-whitespace
amazon-2025-07.csv,261,order_date,2025-07-19,2025-07-19,N01-field-alias-or-whitespace
amazon-2025-07.csv,261,quantity,1,1,N01-field-alias-or-whitespace
amazon-2025-07.csv,261,unit_price_usd,59.99,59.99,N01-field-alias-or-whitespace
amazon-2025-07.csv,262,order_date,2025-07-19,2025-07-19,N01-field-alias-or-whitespace
amazon-2025-07.csv,262,quantity,3,3,N01-field-alias-or-whitespace
amazon-2025-07.csv,262,unit_price_usd,24.99,24.99,N01-field-alias-or-whitespace
amazon-2025-07.csv,263,order_date,2025-07-19,2025-07-19,N01-field-alias-or-whitespace
amazon-2025-07.csv,263,quantity,3,3,N01-field-alias-or-whitespace
amazon-2025-07.csv,263,unit_price_usd,39.99,39.99,N01-field-alias-or-whitespace
amazon-2025-07.csv,264,order_date,2025-07-19,2025-07-19,N01-field-alias-or-whitespace
amazon-2025-07.csv,264,quantity,3,3,N01-field-alias-or-whitespace
amazon-2025-07.csv,264,unit_price_usd,39.99,39.99,N01-field-alias-or-whitespace
amazon-2025-07.csv,265,order_date,2025-07-19,2025-07-19,N01-field-alias-or-whitespace
amazon-2025-07.csv,265,quantity,3,3,N01-field-alias-or-whitespace
amazon-2025-07.csv,265,unit_price_usd,14.99,14.99,N01-field-alias-or-whitespace
amazon-2025-07.csv,266,order_date,2025-07-19,2025-07-19,N01-field-alias-or-whitespace
amazon-2025-07.csv,266,quantity,2,2,N01-field-alias-or-whitespace
amazon-2025-07.csv,266,unit_price_usd,14.99,14.99,N01-field-alias-or-whitespace
amazon-2025-07.csv,267,order_date,2025-07-19,2025-07-19,N01-field-alias-or-whitespace
amazon-2025-07.csv,267,quantity,2,2,N01-field-alias-or-whitespace
amazon-2025-07.csv,267,unit_price_usd,24.99,24.99,N01-field-alias-or-whitespace
amazon-2025-07.csv,268,order_date,2025-07-19,2025-07-19,N01-field-alias-or-whitespace
amazon-2025-07.csv,268,quantity,2,2,N01-field-alias-or-whitespace
amazon-2025-07.csv,268,unit_price_usd,24.99,24.99,N01-field-alias-or-whitespace
amazon-2025-07.csv,269,order_date,2025-07-19,2025-07-19,N01-field-alias-or-whitespace
amazon-2025-07.csv,269,quantity,3,3,N01-field-alias-or-whitespace
amazon-2025-07.csv,269,unit_price_usd,39.99,39.99,N01-field-alias-or-whitespace
amazon-2025-07.csv,270,order_date,2025-07-19,2025-07-19,N01-field-alias-or-whitespace
amazon-2025-07.csv,270,quantity,1,1,N01-field-alias-or-whitespace
amazon-2025-07.csv,270,unit_price_usd,79.99,79.99,N01-field-alias-or-whitespace
amazon-2025-07.csv,271,order_date,2025-07-19,2025-07-19,N01-field-alias-or-whitespace
amazon-2025-07.csv,271,quantity,2,2,N01-field-alias-or-whitespace
amazon-2025-07.csv,271,unit_price_usd,24.99,24.99,N01-field-alias-or-whitespace
amazon-2025-07.csv,272,order_date,2025-07-19,2025-07-19,N01-field-alias-or-whitespace
amazon-2025-07.csv,272,country, uk ,uk,N01-field-alias-or-whitespace
amazon-2025-07.csv,272,quantity,2,2,N01-field-alias-or-whitespace
amazon-2025-07.csv,272,unit_price_usd,24.99,24.99,N01-field-alias-or-whitespace
amazon-2025-07.csv,273,order_date,2025-07-19,2025-07-19,N01-field-alias-or-whitespace
amazon-2025-07.csv,273,quantity,2,2,N01-field-alias-or-whitespace
amazon-2025-07.csv,273,unit_price_usd,14.99,14.99,N01-field-alias-or-whitespace
amazon-2025-07.csv,274,order_date,2025-07-19,2025-07-19,N01-field-alias-or-whitespace
amazon-2025-07.csv,274,quantity,3,3,N01-field-alias-or-whitespace
amazon-2025-07.csv,274,unit_price_usd,39.99,39.99,N01-field-alias-or-whitespace
amazon-2025-07.csv,275,order_date,2025-07-19,2025-07-19,N01-field-alias-or-whitespace
amazon-2025-07.csv,275,quantity,3,3,N01-field-alias-or-whitespace
amazon-2025-07.csv,275,unit_price_usd,59.99,59.99,N01-field-alias-or-whitespace
amazon-2025-07.csv,276,order_date,2025-07-19,2025-07-19,N01-field-alias-or-whitespace
amazon-2025-07.csv,276,quantity,3,3,N01-field-alias-or-whitespace
amazon-2025-07.csv,276,unit_price_usd,59.99,59.99,N01-field-alias-or-whitespace
amazon-2025-07.csv,277,order_date,2025-07-20,2025-07-20,N01-field-alias-or-whitespace
amazon-2025-07.csv,277,quantity,2,2,N01-field-alias-or-whitespace
amazon-2025-07.csv,277,unit_price_usd,59.99,59.99,N01-field-alias-or-whitespace
amazon-2025-07.csv,278,order_date,2025-07-20,2025-07-20,N01-field-alias-or-whitespace
amazon-2025-07.csv,278,quantity,2,2,N01-field-alias-or-whitespace
amazon-2025-07.csv,278,unit_price_usd,59.99,59.99,N01-field-alias-or-whitespace
amazon-2025-07.csv,279,order_date,2025-07-20,2025-07-20,N01-field-alias-or-whitespace
amazon-2025-07.csv,279,quantity,1,1,N01-field-alias-or-whitespace
amazon-2025-07.csv,279,unit_price_usd,24.99,24.99,N01-field-alias-or-whitespace
amazon-2025-07.csv,280,order_date,2025-07-20,2025-07-20,N01-field-alias-or-whitespace
amazon-2025-07.csv,280,quantity,2,2,N01-field-alias-or-whitespace
amazon-2025-07.csv,280,unit_price_usd,14.99,14.99,N01-field-alias-or-whitespace
amazon-2025-07.csv,281,order_date,2025-07-20,2025-07-20,N01-field-alias-or-whitespace
amazon-2025-07.csv,281,quantity,3,3,N01-field-alias-or-whitespace
amazon-2025-07.csv,281,unit_price_usd,59.99,59.99,N01-field-alias-or-whitespace
amazon-2025-07.csv,282,order_date,2025-07-20,2025-07-20,N01-field-alias-or-whitespace
amazon-2025-07.csv,282,quantity,2,2,N01-field-alias-or-whitespace
amazon-2025-07.csv,282,unit_price_usd,24.99,24.99,N01-field-alias-or-whitespace
amazon-2025-07.csv,283,order_date,2025-07-20,2025-07-20,N01-field-alias-or-whitespace
amazon-2025-07.csv,283,quantity,1,1,N01-field-alias-or-whitespace
amazon-2025-07.csv,283,unit_price_usd,39.99,39.99,N01-field-alias-or-whitespace
amazon-2025-07.csv,284,order_date,2025-07-20,2025-07-20,N01-field-alias-or-whitespace
amazon-2025-07.csv,284,quantity,2,2,N01-field-alias-or-whitespace
amazon-2025-07.csv,284,unit_price_usd,$39.99,$39.99,N01-field-alias-or-whitespace
amazon-2025-07.csv,285,order_date,2025-07-20,2025-07-20,N01-field-alias-or-whitespace
amazon-2025-07.csv,285,quantity,1,1,N01-field-alias-or-whitespace
amazon-2025-07.csv,285,unit_price_usd,14.99,14.99,N01-field-alias-or-whitespace
amazon-2025-07.csv,286,order_date,2025-07-20,2025-07-20,N01-field-alias-or-whitespace
amazon-2025-07.csv,286,quantity,2,2,N01-field-alias-or-whitespace
amazon-2025-07.csv,286,unit_price_usd,39.99,39.99,N01-field-alias-or-whitespace
amazon-2025-07.csv,287,order_date,2025-07-20,2025-07-20,N01-field-alias-or-whitespace
amazon-2025-07.csv,287,quantity,3,3,N01-field-alias-or-whitespace
amazon-2025-07.csv,287,unit_price_usd,59.99,59.99,N01-field-alias-or-whitespace
amazon-2025-07.csv,288,order_date,2025-07-20,2025-07-20,N01-field-alias-or-whitespace
amazon-2025-07.csv,288,quantity,3,3,N01-field-alias-or-whitespace
amazon-2025-07.csv,288,unit_price_usd,39.99,39.99,N01-field-alias-or-whitespace
amazon-2025-07.csv,289,order_date,2025/07/20,2025/07/20,N01-field-alias-or-whitespace
amazon-2025-07.csv,289,quantity,3,3,N01-field-alias-or-whitespace
amazon-2025-07.csv,289,unit_price_usd,14.99,14.99,N01-field-alias-or-whitespace
amazon-2025-07.csv,290,order_date,2025-07-21,2025-07-21,N01-field-alias-or-whitespace
amazon-2025-07.csv,290,quantity,3,3,N01-field-alias-or-whitespace
amazon-2025-07.csv,290,unit_price_usd,24.99,24.99,N01-field-alias-or-whitespace
amazon-2025-07.csv,291,order_date,2025-07-21,2025-07-21,N01-field-alias-or-whitespace
amazon-2025-07.csv,291,quantity,1,1,N01-field-alias-or-whitespace
amazon-2025-07.csv,291,unit_price_usd,24.99,24.99,N01-field-alias-or-whitespace
amazon-2025-07.csv,292,order_date,2025-07-21,2025-07-21,N01-field-alias-or-whitespace
amazon-2025-07.csv,292,quantity,3,3,N01-field-alias-or-whitespace
amazon-2025-07.csv,292,unit_price_usd,24.99,24.99,N01-field-alias-or-whitespace
amazon-2025-07.csv,293,order_date,2025-07-21,2025-07-21,N01-field-alias-or-whitespace
amazon-2025-07.csv,293,quantity,2,2,N01-field-alias-or-whitespace
amazon-2025-07.csv,293,unit_price_usd,39.99,39.99,N01-field-alias-or-whitespace
amazon-2025-07.csv,294,order_date,2025-07-21,2025-07-21,N01-field-alias-or-whitespace
amazon-2025-07.csv,294,country, us ,us,N01-field-alias-or-whitespace
amazon-2025-07.csv,294,quantity,1,1,N01-field-alias-or-whitespace
amazon-2025-07.csv,294,unit_price_usd,59.99,59.99,N01-field-alias-or-whitespace
amazon-2025-07.csv,295,order_date,2025-07-21,2025-07-21,N01-field-alias-or-whitespace
amazon-2025-07.csv,295,quantity,3,3,N01-field-alias-or-whitespace
amazon-2025-07.csv,295,unit_price_usd,79.99,79.99,N01-field-alias-or-whitespace
amazon-2025-07.csv,296,order_date,2025-07-21,2025-07-21,N01-field-alias-or-whitespace
amazon-2025-07.csv,296,quantity,3,3,N01-field-alias-or-whitespace
amazon-2025-07.csv,296,unit_price_usd,24.99,24.99,N01-field-alias-or-whitespace
amazon-2025-07.csv,297,order_date,2025/07/21,2025/07/21,N01-field-alias-or-whitespace
amazon-2025-07.csv,297,quantity,3,3,N01-field-alias-or-whitespace
amazon-2025-07.csv,297,unit_price_usd,79.99,79.99,N01-field-alias-or-whitespace
amazon-2025-07.csv,298,order_date,2025-07-21,2025-07-21,N01-field-alias-or-whitespace
amazon-2025-07.csv,298,quantity,2,2,N01-field-alias-or-whitespace
amazon-2025-07.csv,298,unit_price_usd,14.99,14.99,N01-field-alias-or-whitespace
amazon-2025-07.csv,299,order_date,2025-07-21,2025-07-21,N01-field-alias-or-whitespace
amazon-2025-07.csv,299,quantity,1,1,N01-field-alias-or-whitespace
amazon-2025-07.csv,299,unit_price_usd,79.99,79.99,N01-field-alias-or-whitespace
amazon-2025-07.csv,300,order_date,2025-07-21,2025-07-21,N01-field-alias-or-whitespace
amazon-2025-07.csv,300,quantity,1,1,N01-field-alias-or-whitespace
amazon-2025-07.csv,300,unit_price_usd,24.99,24.99,N01-field-alias-or-whitespace
amazon-2025-07.csv,301,order_date,2025-07-21,2025-07-21,N01-field-alias-or-whitespace
amazon-2025-07.csv,301,quantity,1,1,N01-field-alias-or-whitespace
amazon-2025-07.csv,301,unit_price_usd,39.99,39.99,N01-field-alias-or-whitespace
amazon-2025-07.csv,302,order_date,2025-07-21,2025-07-21,N01-field-alias-or-whitespace
amazon-2025-07.csv,302,quantity,2,2,N01-field-alias-or-whitespace
amazon-2025-07.csv,302,unit_price_usd,39.99,39.99,N01-field-alias-or-whitespace
amazon-2025-07.csv,303,order_date,2025-07-21,2025-07-21,N01-field-alias-or-whitespace
amazon-2025-07.csv,303,quantity,3,3,N01-field-alias-or-whitespace
amazon-2025-07.csv,303,unit_price_usd,59.99,59.99,N01-field-alias-or-whitespace
amazon-2025-07.csv,304,order_date,2025-07-21,2025-07-21,N01-field-alias-or-whitespace
amazon-2025-07.csv,304,quantity,3,3,N01-field-alias-or-whitespace
amazon-2025-07.csv,304,unit_price_usd,24.99,24.99,N01-field-alias-or-whitespace
amazon-2025-07.csv,305,order_date,2025-07-21,2025-07-21,N01-field-alias-or-whitespace
amazon-2025-07.csv,305,quantity,1,1,N01-field-alias-or-whitespace
amazon-2025-07.csv,305,unit_price_usd,39.99,39.99,N01-field-alias-or-whitespace
amazon-2025-07.csv,306,order_date,2025-07-21,2025-07-21,N01-field-alias-or-whitespace
amazon-2025-07.csv,306,quantity,2,2,N01-field-alias-or-whitespace
amazon-2025-07.csv,306,unit_price_usd,59.99,59.99,N01-field-alias-or-whitespace
amazon-2025-07.csv,307,order_date,2025-07-21,2025-07-21,N01-field-alias-or-whitespace
amazon-2025-07.csv,307,quantity,1,1,N01-field-alias-or-whitespace
amazon-2025-07.csv,307,unit_price_usd,$24.99,$24.99,N01-field-alias-or-whitespace
amazon-2025-07.csv,308,order_date,2025-07-22,2025-07-22,N01-field-alias-or-whitespace
amazon-2025-07.csv,308,quantity,2,2,N01-field-alias-or-whitespace
amazon-2025-07.csv,308,unit_price_usd,39.99,39.99,N01-field-alias-or-whitespace
amazon-2025-07.csv,309,order_date,2025-07-22,2025-07-22,N01-field-alias-or-whitespace
amazon-2025-07.csv,309,quantity,3,3,N01-field-alias-or-whitespace
amazon-2025-07.csv,309,unit_price_usd,59.99,59.99,N01-field-alias-or-whitespace
amazon-2025-07.csv,310,order_date,2025-07-22,2025-07-22,N01-field-alias-or-whitespace
amazon-2025-07.csv,310,quantity,2,2,N01-field-alias-or-whitespace
amazon-2025-07.csv,310,unit_price_usd,79.99,79.99,N01-field-alias-or-whitespace
amazon-2025-07.csv,311,order_date,2025-07-22,2025-07-22,N01-field-alias-or-whitespace
amazon-2025-07.csv,311,quantity,2,2,N01-field-alias-or-whitespace
amazon-2025-07.csv,311,unit_price_usd,$39.99,$39.99,N01-field-alias-or-whitespace
amazon-2025-07.csv,312,order_date,2025-07-22,2025-07-22,N01-field-alias-or-whitespace
amazon-2025-07.csv,312,quantity,3,3,N01-field-alias-or-whitespace
amazon-2025-07.csv,312,unit_price_usd,14.99,14.99,N01-field-alias-or-whitespace
amazon-2025-07.csv,313,order_date,2025-07-22,2025-07-22,N01-field-alias-or-whitespace
amazon-2025-07.csv,313,country, ca ,ca,N01-field-alias-or-whitespace
amazon-2025-07.csv,313,quantity,3,3,N01-field-alias-or-whitespace
amazon-2025-07.csv,313,unit_price_usd,24.99,24.99,N01-field-alias-or-whitespace
amazon-2025-07.csv,314,order_date,2025-07-22,2025-07-22,N01-field-alias-or-whitespace
amazon-2025-07.csv,314,quantity,3,3,N01-field-alias-or-whitespace
amazon-2025-07.csv,314,unit_price_usd,59.99,59.99,N01-field-alias-or-whitespace
amazon-2025-07.csv,315,order_date,2025-07-22,2025-07-22,N01-field-alias-or-whitespace
amazon-2025-07.csv,315,quantity,1,1,N01-field-alias-or-whitespace
amazon-2025-07.csv,315,unit_price_usd,14.99,14.99,N01-field-alias-or-whitespace
amazon-2025-07.csv,316,order_date,2025-07-22,2025-07-22,N01-field-alias-or-whitespace
amazon-2025-07.csv,316,quantity,1,1,N01-field-alias-or-whitespace
amazon-2025-07.csv,316,unit_price_usd,79.99,79.99,N01-field-alias-or-whitespace
amazon-2025-07.csv,317,order_date,2025-07-22,2025-07-22,N01-field-alias-or-whitespace
amazon-2025-07.csv,317,quantity,2,2,N01-field-alias-or-whitespace
amazon-2025-07.csv,317,unit_price_usd,59.99,59.99,N01-field-alias-or-whitespace
amazon-2025-07.csv,318,order_date,2025-07-22,2025-07-22,N01-field-alias-or-whitespace
amazon-2025-07.csv,318,quantity,2,2,N01-field-alias-or-whitespace
amazon-2025-07.csv,318,unit_price_usd,79.99,79.99,N01-field-alias-or-whitespace
amazon-2025-07.csv,319,order_date,2025-07-22,2025-07-22,N01-field-alias-or-whitespace
amazon-2025-07.csv,319,quantity,1,1,N01-field-alias-or-whitespace
amazon-2025-07.csv,319,unit_price_usd,39.99,39.99,N01-field-alias-or-whitespace
amazon-2025-07.csv,320,order_date,2025-07-22,2025-07-22,N01-field-alias-or-whitespace
amazon-2025-07.csv,320,quantity,1,1,N01-field-alias-or-whitespace
amazon-2025-07.csv,320,unit_price_usd,14.99,14.99,N01-field-alias-or-whitespace
amazon-2025-07.csv,321,order_date,2025-07-23,2025-07-23,N01-field-alias-or-whitespace
amazon-2025-07.csv,321,quantity,1,1,N01-field-alias-or-whitespace
amazon-2025-07.csv,321,unit_price_usd,24.99,24.99,N01-field-alias-or-whitespace
amazon-2025-07.csv,322,order_date,2025-07-23,2025-07-23,N01-field-alias-or-whitespace
amazon-2025-07.csv,322,quantity,1,1,N01-field-alias-or-whitespace
amazon-2025-07.csv,322,unit_price_usd,39.99,39.99,N01-field-alias-or-whitespace
amazon-2025-07.csv,323,order_date,2025-07-23,2025-07-23,N01-field-alias-or-whitespace
amazon-2025-07.csv,323,quantity,1,1,N01-field-alias-or-whitespace
amazon-2025-07.csv,323,unit_price_usd,59.99,59.99,N01-field-alias-or-whitespace
amazon-2025-07.csv,324,order_date,2025-07-23,2025-07-23,N01-field-alias-or-whitespace
amazon-2025-07.csv,324,quantity,1,1,N01-field-alias-or-whitespace
amazon-2025-07.csv,324,unit_price_usd,24.99,24.99,N01-field-alias-or-whitespace
amazon-2025-07.csv,325,order_date,2025-07-23,2025-07-23,N01-field-alias-or-whitespace
amazon-2025-07.csv,325,quantity,3,3,N01-field-alias-or-whitespace
amazon-2025-07.csv,325,unit_price_usd,79.99,79.99,N01-field-alias-or-whitespace
amazon-2025-07.csv,326,order_date,2025-07-23,2025-07-23,N01-field-alias-or-whitespace
amazon-2025-07.csv,326,quantity,1,1,N01-field-alias-or-whitespace
amazon-2025-07.csv,326,unit_price_usd,79.99,79.99,N01-field-alias-or-whitespace
amazon-2025-07.csv,327,order_date,2025-07-23,2025-07-23,N01-field-alias-or-whitespace
amazon-2025-07.csv,327,quantity,2,2,N01-field-alias-or-whitespace
amazon-2025-07.csv,327,unit_price_usd,14.99,14.99,N01-field-alias-or-whitespace
amazon-2025-07.csv,328,order_date,2025-07-23,2025-07-23,N01-field-alias-or-whitespace
amazon-2025-07.csv,328,quantity,2,2,N01-field-alias-or-whitespace
amazon-2025-07.csv,328,unit_price_usd,14.99,14.99,N01-field-alias-or-whitespace
amazon-2025-07.csv,329,order_date,2025-07-23,2025-07-23,N01-field-alias-or-whitespace
amazon-2025-07.csv,329,quantity,3,3,N01-field-alias-or-whitespace
amazon-2025-07.csv,329,unit_price_usd,24.99,24.99,N01-field-alias-or-whitespace
amazon-2025-07.csv,330,order_date,2025-07-23,2025-07-23,N01-field-alias-or-whitespace
amazon-2025-07.csv,330,quantity,2,2,N01-field-alias-or-whitespace
amazon-2025-07.csv,330,unit_price_usd,59.99,59.99,N01-field-alias-or-whitespace
amazon-2025-07.csv,331,order_date,2025-07-23,2025-07-23,N01-field-alias-or-whitespace
amazon-2025-07.csv,331,quantity,2,2,N01-field-alias-or-whitespace
amazon-2025-07.csv,331,unit_price_usd,14.99,14.99,N01-field-alias-or-whitespace
amazon-2025-07.csv,332,order_date,2025-07-23,2025-07-23,N01-field-alias-or-whitespace
amazon-2025-07.csv,332,quantity,3,3,N01-field-alias-or-whitespace
amazon-2025-07.csv,332,unit_price_usd,59.99,59.99,N01-field-alias-or-whitespace
amazon-2025-07.csv,333,order_date,2025-07-23,2025-07-23,N01-field-alias-or-whitespace
amazon-2025-07.csv,333,country, us ,us,N01-field-alias-or-whitespace
amazon-2025-07.csv,333,quantity,2,2,N01-field-alias-or-whitespace
amazon-2025-07.csv,333,unit_price_usd,14.99,14.99,N01-field-alias-or-whitespace
amazon-2025-07.csv,334,order_date,2025-07-23,2025-07-23,N01-field-alias-or-whitespace
amazon-2025-07.csv,334,quantity,1,1,N01-field-alias-or-whitespace
amazon-2025-07.csv,334,unit_price_usd,24.99,24.99,N01-field-alias-or-whitespace
amazon-2025-07.csv,335,order_date,2025-07-24,2025-07-24,N01-field-alias-or-whitespace
amazon-2025-07.csv,335,quantity,2,2,N01-field-alias-or-whitespace
amazon-2025-07.csv,335,unit_price_usd,79.99,79.99,N01-field-alias-or-whitespace
amazon-2025-07.csv,336,order_date,2025-07-24,2025-07-24,N01-field-alias-or-whitespace
amazon-2025-07.csv,336,quantity,1,1,N01-field-alias-or-whitespace
amazon-2025-07.csv,336,unit_price_usd,14.99,14.99,N01-field-alias-or-whitespace
amazon-2025-07.csv,337,order_date,2025-07-24,2025-07-24,N01-field-alias-or-whitespace
amazon-2025-07.csv,337,quantity,1,1,N01-field-alias-or-whitespace
amazon-2025-07.csv,337,unit_price_usd,14.99,14.99,N01-field-alias-or-whitespace
amazon-2025-07.csv,338,order_date,2025-07-24,2025-07-24,N01-field-alias-or-whitespace
amazon-2025-07.csv,338,quantity,1,1,N01-field-alias-or-whitespace
amazon-2025-07.csv,338,unit_price_usd,$79.99,$79.99,N01-field-alias-or-whitespace
amazon-2025-07.csv,339,order_date,2025-07-24,2025-07-24,N01-field-alias-or-whitespace
amazon-2025-07.csv,339,quantity,2,2,N01-field-alias-or-whitespace
amazon-2025-07.csv,339,unit_price_usd,24.99,24.99,N01-field-alias-or-whitespace
amazon-2025-07.csv,340,order_date,2025-07-24,2025-07-24,N01-field-alias-or-whitespace
amazon-2025-07.csv,340,quantity,2,2,N01-field-alias-or-whitespace
amazon-2025-07.csv,340,unit_price_usd,14.99,14.99,N01-field-alias-or-whitespace
amazon-2025-07.csv,341,order_date,2025-07-24,2025-07-24,N01-field-alias-or-whitespace
amazon-2025-07.csv,341,quantity,3,3,N01-field-alias-or-whitespace
amazon-2025-07.csv,341,unit_price_usd,59.99,59.99,N01-field-alias-or-whitespace
amazon-2025-07.csv,342,order_date,2025-07-24,2025-07-24,N01-field-alias-or-whitespace
amazon-2025-07.csv,342,quantity,1,1,N01-field-alias-or-whitespace
amazon-2025-07.csv,342,unit_price_usd,39.99,39.99,N01-field-alias-or-whitespace
amazon-2025-07.csv,343,order_date,2025-07-24,2025-07-24,N01-field-alias-or-whitespace
amazon-2025-07.csv,343,quantity,2,2,N01-field-alias-or-whitespace
amazon-2025-07.csv,343,unit_price_usd,59.99,59.99,N01-field-alias-or-whitespace
amazon-2025-07.csv,344,order_date,2025/07/24,2025/07/24,N01-field-alias-or-whitespace
amazon-2025-07.csv,344,quantity,2,2,N01-field-alias-or-whitespace
amazon-2025-07.csv,344,unit_price_usd,24.99,24.99,N01-field-alias-or-whitespace
amazon-2025-07.csv,345,order_date,2025-07-24,2025-07-24,N01-field-alias-or-whitespace
amazon-2025-07.csv,345,quantity,3,3,N01-field-alias-or-whitespace
amazon-2025-07.csv,345,unit_price_usd,79.99,79.99,N01-field-alias-or-whitespace
amazon-2025-07.csv,346,order_date,2025-07-24,2025-07-24,N01-field-alias-or-whitespace
amazon-2025-07.csv,346,quantity,3,3,N01-field-alias-or-whitespace
amazon-2025-07.csv,346,unit_price_usd,14.99,14.99,N01-field-alias-or-whitespace
amazon-2025-07.csv,347,order_date,2025-07-24,2025-07-24,N01-field-alias-or-whitespace
amazon-2025-07.csv,347,quantity,2,2,N01-field-alias-or-whitespace
amazon-2025-07.csv,347,unit_price_usd,59.99,59.99,N01-field-alias-or-whitespace
amazon-2025-07.csv,348,order_date,2025-07-25,2025-07-25,N01-field-alias-or-whitespace
amazon-2025-07.csv,348,quantity,2,2,N01-field-alias-or-whitespace
amazon-2025-07.csv,348,unit_price_usd,59.99,59.99,N01-field-alias-or-whitespace
amazon-2025-07.csv,349,order_date,2025-07-25,2025-07-25,N01-field-alias-or-whitespace
amazon-2025-07.csv,349,quantity,2,2,N01-field-alias-or-whitespace
amazon-2025-07.csv,349,unit_price_usd,24.99,24.99,N01-field-alias-or-whitespace
amazon-2025-07.csv,350,order_date,2025-07-25,2025-07-25,N01-field-alias-or-whitespace
amazon-2025-07.csv,350,quantity,1,1,N01-field-alias-or-whitespace
amazon-2025-07.csv,350,unit_price_usd,14.99,14.99,N01-field-alias-or-whitespace
amazon-2025-07.csv,351,order_date,2025-07-25,2025-07-25,N01-field-alias-or-whitespace
amazon-2025-07.csv,351,quantity,2,2,N01-field-alias-or-whitespace
amazon-2025-07.csv,351,unit_price_usd,14.99,14.99,N01-field-alias-or-whitespace
amazon-2025-07.csv,352,order_date,2025/07/25,2025/07/25,N01-field-alias-or-whitespace
amazon-2025-07.csv,352,quantity,1,1,N01-field-alias-or-whitespace
amazon-2025-07.csv,352,unit_price_usd,24.99,24.99,N01-field-alias-or-whitespace
amazon-2025-07.csv,353,order_date,2025-07-25,2025-07-25,N01-field-alias-or-whitespace
amazon-2025-07.csv,353,country, us ,us,N01-field-alias-or-whitespace
amazon-2025-07.csv,353,quantity,2,2,N01-field-alias-or-whitespace
amazon-2025-07.csv,353,unit_price_usd,39.99,39.99,N01-field-alias-or-whitespace
amazon-2025-07.csv,354,order_date,2025-07-25,2025-07-25,N01-field-alias-or-whitespace
amazon-2025-07.csv,354,quantity,2,2,N01-field-alias-or-whitespace
amazon-2025-07.csv,354,unit_price_usd,59.99,59.99,N01-field-alias-or-whitespace
amazon-2025-07.csv,355,order_date,2025-07-25,2025-07-25,N01-field-alias-or-whitespace
amazon-2025-07.csv,355,quantity,1,1,N01-field-alias-or-whitespace
amazon-2025-07.csv,355,unit_price_usd,39.99,39.99,N01-field-alias-or-whitespace
amazon-2025-07.csv,356,order_date,2025-07-25,2025-07-25,N01-field-alias-or-whitespace
amazon-2025-07.csv,356,quantity,1,1,N01-field-alias-or-whitespace
amazon-2025-07.csv,356,unit_price_usd,79.99,79.99,N01-field-alias-or-whitespace
amazon-2025-07.csv,357,order_date,2025-07-25,2025-07-25,N01-field-alias-or-whitespace
amazon-2025-07.csv,357,quantity,1,1,N01-field-alias-or-whitespace
amazon-2025-07.csv,357,unit_price_usd,39.99,39.99,N01-field-alias-or-whitespace
amazon-2025-07.csv,358,order_date,2025-07-25,2025-07-25,N01-field-alias-or-whitespace
amazon-2025-07.csv,358,quantity,3,3,N01-field-alias-or-whitespace
amazon-2025-07.csv,358,unit_price_usd,14.99,14.99,N01-field-alias-or-whitespace
amazon-2025-07.csv,359,order_date,2025-07-25,2025-07-25,N01-field-alias-or-whitespace
amazon-2025-07.csv,359,quantity,3,3,N01-field-alias-or-whitespace
amazon-2025-07.csv,359,unit_price_usd,59.99,59.99,N01-field-alias-or-whitespace
amazon-2025-07.csv,360,order_date,2025-07-25,2025-07-25,N01-field-alias-or-whitespace
amazon-2025-07.csv,360,quantity,1,1,N01-field-alias-or-whitespace
amazon-2025-07.csv,360,unit_price_usd,24.99,24.99,N01-field-alias-or-whitespace
amazon-2025-07.csv,361,order_date,2025-07-26,2025-07-26,N01-field-alias-or-whitespace
amazon-2025-07.csv,361,quantity,2,2,N01-field-alias-or-whitespace
amazon-2025-07.csv,361,unit_price_usd,14.99,14.99,N01-field-alias-or-whitespace
amazon-2025-07.csv,362,order_date,2025-07-26,2025-07-26,N01-field-alias-or-whitespace
amazon-2025-07.csv,362,quantity,3,3,N01-field-alias-or-whitespace
amazon-2025-07.csv,362,unit_price_usd,14.99,14.99,N01-field-alias-or-whitespace
amazon-2025-07.csv,363,order_date,2025-07-26,2025-07-26,N01-field-alias-or-whitespace
amazon-2025-07.csv,363,quantity,2,2,N01-field-alias-or-whitespace
amazon-2025-07.csv,363,unit_price_usd,14.99,14.99,N01-field-alias-or-whitespace
amazon-2025-07.csv,364,order_date,2025/07/26,2025/07/26,N01-field-alias-or-whitespace
amazon-2025-07.csv,364,quantity,3,3,N01-field-alias-or-whitespace
amazon-2025-07.csv,364,unit_price_usd,59.99,59.99,N01-field-alias-or-whitespace
amazon-2025-07.csv,365,order_date,2025-07-26,2025-07-26,N01-field-alias-or-whitespace
amazon-2025-07.csv,365,quantity,3,3,N01-field-alias-or-whitespace
amazon-2025-07.csv,365,unit_price_usd,39.99,39.99,N01-field-alias-or-whitespace
amazon-2025-07.csv,366,order_date,2025-07-26,2025-07-26,N01-field-alias-or-whitespace
amazon-2025-07.csv,366,quantity,1,1,N01-field-alias-or-whitespace
amazon-2025-07.csv,366,unit_price_usd,39.99,39.99,N01-field-alias-or-whitespace
amazon-2025-07.csv,367,order_date,2025-07-26,2025-07-26,N01-field-alias-or-whitespace
amazon-2025-07.csv,367,quantity,3,3,N01-field-alias-or-whitespace
amazon-2025-07.csv,367,unit_price_usd,79.99,79.99,N01-field-alias-or-whitespace
amazon-2025-07.csv,368,order_date,2025-07-26,2025-07-26,N01-field-alias-or-whitespace
amazon-2025-07.csv,368,quantity,2,2,N01-field-alias-or-whitespace
amazon-2025-07.csv,368,unit_price_usd,79.99,79.99,N01-field-alias-or-whitespace
amazon-2025-07.csv,369,order_date,2025-07-26,2025-07-26,N01-field-alias-or-whitespace
amazon-2025-07.csv,369,quantity,3,3,N01-field-alias-or-whitespace
amazon-2025-07.csv,369,unit_price_usd,$79.99,$79.99,N01-field-alias-or-whitespace
amazon-2025-07.csv,370,order_date,2025-07-26,2025-07-26,N01-field-alias-or-whitespace
amazon-2025-07.csv,370,quantity,1,1,N01-field-alias-or-whitespace
amazon-2025-07.csv,370,unit_price_usd,14.99,14.99,N01-field-alias-or-whitespace
amazon-2025-07.csv,371,order_date,2025-07-26,2025-07-26,N01-field-alias-or-whitespace
amazon-2025-07.csv,371,quantity,1,1,N01-field-alias-or-whitespace
amazon-2025-07.csv,371,unit_price_usd,79.99,79.99,N01-field-alias-or-whitespace
amazon-2025-07.csv,372,order_date,2025-07-26,2025-07-26,N01-field-alias-or-whitespace
amazon-2025-07.csv,372,quantity,2,2,N01-field-alias-or-whitespace
amazon-2025-07.csv,372,unit_price_usd,24.99,24.99,N01-field-alias-or-whitespace
amazon-2025-07.csv,373,order_date,2025-07-26,2025-07-26,N01-field-alias-or-whitespace
amazon-2025-07.csv,373,quantity,1,1,N01-field-alias-or-whitespace
amazon-2025-07.csv,373,unit_price_usd,79.99,79.99,N01-field-alias-or-whitespace
amazon-2025-07.csv,374,order_date,2025-07-26,2025-07-26,N01-field-alias-or-whitespace
amazon-2025-07.csv,374,quantity,1,1,N01-field-alias-or-whitespace
amazon-2025-07.csv,374,unit_price_usd,39.99,39.99,N01-field-alias-or-whitespace
amazon-2025-07.csv,375,order_date,2025-07-27,2025-07-27,N01-field-alias-or-whitespace
amazon-2025-07.csv,375,quantity,1,1,N01-field-alias-or-whitespace
amazon-2025-07.csv,375,unit_price_usd,79.99,79.99,N01-field-alias-or-whitespace
amazon-2025-07.csv,376,order_date,2025-07-27,2025-07-27,N01-field-alias-or-whitespace
amazon-2025-07.csv,376,quantity,3,3,N01-field-alias-or-whitespace
amazon-2025-07.csv,376,unit_price_usd,14.99,14.99,N01-field-alias-or-whitespace
amazon-2025-07.csv,377,order_date,2025-07-27,2025-07-27,N01-field-alias-or-whitespace
amazon-2025-07.csv,377,quantity,3,3,N01-field-alias-or-whitespace
amazon-2025-07.csv,377,unit_price_usd,14.99,14.99,N01-field-alias-or-whitespace
amazon-2025-07.csv,378,order_date,2025-07-27,2025-07-27,N01-field-alias-or-whitespace
amazon-2025-07.csv,378,quantity,1,1,N01-field-alias-or-whitespace
amazon-2025-07.csv,378,unit_price_usd,59.99,59.99,N01-field-alias-or-whitespace
amazon-2025-07.csv,379,order_date,2025-07-27,2025-07-27,N01-field-alias-or-whitespace
amazon-2025-07.csv,379,country, uk ,uk,N01-field-alias-or-whitespace
amazon-2025-07.csv,379,quantity,2,2,N01-field-alias-or-whitespace
amazon-2025-07.csv,379,unit_price_usd,79.99,79.99,N01-field-alias-or-whitespace
amazon-2025-07.csv,380,order_date,2025-07-27,2025-07-27,N01-field-alias-or-whitespace
amazon-2025-07.csv,380,quantity,2,2,N01-field-alias-or-whitespace
amazon-2025-07.csv,380,unit_price_usd,24.99,24.99,N01-field-alias-or-whitespace
amazon-2025-07.csv,381,order_date,2025-07-27,2025-07-27,N01-field-alias-or-whitespace
amazon-2025-07.csv,381,quantity,3,3,N01-field-alias-or-whitespace
amazon-2025-07.csv,381,unit_price_usd,39.99,39.99,N01-field-alias-or-whitespace
amazon-2025-07.csv,382,order_date,2025-07-27,2025-07-27,N01-field-alias-or-whitespace
amazon-2025-07.csv,382,quantity,1,1,N01-field-alias-or-whitespace
amazon-2025-07.csv,382,unit_price_usd,24.99,24.99,N01-field-alias-or-whitespace
amazon-2025-07.csv,383,order_date,2025-07-27,2025-07-27,N01-field-alias-or-whitespace
amazon-2025-07.csv,383,quantity,2,2,N01-field-alias-or-whitespace
amazon-2025-07.csv,383,unit_price_usd,24.99,24.99,N01-field-alias-or-whitespace
amazon-2025-07.csv,384,order_date,2025-07-27,2025-07-27,N01-field-alias-or-whitespace
amazon-2025-07.csv,384,quantity,1,1,N01-field-alias-or-whitespace
amazon-2025-07.csv,384,unit_price_usd,39.99,39.99,N01-field-alias-or-whitespace
amazon-2025-07.csv,385,order_date,2025-07-27,2025-07-27,N01-field-alias-or-whitespace
amazon-2025-07.csv,385,quantity,1,1,N01-field-alias-or-whitespace
amazon-2025-07.csv,385,unit_price_usd,39.99,39.99,N01-field-alias-or-whitespace
amazon-2025-07.csv,386,order_date,2025-07-27,2025-07-27,N01-field-alias-or-whitespace
amazon-2025-07.csv,386,quantity,1,1,N01-field-alias-or-whitespace
amazon-2025-07.csv,386,unit_price_usd,79.99,79.99,N01-field-alias-or-whitespace
amazon-2025-07.csv,387,order_date,2025-07-27,2025-07-27,N01-field-alias-or-whitespace
amazon-2025-07.csv,387,quantity,3,3,N01-field-alias-or-whitespace
amazon-2025-07.csv,387,unit_price_usd,14.99,14.99,N01-field-alias-or-whitespace
amazon-2025-07.csv,388,order_date,2025-07-27,2025-07-27,N01-field-alias-or-whitespace
amazon-2025-07.csv,388,quantity,1,1,N01-field-alias-or-whitespace
amazon-2025-07.csv,388,unit_price_usd,39.99,39.99,N01-field-alias-or-whitespace
amazon-2025-07.csv,389,order_date,2025-07-27,2025-07-27,N01-field-alias-or-whitespace
amazon-2025-07.csv,389,quantity,1,1,N01-field-alias-or-whitespace
amazon-2025-07.csv,389,unit_price_usd,79.99,79.99,N01-field-alias-or-whitespace
amazon-2025-07.csv,390,order_date,2025-07-27,2025-07-27,N01-field-alias-or-whitespace
amazon-2025-07.csv,390,quantity,2,2,N01-field-alias-or-whitespace
amazon-2025-07.csv,390,unit_price_usd,79.99,79.99,N01-field-alias-or-whitespace
amazon-2025-07.csv,391,order_date,2025-07-28,2025-07-28,N01-field-alias-or-whitespace
amazon-2025-07.csv,391,quantity,2,2,N01-field-alias-or-whitespace
amazon-2025-07.csv,391,unit_price_usd,24.99,24.99,N01-field-alias-or-whitespace
amazon-2025-07.csv,392,order_date,2025-07-28,2025-07-28,N01-field-alias-or-whitespace
amazon-2025-07.csv,392,quantity,1,1,N01-field-alias-or-whitespace
amazon-2025-07.csv,392,unit_price_usd,14.99,14.99,N01-field-alias-or-whitespace
amazon-2025-07.csv,393,order_date,2025-07-28,2025-07-28,N01-field-alias-or-whitespace
amazon-2025-07.csv,393,quantity,3,3,N01-field-alias-or-whitespace
amazon-2025-07.csv,393,unit_price_usd,14.99,14.99,N01-field-alias-or-whitespace
amazon-2025-07.csv,394,order_date,2025-07-28,2025-07-28,N01-field-alias-or-whitespace
amazon-2025-07.csv,394,quantity,2,2,N01-field-alias-or-whitespace
amazon-2025-07.csv,394,unit_price_usd,79.99,79.99,N01-field-alias-or-whitespace
amazon-2025-07.csv,395,order_date,2025-07-28,2025-07-28,N01-field-alias-or-whitespace
amazon-2025-07.csv,395,quantity,2,2,N01-field-alias-or-whitespace
amazon-2025-07.csv,395,unit_price_usd,24.99,24.99,N01-field-alias-or-whitespace
amazon-2025-07.csv,396,order_date,2025-07-28,2025-07-28,N01-field-alias-or-whitespace
amazon-2025-07.csv,396,quantity,3,3,N01-field-alias-or-whitespace
amazon-2025-07.csv,396,unit_price_usd,14.99,14.99,N01-field-alias-or-whitespace
amazon-2025-07.csv,397,order_date,2025-07-28,2025-07-28,N01-field-alias-or-whitespace
amazon-2025-07.csv,397,quantity,2,2,N01-field-alias-or-whitespace
amazon-2025-07.csv,397,unit_price_usd,$39.99,$39.99,N01-field-alias-or-whitespace
amazon-2025-07.csv,398,order_date,2025-07-28,2025-07-28,N01-field-alias-or-whitespace
amazon-2025-07.csv,398,country, ca ,ca,N01-field-alias-or-whitespace
amazon-2025-07.csv,398,quantity,3,3,N01-field-alias-or-whitespace
amazon-2025-07.csv,398,unit_price_usd,59.99,59.99,N01-field-alias-or-whitespace
amazon-2025-07.csv,399,order_date,2025-07-28,2025-07-28,N01-field-alias-or-whitespace
amazon-2025-07.csv,399,quantity,3,3,N01-field-alias-or-whitespace
amazon-2025-07.csv,399,unit_price_usd,24.99,24.99,N01-field-alias-or-whitespace
amazon-2025-07.csv,400,order_date,2025-07-28,2025-07-28,N01-field-alias-or-whitespace
amazon-2025-07.csv,400,quantity,3,3,N01-field-alias-or-whitespace
amazon-2025-07.csv,400,unit_price_usd,14.99,14.99,N01-field-alias-or-whitespace
amazon-2025-07.csv,401,order_date,2025-07-28,2025-07-28,N01-field-alias-or-whitespace
amazon-2025-07.csv,401,quantity,1,1,N01-field-alias-or-whitespace
amazon-2025-07.csv,401,unit_price_usd,14.99,14.99,N01-field-alias-or-whitespace
amazon-2025-07.csv,402,order_date,2025-07-28,2025-07-28,N01-field-alias-or-whitespace
amazon-2025-07.csv,402,quantity,3,3,N01-field-alias-or-whitespace
amazon-2025-07.csv,402,unit_price_usd,14.99,14.99,N01-field-alias-or-whitespace
amazon-2025-07.csv,403,order_date,2025-07-28,2025-07-28,N01-field-alias-or-whitespace
amazon-2025-07.csv,403,quantity,1,1,N01-field-alias-or-whitespace
amazon-2025-07.csv,403,unit_price_usd,39.99,39.99,N01-field-alias-or-whitespace
amazon-2025-07.csv,404,order_date,2025/07/28,2025/07/28,N01-field-alias-or-whitespace
amazon-2025-07.csv,404,quantity,3,3,N01-field-alias-or-whitespace
amazon-2025-07.csv,404,unit_price_usd,79.99,79.99,N01-field-alias-or-whitespace
amazon-2025-07.csv,405,order_date,2025-07-29,2025-07-29,N01-field-alias-or-whitespace
amazon-2025-07.csv,405,quantity,3,3,N01-field-alias-or-whitespace
amazon-2025-07.csv,405,unit_price_usd,59.99,59.99,N01-field-alias-or-whitespace
amazon-2025-07.csv,406,order_date,2025-07-29,2025-07-29,N01-field-alias-or-whitespace
amazon-2025-07.csv,406,quantity,3,3,N01-field-alias-or-whitespace
amazon-2025-07.csv,406,unit_price_usd,79.99,79.99,N01-field-alias-or-whitespace
amazon-2025-07.csv,407,order_date,2025-07-29,2025-07-29,N01-field-alias-or-whitespace
amazon-2025-07.csv,407,quantity,3,3,N01-field-alias-or-whitespace
amazon-2025-07.csv,407,unit_price_usd,79.99,79.99,N01-field-alias-or-whitespace
amazon-2025-07.csv,408,order_date,2025-07-29,2025-07-29,N01-field-alias-or-whitespace
amazon-2025-07.csv,408,quantity,2,2,N01-field-alias-or-whitespace
amazon-2025-07.csv,408,unit_price_usd,59.99,59.99,N01-field-alias-or-whitespace
amazon-2025-07.csv,409,order_date,2025-07-29,2025-07-29,N01-field-alias-or-whitespace
amazon-2025-07.csv,409,quantity,2,2,N01-field-alias-or-whitespace
amazon-2025-07.csv,409,unit_price_usd,14.99,14.99,N01-field-alias-or-whitespace
amazon-2025-07.csv,410,order_date,2025-07-29,2025-07-29,N01-field-alias-or-whitespace
amazon-2025-07.csv,410,quantity,1,1,N01-field-alias-or-whitespace
amazon-2025-07.csv,410,unit_price_usd,39.99,39.99,N01-field-alias-or-whitespace
amazon-2025-07.csv,411,order_date,2025-07-29,2025-07-29,N01-field-alias-or-whitespace
amazon-2025-07.csv,411,quantity,3,3,N01-field-alias-or-whitespace
amazon-2025-07.csv,411,unit_price_usd,79.99,79.99,N01-field-alias-or-whitespace
amazon-2025-07.csv,412,order_date,2025-07-29,2025-07-29,N01-field-alias-or-whitespace
amazon-2025-07.csv,412,quantity,1,1,N01-field-alias-or-whitespace
amazon-2025-07.csv,412,unit_price_usd,39.99,39.99,N01-field-alias-or-whitespace
amazon-2025-07.csv,413,order_date,2025-07-29,2025-07-29,N01-field-alias-or-whitespace
amazon-2025-07.csv,413,quantity,2,2,N01-field-alias-or-whitespace
amazon-2025-07.csv,413,unit_price_usd,59.99,59.99,N01-field-alias-or-whitespace
amazon-2025-07.csv,414,order_date,2025-07-29,2025-07-29,N01-field-alias-or-whitespace
amazon-2025-07.csv,414,quantity,2,2,N01-field-alias-or-whitespace
amazon-2025-07.csv,414,unit_price_usd,79.99,79.99,N01-field-alias-or-whitespace
amazon-2025-07.csv,415,order_date,2025/07/29,2025/07/29,N01-field-alias-or-whitespace
amazon-2025-07.csv,415,quantity,1,1,N01-field-alias-or-whitespace
amazon-2025-07.csv,415,unit_price_usd,79.99,79.99,N01-field-alias-or-whitespace
amazon-2025-07.csv,416,order_date,2025-07-29,2025-07-29,N01-field-alias-or-whitespace
amazon-2025-07.csv,416,quantity,2,2,N01-field-alias-or-whitespace
amazon-2025-07.csv,416,unit_price_usd,14.99,14.99,N01-field-alias-or-whitespace
amazon-2025-07.csv,417,order_date,2025-07-29,2025-07-29,N01-field-alias-or-whitespace
amazon-2025-07.csv,417,quantity,2,2,N01-field-alias-or-whitespace
amazon-2025-07.csv,417,unit_price_usd,14.99,14.99,N01-field-alias-or-whitespace
amazon-2025-07.csv,418,order_date,2025-07-29,2025-07-29,N01-field-alias-or-whitespace
amazon-2025-07.csv,418,quantity,1,1,N01-field-alias-or-whitespace
amazon-2025-07.csv,418,unit_price_usd,39.99,39.99,N01-field-alias-or-whitespace
amazon-2025-07.csv,419,order_date,2025-07-30,2025-07-30,N01-field-alias-or-whitespace
amazon-2025-07.csv,419,quantity,1,1,N01-field-alias-or-whitespace
amazon-2025-07.csv,419,unit_price_usd,59.99,59.99,N01-field-alias-or-whitespace
amazon-2025-07.csv,420,order_date,2025-07-30,2025-07-30,N01-field-alias-or-whitespace
amazon-2025-07.csv,420,quantity,3,3,N01-field-alias-or-whitespace
amazon-2025-07.csv,420,unit_price_usd,79.99,79.99,N01-field-alias-or-whitespace
amazon-2025-07.csv,421,order_date,2025-07-30,2025-07-30,N01-field-alias-or-whitespace
amazon-2025-07.csv,421,quantity,3,3,N01-field-alias-or-whitespace
amazon-2025-07.csv,421,unit_price_usd,79.99,79.99,N01-field-alias-or-whitespace
amazon-2025-07.csv,422,order_date,2025-07-30,2025-07-30,N01-field-alias-or-whitespace
amazon-2025-07.csv,422,quantity,3,3,N01-field-alias-or-whitespace
amazon-2025-07.csv,422,unit_price_usd,59.99,59.99,N01-field-alias-or-whitespace
amazon-2025-07.csv,423,order_date,2025-07-30,2025-07-30,N01-field-alias-or-whitespace
amazon-2025-07.csv,423,country, de ,de,N01-field-alias-or-whitespace
amazon-2025-07.csv,423,quantity,3,3,N01-field-alias-or-whitespace
amazon-2025-07.csv,423,unit_price_usd,24.99,24.99,N01-field-alias-or-whitespace
amazon-2025-07.csv,424,order_date,2025/07/30,2025/07/30,N01-field-alias-or-whitespace
amazon-2025-07.csv,424,quantity,1,1,N01-field-alias-or-whitespace
amazon-2025-07.csv,424,unit_price_usd,14.99,14.99,N01-field-alias-or-whitespace
amazon-2025-07.csv,425,order_date,2025-07-30,2025-07-30,N01-field-alias-or-whitespace
amazon-2025-07.csv,425,quantity,1,1,N01-field-alias-or-whitespace
amazon-2025-07.csv,425,unit_price_usd,14.99,14.99,N01-field-alias-or-whitespace
amazon-2025-07.csv,426,order_date,2025-07-30,2025-07-30,N01-field-alias-or-whitespace
amazon-2025-07.csv,426,quantity,2,2,N01-field-alias-or-whitespace
amazon-2025-07.csv,426,unit_price_usd,14.99,14.99,N01-field-alias-or-whitespace
amazon-2025-07.csv,427,order_date,2025-07-30,2025-07-30,N01-field-alias-or-whitespace
amazon-2025-07.csv,427,quantity,2,2,N01-field-alias-or-whitespace
amazon-2025-07.csv,427,unit_price_usd,59.99,59.99,N01-field-alias-or-whitespace
amazon-2025-07.csv,428,order_date,2025-07-30,2025-07-30,N01-field-alias-or-whitespace
amazon-2025-07.csv,428,quantity,2,2,N01-field-alias-or-whitespace
amazon-2025-07.csv,428,unit_price_usd,$39.99,$39.99,N01-field-alias-or-whitespace
amazon-2025-07.csv,429,order_date,2025-07-30,2025-07-30,N01-field-alias-or-whitespace
amazon-2025-07.csv,429,quantity,1,1,N01-field-alias-or-whitespace
amazon-2025-07.csv,429,unit_price_usd,24.99,24.99,N01-field-alias-or-whitespace
amazon-2025-07.csv,430,order_date,2025-07-30,2025-07-30,N01-field-alias-or-whitespace
amazon-2025-07.csv,430,quantity,2,2,N01-field-alias-or-whitespace
amazon-2025-07.csv,430,unit_price_usd,39.99,39.99,N01-field-alias-or-whitespace
amazon-2025-07.csv,431,order_date,2025-07-30,2025-07-30,N01-field-alias-or-whitespace
amazon-2025-07.csv,431,quantity,2,2,N01-field-alias-or-whitespace
amazon-2025-07.csv,431,unit_price_usd,24.99,24.99,N01-field-alias-or-whitespace
amazon-2025-07.csv,432,order_date,2025-07-30,2025-07-30,N01-field-alias-or-whitespace
amazon-2025-07.csv,432,quantity,3,3,N01-field-alias-or-whitespace
amazon-2025-07.csv,432,unit_price_usd,24.99,24.99,N01-field-alias-or-whitespace
amazon-2025-07.csv,433,order_date,2025-07-30,2025-07-30,N01-field-alias-or-whitespace
amazon-2025-07.csv,433,quantity,2,2,N01-field-alias-or-whitespace
amazon-2025-07.csv,433,unit_price_usd,24.99,24.99,N01-field-alias-or-whitespace
amazon-2025-07.csv,434,order_date,2025-07-30,2025-07-30,N01-field-alias-or-whitespace
amazon-2025-07.csv,434,quantity,2,2,N01-field-alias-or-whitespace
amazon-2025-07.csv,434,unit_price_usd,14.99,14.99,N01-field-alias-or-whitespace
amazon-2025-07.csv,435,order_date,2025-07-30,2025-07-30,N01-field-alias-or-whitespace
amazon-2025-07.csv,435,quantity,3,3,N01-field-alias-or-whitespace
amazon-2025-07.csv,435,unit_price_usd,14.99,14.99,N01-field-alias-or-whitespace
amazon-2025-07.csv,436,order_date,2025-07-31,2025-07-31,N01-field-alias-or-whitespace
amazon-2025-07.csv,436,quantity,3,3,N01-field-alias-or-whitespace
amazon-2025-07.csv,436,unit_price_usd,14.99,14.99,N01-field-alias-or-whitespace
amazon-2025-07.csv,437,order_date,2025-07-31,2025-07-31,N01-field-alias-or-whitespace
amazon-2025-07.csv,437,quantity,2,2,N01-field-alias-or-whitespace
amazon-2025-07.csv,437,unit_price_usd,39.99,39.99,N01-field-alias-or-whitespace
amazon-2025-07.csv,438,order_date,2025-07-31,2025-07-31,N01-field-alias-or-whitespace
amazon-2025-07.csv,438,quantity,1,1,N01-field-alias-or-whitespace
amazon-2025-07.csv,438,unit_price_usd,14.99,14.99,N01-field-alias-or-whitespace
amazon-2025-07.csv,439,order_date,2025-07-31,2025-07-31,N01-field-alias-or-whitespace
amazon-2025-07.csv,439,quantity,1,1,N01-field-alias-or-whitespace
amazon-2025-07.csv,439,unit_price_usd,24.99,24.99,N01-field-alias-or-whitespace
amazon-2025-07.csv,440,order_date,2025-07-31,2025-07-31,N01-field-alias-or-whitespace
amazon-2025-07.csv,440,quantity,3,3,N01-field-alias-or-whitespace
amazon-2025-07.csv,440,unit_price_usd,24.99,24.99,N01-field-alias-or-whitespace
amazon-2025-07.csv,441,order_date,2025-07-31,2025-07-31,N01-field-alias-or-whitespace
amazon-2025-07.csv,441,country, ca ,ca,N01-field-alias-or-whitespace
amazon-2025-07.csv,441,quantity,1,1,N01-field-alias-or-whitespace
amazon-2025-07.csv,441,unit_price_usd,24.99,24.99,N01-field-alias-or-whitespace
amazon-2025-07.csv,442,order_date,2025-07-31,2025-07-31,N01-field-alias-or-whitespace
amazon-2025-07.csv,442,quantity,2,2,N01-field-alias-or-whitespace
amazon-2025-07.csv,442,unit_price_usd,24.99,24.99,N01-field-alias-or-whitespace
amazon-2025-07.csv,443,order_date,2025-07-31,2025-07-31,N01-field-alias-or-whitespace
amazon-2025-07.csv,443,quantity,3,3,N01-field-alias-or-whitespace
amazon-2025-07.csv,443,unit_price_usd,39.99,39.99,N01-field-alias-or-whitespace
amazon-2025-07.csv,444,order_date,2025-07-31,2025-07-31,N01-field-alias-or-whitespace
amazon-2025-07.csv,444,quantity,2,2,N01-field-alias-or-whitespace
amazon-2025-07.csv,444,unit_price_usd,24.99,24.99,N01-field-alias-or-whitespace
amazon-2025-07.csv,445,order_date,2025-07-31,2025-07-31,N01-field-alias-or-whitespace
amazon-2025-07.csv,445,quantity,1,1,N01-field-alias-or-whitespace
amazon-2025-07.csv,445,unit_price_usd,39.99,39.99,N01-field-alias-or-whitespace
amazon-2025-07.csv,446,order_date,2025-07-31,2025-07-31,N01-field-alias-or-whitespace
amazon-2025-07.csv,446,quantity,1,1,N01-field-alias-or-whitespace
amazon-2025-07.csv,446,unit_price_usd,79.99,79.99,N01-field-alias-or-whitespace
amazon-2025-07.csv,447,order_date,2025-07-07,2025-07-07,N01-field-alias-or-whitespace
amazon-2025-07.csv,447,quantity,2,2,N01-field-alias-or-whitespace
amazon-2025-07.csv,447,unit_price_usd,79.99,79.99,N01-field-alias-or-whitespace
amazon-2025-07.csv,448,order_date,2025-07-14,2025-07-14,N01-field-alias-or-whitespace
amazon-2025-07.csv,448,quantity,2,2,N01-field-alias-or-whitespace
amazon-2025-07.csv,448,unit_price_usd,59.99,59.99,N01-field-alias-or-whitespace
amazon-2025-07.csv,449,order_date,2025-07-21,2025-07-21,N01-field-alias-or-whitespace
amazon-2025-07.csv,449,quantity,1,1,N01-field-alias-or-whitespace
amazon-2025-07.csv,449,unit_price_usd,79.99,79.99,N01-field-alias-or-whitespace
amazon-2025-07.csv,450,order_date,2025-07-28,2025-07-28,N01-field-alias-or-whitespace
amazon-2025-07.csv,450,quantity,3,3,N01-field-alias-or-whitespace
amazon-2025-07.csv,450,unit_price_usd,24.99,24.99,N01-field-alias-or-whitespace
amazon-2025-08.csv,2,order_date,2025-08-01,2025-08-01,N01-field-alias-or-whitespace
amazon-2025-08.csv,2,quantity,2,2,N01-field-alias-or-whitespace
amazon-2025-08.csv,2,unit_price_usd,79.99,79.99,N01-field-alias-or-whitespace
amazon-2025-08.csv,3,order_date,2025-08-01,2025-08-01,N01-field-alias-or-whitespace
amazon-2025-08.csv,3,quantity,2,2,N01-field-alias-or-whitespace
amazon-2025-08.csv,3,unit_price_usd,79.99,79.99,N01-field-alias-or-whitespace
amazon-2025-08.csv,4,order_date,2025-08-01,2025-08-01,N01-field-alias-or-whitespace
amazon-2025-08.csv,4,quantity,1,1,N01-field-alias-or-whitespace
amazon-2025-08.csv,4,unit_price_usd,79.99,79.99,N01-field-alias-or-whitespace
amazon-2025-08.csv,5,order_date,2025-08-01,2025-08-01,N01-field-alias-or-whitespace
amazon-2025-08.csv,5,quantity,3,3,N01-field-alias-or-whitespace
amazon-2025-08.csv,5,unit_price_usd,59.99,59.99,N01-field-alias-or-whitespace
amazon-2025-08.csv,6,order_date,2025-08-01,2025-08-01,N01-field-alias-or-whitespace
amazon-2025-08.csv,6,quantity,3,3,N01-field-alias-or-whitespace
amazon-2025-08.csv,6,unit_price_usd,39.99,39.99,N01-field-alias-or-whitespace
amazon-2025-08.csv,7,order_date,2025-08-01,2025-08-01,N01-field-alias-or-whitespace
amazon-2025-08.csv,7,quantity,2,2,N01-field-alias-or-whitespace
amazon-2025-08.csv,7,unit_price_usd,39.99,39.99,N01-field-alias-or-whitespace
amazon-2025-08.csv,8,order_date,2025-08-01,2025-08-01,N01-field-alias-or-whitespace
amazon-2025-08.csv,8,quantity,3,3,N01-field-alias-or-whitespace
amazon-2025-08.csv,8,unit_price_usd,39.99,39.99,N01-field-alias-or-whitespace
amazon-2025-08.csv,9,order_date,2025-08-01,2025-08-01,N01-field-alias-or-whitespace
amazon-2025-08.csv,9,quantity,2,2,N01-field-alias-or-whitespace
amazon-2025-08.csv,9,unit_price_usd,39.99,39.99,N01-field-alias-or-whitespace
amazon-2025-08.csv,10,order_date,2025-08-01,2025-08-01,N01-field-alias-or-whitespace
amazon-2025-08.csv,10,quantity,3,3,N01-field-alias-or-whitespace
amazon-2025-08.csv,10,unit_price_usd,$59.99,$59.99,N01-field-alias-or-whitespace
amazon-2025-08.csv,11,order_date,2025-08-01,2025-08-01,N01-field-alias-or-whitespace
amazon-2025-08.csv,11,quantity,1,1,N01-field-alias-or-whitespace
amazon-2025-08.csv,11,unit_price_usd,79.99,79.99,N01-field-alias-or-whitespace
amazon-2025-08.csv,12,order_date,2025-08-01,2025-08-01,N01-field-alias-or-whitespace
amazon-2025-08.csv,12,quantity,3,3,N01-field-alias-or-whitespace
amazon-2025-08.csv,12,unit_price_usd,79.99,79.99,N01-field-alias-or-whitespace
amazon-2025-08.csv,13,order_date,2025-08-01,2025-08-01,N01-field-alias-or-whitespace
amazon-2025-08.csv,13,quantity,1,1,N01-field-alias-or-whitespace
amazon-2025-08.csv,13,unit_price_usd,79.99,79.99,N01-field-alias-or-whitespace
amazon-2025-08.csv,14,order_date,2025-08-01,2025-08-01,N01-field-alias-or-whitespace
amazon-2025-08.csv,14,quantity,1,1,N01-field-alias-or-whitespace
amazon-2025-08.csv,14,unit_price_usd,59.99,59.99,N01-field-alias-or-whitespace
amazon-2025-08.csv,15,order_date,2025-08-01,2025-08-01,N01-field-alias-or-whitespace
amazon-2025-08.csv,15,quantity,3,3,N01-field-alias-or-whitespace
amazon-2025-08.csv,15,unit_price_usd,79.99,79.99,N01-field-alias-or-whitespace
amazon-2025-08.csv,16,order_date,2025-08-01,2025-08-01,N01-field-alias-or-whitespace
amazon-2025-08.csv,16,country, us ,us,N01-field-alias-or-whitespace
amazon-2025-08.csv,16,quantity,2,2,N01-field-alias-or-whitespace
amazon-2025-08.csv,16,unit_price_usd,24.99,24.99,N01-field-alias-or-whitespace
amazon-2025-08.csv,17,order_date,2025-08-01,2025-08-01,N01-field-alias-or-whitespace
amazon-2025-08.csv,17,quantity,1,1,N01-field-alias-or-whitespace
amazon-2025-08.csv,17,unit_price_usd,79.99,79.99,N01-field-alias-or-whitespace
amazon-2025-08.csv,18,order_date,2025-08-02,2025-08-02,N01-field-alias-or-whitespace
amazon-2025-08.csv,18,quantity,2,2,N01-field-alias-or-whitespace
amazon-2025-08.csv,18,unit_price_usd,39.99,39.99,N01-field-alias-or-whitespace
amazon-2025-08.csv,19,order_date,2025-08-02,2025-08-02,N01-field-alias-or-whitespace
amazon-2025-08.csv,19,country, de ,de,N01-field-alias-or-whitespace
amazon-2025-08.csv,19,quantity,3,3,N01-field-alias-or-whitespace
amazon-2025-08.csv,19,unit_price_usd,14.99,14.99,N01-field-alias-or-whitespace
amazon-2025-08.csv,20,order_date,2025-08-02,2025-08-02,N01-field-alias-or-whitespace
amazon-2025-08.csv,20,quantity,2,2,N01-field-alias-or-whitespace
amazon-2025-08.csv,20,unit_price_usd,39.99,39.99,N01-field-alias-or-whitespace
amazon-2025-08.csv,21,order_date,2025-08-02,2025-08-02,N01-field-alias-or-whitespace
amazon-2025-08.csv,21,quantity,2,2,N01-field-alias-or-whitespace
amazon-2025-08.csv,21,unit_price_usd,24.99,24.99,N01-field-alias-or-whitespace
amazon-2025-08.csv,22,order_date,2025-08-02,2025-08-02,N01-field-alias-or-whitespace
amazon-2025-08.csv,22,quantity,1,1,N01-field-alias-or-whitespace
amazon-2025-08.csv,22,unit_price_usd,59.99,59.99,N01-field-alias-or-whitespace
amazon-2025-08.csv,23,order_date,2025-08-02,2025-08-02,N01-field-alias-or-whitespace
amazon-2025-08.csv,23,quantity,2,2,N01-field-alias-or-whitespace
amazon-2025-08.csv,23,unit_price_usd,14.99,14.99,N01-field-alias-or-whitespace
amazon-2025-08.csv,24,order_date,2025-08-02,2025-08-02,N01-field-alias-or-whitespace
amazon-2025-08.csv,24,quantity,3,3,N01-field-alias-or-whitespace
amazon-2025-08.csv,24,unit_price_usd,59.99,59.99,N01-field-alias-or-whitespace
amazon-2025-08.csv,25,order_date,2025-08-02,2025-08-02,N01-field-alias-or-whitespace
amazon-2025-08.csv,25,quantity,2,2,N01-field-alias-or-whitespace
amazon-2025-08.csv,25,unit_price_usd,24.99,24.99,N01-field-alias-or-whitespace
amazon-2025-08.csv,26,order_date,2025-08-02,2025-08-02,N01-field-alias-or-whitespace
amazon-2025-08.csv,26,quantity,1,1,N01-field-alias-or-whitespace
amazon-2025-08.csv,26,unit_price_usd,14.99,14.99,N01-field-alias-or-whitespace
amazon-2025-08.csv,27,order_date,2025/08/02,2025/08/02,N01-field-alias-or-whitespace
amazon-2025-08.csv,27,quantity,3,3,N01-field-alias-or-whitespace
amazon-2025-08.csv,27,unit_price_usd,24.99,24.99,N01-field-alias-or-whitespace
amazon-2025-08.csv,28,order_date,2025-08-02,2025-08-02,N01-field-alias-or-whitespace
amazon-2025-08.csv,28,quantity,2,2,N01-field-alias-or-whitespace
amazon-2025-08.csv,28,unit_price_usd,79.99,79.99,N01-field-alias-or-whitespace
amazon-2025-08.csv,29,order_date,2025-08-02,2025-08-02,N01-field-alias-or-whitespace
amazon-2025-08.csv,29,quantity,3,3,N01-field-alias-or-whitespace
amazon-2025-08.csv,29,unit_price_usd,39.99,39.99,N01-field-alias-or-whitespace
amazon-2025-08.csv,30,order_date,2025-08-02,2025-08-02,N01-field-alias-or-whitespace
amazon-2025-08.csv,30,quantity,1,1,N01-field-alias-or-whitespace
amazon-2025-08.csv,30,unit_price_usd,14.99,14.99,N01-field-alias-or-whitespace
amazon-2025-08.csv,31,order_date,2025-08-03,2025-08-03,N01-field-alias-or-whitespace
amazon-2025-08.csv,31,quantity,2,2,N01-field-alias-or-whitespace
amazon-2025-08.csv,31,unit_price_usd,59.99,59.99,N01-field-alias-or-whitespace
amazon-2025-08.csv,32,order_date,2025-08-03,2025-08-03,N01-field-alias-or-whitespace
amazon-2025-08.csv,32,quantity,3,3,N01-field-alias-or-whitespace
amazon-2025-08.csv,32,unit_price_usd,59.99,59.99,N01-field-alias-or-whitespace
amazon-2025-08.csv,33,order_date,2025-08-03,2025-08-03,N01-field-alias-or-whitespace
amazon-2025-08.csv,33,quantity,3,3,N01-field-alias-or-whitespace
amazon-2025-08.csv,33,unit_price_usd,39.99,39.99,N01-field-alias-or-whitespace
amazon-2025-08.csv,34,order_date,2025-08-03,2025-08-03,N01-field-alias-or-whitespace
amazon-2025-08.csv,34,quantity,1,1,N01-field-alias-or-whitespace
amazon-2025-08.csv,34,unit_price_usd,39.99,39.99,N01-field-alias-or-whitespace
amazon-2025-08.csv,35,order_date,2025-08-03,2025-08-03,N01-field-alias-or-whitespace
amazon-2025-08.csv,35,quantity,1,1,N01-field-alias-or-whitespace
amazon-2025-08.csv,35,unit_price_usd,79.99,79.99,N01-field-alias-or-whitespace
amazon-2025-08.csv,36,order_date,2025/08/03,2025/08/03,N01-field-alias-or-whitespace
amazon-2025-08.csv,36,quantity,1,1,N01-field-alias-or-whitespace
amazon-2025-08.csv,36,unit_price_usd,24.99,24.99,N01-field-alias-or-whitespace
amazon-2025-08.csv,37,order_date,2025-08-03,2025-08-03,N01-field-alias-or-whitespace
amazon-2025-08.csv,37,quantity,1,1,N01-field-alias-or-whitespace
amazon-2025-08.csv,37,unit_price_usd,14.99,14.99,N01-field-alias-or-whitespace
amazon-2025-08.csv,38,order_date,2025-08-03,2025-08-03,N01-field-alias-or-whitespace
amazon-2025-08.csv,38,quantity,1,1,N01-field-alias-or-whitespace
amazon-2025-08.csv,38,unit_price_usd,59.99,59.99,N01-field-alias-or-whitespace
amazon-2025-08.csv,39,order_date,2025-08-03,2025-08-03,N01-field-alias-or-whitespace
amazon-2025-08.csv,39,country, us ,us,N01-field-alias-or-whitespace
amazon-2025-08.csv,39,quantity,2,2,N01-field-alias-or-whitespace
amazon-2025-08.csv,39,unit_price_usd,$24.99,$24.99,N01-field-alias-or-whitespace
amazon-2025-08.csv,40,order_date,2025-08-03,2025-08-03,N01-field-alias-or-whitespace
amazon-2025-08.csv,40,quantity,2,2,N01-field-alias-or-whitespace
amazon-2025-08.csv,40,unit_price_usd,79.99,79.99,N01-field-alias-or-whitespace
amazon-2025-08.csv,41,order_date,2025-08-03,2025-08-03,N01-field-alias-or-whitespace
amazon-2025-08.csv,41,quantity,3,3,N01-field-alias-or-whitespace
amazon-2025-08.csv,41,unit_price_usd,24.99,24.99,N01-field-alias-or-whitespace
amazon-2025-08.csv,42,order_date,2025-08-03,2025-08-03,N01-field-alias-or-whitespace
amazon-2025-08.csv,42,quantity,1,1,N01-field-alias-or-whitespace
amazon-2025-08.csv,42,unit_price_usd,14.99,14.99,N01-field-alias-or-whitespace
amazon-2025-08.csv,43,order_date,2025-08-03,2025-08-03,N01-field-alias-or-whitespace
amazon-2025-08.csv,43,quantity,1,1,N01-field-alias-or-whitespace
amazon-2025-08.csv,43,unit_price_usd,59.99,59.99,N01-field-alias-or-whitespace
amazon-2025-08.csv,44,order_date,2025-08-03,2025-08-03,N01-field-alias-or-whitespace
amazon-2025-08.csv,44,quantity,2,2,N01-field-alias-or-whitespace
amazon-2025-08.csv,44,unit_price_usd,79.99,79.99,N01-field-alias-or-whitespace
amazon-2025-08.csv,45,order_date,2025-08-03,2025-08-03,N01-field-alias-or-whitespace
amazon-2025-08.csv,45,quantity,3,3,N01-field-alias-or-whitespace
amazon-2025-08.csv,45,unit_price_usd,39.99,39.99,N01-field-alias-or-whitespace
amazon-2025-08.csv,46,order_date,2025-08-03,2025-08-03,N01-field-alias-or-whitespace
amazon-2025-08.csv,46,quantity,1,1,N01-field-alias-or-whitespace
amazon-2025-08.csv,46,unit_price_usd,59.99,59.99,N01-field-alias-or-whitespace
amazon-2025-08.csv,47,order_date,2025-08-03,2025-08-03,N01-field-alias-or-whitespace
amazon-2025-08.csv,47,quantity,2,2,N01-field-alias-or-whitespace
amazon-2025-08.csv,47,unit_price_usd,59.99,59.99,N01-field-alias-or-whitespace
amazon-2025-08.csv,48,order_date,2025-08-04,2025-08-04,N01-field-alias-or-whitespace
amazon-2025-08.csv,48,quantity,2,2,N01-field-alias-or-whitespace
amazon-2025-08.csv,48,unit_price_usd,39.99,39.99,N01-field-alias-or-whitespace
amazon-2025-08.csv,49,order_date,2025-08-04,2025-08-04,N01-field-alias-or-whitespace
amazon-2025-08.csv,49,quantity,3,3,N01-field-alias-or-whitespace
amazon-2025-08.csv,49,unit_price_usd,24.99,24.99,N01-field-alias-or-whitespace
amazon-2025-08.csv,50,order_date,2025-08-04,2025-08-04,N01-field-alias-or-whitespace
amazon-2025-08.csv,50,quantity,1,1,N01-field-alias-or-whitespace
amazon-2025-08.csv,50,unit_price_usd,79.99,79.99,N01-field-alias-or-whitespace
amazon-2025-08.csv,51,order_date,2025-08-04,2025-08-04,N01-field-alias-or-whitespace
amazon-2025-08.csv,51,quantity,1,1,N01-field-alias-or-whitespace
amazon-2025-08.csv,51,unit_price_usd,59.99,59.99,N01-field-alias-or-whitespace
amazon-2025-08.csv,52,order_date,2025-08-04,2025-08-04,N01-field-alias-or-whitespace
amazon-2025-08.csv,52,quantity,1,1,N01-field-alias-or-whitespace
amazon-2025-08.csv,52,unit_price_usd,14.99,14.99,N01-field-alias-or-whitespace
amazon-2025-08.csv,53,order_date,2025-08-04,2025-08-04,N01-field-alias-or-whitespace
amazon-2025-08.csv,53,quantity,1,1,N01-field-alias-or-whitespace
amazon-2025-08.csv,53,unit_price_usd,59.99,59.99,N01-field-alias-or-whitespace
amazon-2025-08.csv,54,order_date,2025-08-04,2025-08-04,N01-field-alias-or-whitespace
amazon-2025-08.csv,54,quantity,2,2,N01-field-alias-or-whitespace
amazon-2025-08.csv,54,unit_price_usd,39.99,39.99,N01-field-alias-or-whitespace
amazon-2025-08.csv,55,order_date,2025-08-04,2025-08-04,N01-field-alias-or-whitespace
amazon-2025-08.csv,55,quantity,2,2,N01-field-alias-or-whitespace
amazon-2025-08.csv,55,unit_price_usd,14.99,14.99,N01-field-alias-or-whitespace
amazon-2025-08.csv,56,order_date,2025-08-04,2025-08-04,N01-field-alias-or-whitespace
amazon-2025-08.csv,56,quantity,3,3,N01-field-alias-or-whitespace
amazon-2025-08.csv,56,unit_price_usd,59.99,59.99,N01-field-alias-or-whitespace
amazon-2025-08.csv,57,order_date,2025-08-04,2025-08-04,N01-field-alias-or-whitespace
amazon-2025-08.csv,57,quantity,1,1,N01-field-alias-or-whitespace
amazon-2025-08.csv,57,unit_price_usd,79.99,79.99,N01-field-alias-or-whitespace
amazon-2025-08.csv,58,order_date,2025-08-04,2025-08-04,N01-field-alias-or-whitespace
amazon-2025-08.csv,58,country, us ,us,N01-field-alias-or-whitespace
amazon-2025-08.csv,58,quantity,2,2,N01-field-alias-or-whitespace
amazon-2025-08.csv,58,unit_price_usd,79.99,79.99,N01-field-alias-or-whitespace
amazon-2025-08.csv,59,order_date,2025-08-04,2025-08-04,N01-field-alias-or-whitespace
amazon-2025-08.csv,59,quantity,2,2,N01-field-alias-or-whitespace
amazon-2025-08.csv,59,unit_price_usd,59.99,59.99,N01-field-alias-or-whitespace
amazon-2025-08.csv,60,order_date,2025-08-04,2025-08-04,N01-field-alias-or-whitespace
amazon-2025-08.csv,60,quantity,2,2,N01-field-alias-or-whitespace
amazon-2025-08.csv,60,unit_price_usd,59.99,59.99,N01-field-alias-or-whitespace
amazon-2025-08.csv,61,order_date,2025-08-04,2025-08-04,N01-field-alias-or-whitespace
amazon-2025-08.csv,61,quantity,1,1,N01-field-alias-or-whitespace
amazon-2025-08.csv,61,unit_price_usd,79.99,79.99,N01-field-alias-or-whitespace
amazon-2025-08.csv,62,order_date,2025-08-04,2025-08-04,N01-field-alias-or-whitespace
amazon-2025-08.csv,62,quantity,2,2,N01-field-alias-or-whitespace
amazon-2025-08.csv,62,unit_price_usd,$14.99,$14.99,N01-field-alias-or-whitespace
amazon-2025-08.csv,63,order_date,2025-08-04,2025-08-04,N01-field-alias-or-whitespace
amazon-2025-08.csv,63,quantity,2,2,N01-field-alias-or-whitespace
amazon-2025-08.csv,63,unit_price_usd,79.99,79.99,N01-field-alias-or-whitespace
amazon-2025-08.csv,64,order_date,2025-08-05,2025-08-05,N01-field-alias-or-whitespace
amazon-2025-08.csv,64,quantity,1,1,N01-field-alias-or-whitespace
amazon-2025-08.csv,64,unit_price_usd,39.99,39.99,N01-field-alias-or-whitespace
amazon-2025-08.csv,65,order_date,2025-08-05,2025-08-05,N01-field-alias-or-whitespace
amazon-2025-08.csv,65,quantity,3,3,N01-field-alias-or-whitespace
amazon-2025-08.csv,65,unit_price_usd,$59.99,$59.99,N01-field-alias-or-whitespace
amazon-2025-08.csv,66,order_date,2025-08-05,2025-08-05,N01-field-alias-or-whitespace
amazon-2025-08.csv,66,quantity,1,1,N01-field-alias-or-whitespace
amazon-2025-08.csv,66,unit_price_usd,59.99,59.99,N01-field-alias-or-whitespace
amazon-2025-08.csv,67,order_date,2025-08-05,2025-08-05,N01-field-alias-or-whitespace
amazon-2025-08.csv,67,quantity,3,3,N01-field-alias-or-whitespace
amazon-2025-08.csv,67,unit_price_usd,79.99,79.99,N01-field-alias-or-whitespace
amazon-2025-08.csv,68,order_date,2025-08-05,2025-08-05,N01-field-alias-or-whitespace
amazon-2025-08.csv,68,quantity,3,3,N01-field-alias-or-whitespace
amazon-2025-08.csv,68,unit_price_usd,24.99,24.99,N01-field-alias-or-whitespace
amazon-2025-08.csv,69,order_date,2025-08-05,2025-08-05,N01-field-alias-or-whitespace
amazon-2025-08.csv,69,quantity,1,1,N01-field-alias-or-whitespace
amazon-2025-08.csv,69,unit_price_usd,59.99,59.99,N01-field-alias-or-whitespace
amazon-2025-08.csv,70,order_date,2025-08-05,2025-08-05,N01-field-alias-or-whitespace
amazon-2025-08.csv,70,quantity,3,3,N01-field-alias-or-whitespace
amazon-2025-08.csv,70,unit_price_usd,79.99,79.99,N01-field-alias-or-whitespace
amazon-2025-08.csv,71,order_date,2025-08-05,2025-08-05,N01-field-alias-or-whitespace
amazon-2025-08.csv,71,quantity,3,3,N01-field-alias-or-whitespace
amazon-2025-08.csv,71,unit_price_usd,39.99,39.99,N01-field-alias-or-whitespace
amazon-2025-08.csv,72,order_date,2025-08-05,2025-08-05,N01-field-alias-or-whitespace
amazon-2025-08.csv,72,quantity,2,2,N01-field-alias-or-whitespace
amazon-2025-08.csv,72,unit_price_usd,59.99,59.99,N01-field-alias-or-whitespace
amazon-2025-08.csv,73,order_date,2025-08-05,2025-08-05,N01-field-alias-or-whitespace
amazon-2025-08.csv,73,quantity,2,2,N01-field-alias-or-whitespace
amazon-2025-08.csv,73,unit_price_usd,79.99,79.99,N01-field-alias-or-whitespace
amazon-2025-08.csv,74,order_date,2025/08/05,2025/08/05,N01-field-alias-or-whitespace
amazon-2025-08.csv,74,quantity,1,1,N01-field-alias-or-whitespace
amazon-2025-08.csv,74,unit_price_usd,59.99,59.99,N01-field-alias-or-whitespace
amazon-2025-08.csv,75,order_date,2025-08-05,2025-08-05,N01-field-alias-or-whitespace
amazon-2025-08.csv,75,quantity,3,3,N01-field-alias-or-whitespace
amazon-2025-08.csv,75,unit_price_usd,79.99,79.99,N01-field-alias-or-whitespace
amazon-2025-08.csv,76,order_date,2025-08-05,2025-08-05,N01-field-alias-or-whitespace
amazon-2025-08.csv,76,country, de ,de,N01-field-alias-or-whitespace
amazon-2025-08.csv,76,quantity,2,2,N01-field-alias-or-whitespace
amazon-2025-08.csv,76,unit_price_usd,14.99,14.99,N01-field-alias-or-whitespace
amazon-2025-08.csv,77,order_date,2025-08-05,2025-08-05,N01-field-alias-or-whitespace
amazon-2025-08.csv,77,quantity,2,2,N01-field-alias-or-whitespace
amazon-2025-08.csv,77,unit_price_usd,24.99,24.99,N01-field-alias-or-whitespace
amazon-2025-08.csv,78,order_date,2025-08-05,2025-08-05,N01-field-alias-or-whitespace
amazon-2025-08.csv,78,quantity,2,2,N01-field-alias-or-whitespace
amazon-2025-08.csv,78,unit_price_usd,39.99,39.99,N01-field-alias-or-whitespace
amazon-2025-08.csv,79,order_date,2025-08-05,2025-08-05,N01-field-alias-or-whitespace
amazon-2025-08.csv,79,quantity,2,2,N01-field-alias-or-whitespace
amazon-2025-08.csv,79,unit_price_usd,24.99,24.99,N01-field-alias-or-whitespace
amazon-2025-08.csv,80,order_date,2025-08-05,2025-08-05,N01-field-alias-or-whitespace
amazon-2025-08.csv,80,quantity,1,1,N01-field-alias-or-whitespace
amazon-2025-08.csv,80,unit_price_usd,24.99,24.99,N01-field-alias-or-whitespace
amazon-2025-08.csv,81,order_date,2025-08-06,2025-08-06,N01-field-alias-or-whitespace
amazon-2025-08.csv,81,quantity,2,2,N01-field-alias-or-whitespace
amazon-2025-08.csv,81,unit_price_usd,14.99,14.99,N01-field-alias-or-whitespace
amazon-2025-08.csv,82,order_date,2025-08-06,2025-08-06,N01-field-alias-or-whitespace
amazon-2025-08.csv,82,quantity,2,2,N01-field-alias-or-whitespace
amazon-2025-08.csv,82,unit_price_usd,14.99,14.99,N01-field-alias-or-whitespace
amazon-2025-08.csv,83,order_date,2025/08/06,2025/08/06,N01-field-alias-or-whitespace
amazon-2025-08.csv,83,quantity,3,3,N01-field-alias-or-whitespace
amazon-2025-08.csv,83,unit_price_usd,14.99,14.99,N01-field-alias-or-whitespace
amazon-2025-08.csv,84,order_date,2025-08-06,2025-08-06,N01-field-alias-or-whitespace
amazon-2025-08.csv,84,quantity,3,3,N01-field-alias-or-whitespace
amazon-2025-08.csv,84,unit_price_usd,79.99,79.99,N01-field-alias-or-whitespace
amazon-2025-08.csv,85,order_date,2025-08-06,2025-08-06,N01-field-alias-or-whitespace
amazon-2025-08.csv,85,quantity,1,1,N01-field-alias-or-whitespace
amazon-2025-08.csv,85,unit_price_usd,14.99,14.99,N01-field-alias-or-whitespace
amazon-2025-08.csv,86,order_date,2025-08-06,2025-08-06,N01-field-alias-or-whitespace
amazon-2025-08.csv,86,quantity,3,3,N01-field-alias-or-whitespace
amazon-2025-08.csv,86,unit_price_usd,24.99,24.99,N01-field-alias-or-whitespace
amazon-2025-08.csv,87,order_date,2025-08-06,2025-08-06,N01-field-alias-or-whitespace
amazon-2025-08.csv,87,quantity,3,3,N01-field-alias-or-whitespace
amazon-2025-08.csv,87,unit_price_usd,39.99,39.99,N01-field-alias-or-whitespace
amazon-2025-08.csv,88,order_date,2025-08-06,2025-08-06,N01-field-alias-or-whitespace
amazon-2025-08.csv,88,quantity,2,2,N01-field-alias-or-whitespace
amazon-2025-08.csv,88,unit_price_usd,24.99,24.99,N01-field-alias-or-whitespace
amazon-2025-08.csv,89,order_date,2025-08-06,2025-08-06,N01-field-alias-or-whitespace
amazon-2025-08.csv,89,quantity,1,1,N01-field-alias-or-whitespace
amazon-2025-08.csv,89,unit_price_usd,$14.99,$14.99,N01-field-alias-or-whitespace
amazon-2025-08.csv,90,order_date,2025-08-06,2025-08-06,N01-field-alias-or-whitespace
amazon-2025-08.csv,90,quantity,3,3,N01-field-alias-or-whitespace
amazon-2025-08.csv,90,unit_price_usd,39.99,39.99,N01-field-alias-or-whitespace
amazon-2025-08.csv,91,order_date,2025-08-06,2025-08-06,N01-field-alias-or-whitespace
amazon-2025-08.csv,91,quantity,1,1,N01-field-alias-or-whitespace
amazon-2025-08.csv,91,unit_price_usd,39.99,39.99,N01-field-alias-or-whitespace
amazon-2025-08.csv,92,order_date,2025-08-06,2025-08-06,N01-field-alias-or-whitespace
amazon-2025-08.csv,92,quantity,2,2,N01-field-alias-or-whitespace
amazon-2025-08.csv,92,unit_price_usd,39.99,39.99,N01-field-alias-or-whitespace
amazon-2025-08.csv,93,order_date,2025-08-06,2025-08-06,N01-field-alias-or-whitespace
amazon-2025-08.csv,93,quantity,1,1,N01-field-alias-or-whitespace
amazon-2025-08.csv,93,unit_price_usd,59.99,59.99,N01-field-alias-or-whitespace
amazon-2025-08.csv,94,order_date,2025-08-07,2025-08-07,N01-field-alias-or-whitespace
amazon-2025-08.csv,94,quantity,2,2,N01-field-alias-or-whitespace
amazon-2025-08.csv,94,unit_price_usd,79.99,79.99,N01-field-alias-or-whitespace
amazon-2025-08.csv,95,order_date,2025-08-07,2025-08-07,N01-field-alias-or-whitespace
amazon-2025-08.csv,95,quantity,3,3,N01-field-alias-or-whitespace
amazon-2025-08.csv,95,unit_price_usd,24.99,24.99,N01-field-alias-or-whitespace
amazon-2025-08.csv,96,order_date,2025-08-07,2025-08-07,N01-field-alias-or-whitespace
amazon-2025-08.csv,96,quantity,3,3,N01-field-alias-or-whitespace
amazon-2025-08.csv,96,unit_price_usd,79.99,79.99,N01-field-alias-or-whitespace
amazon-2025-08.csv,97,order_date,2025-08-07,2025-08-07,N01-field-alias-or-whitespace
amazon-2025-08.csv,97,country, us ,us,N01-field-alias-or-whitespace
amazon-2025-08.csv,97,quantity,2,2,N01-field-alias-or-whitespace
amazon-2025-08.csv,97,unit_price_usd,39.99,39.99,N01-field-alias-or-whitespace
amazon-2025-08.csv,98,order_date,2025-08-07,2025-08-07,N01-field-alias-or-whitespace
amazon-2025-08.csv,98,quantity,1,1,N01-field-alias-or-whitespace
amazon-2025-08.csv,98,unit_price_usd,39.99,39.99,N01-field-alias-or-whitespace
amazon-2025-08.csv,99,order_date,2025-08-07,2025-08-07,N01-field-alias-or-whitespace
amazon-2025-08.csv,99,quantity,1,1,N01-field-alias-or-whitespace
amazon-2025-08.csv,99,unit_price_usd,24.99,24.99,N01-field-alias-or-whitespace
amazon-2025-08.csv,100,order_date,2025-08-07,2025-08-07,N01-field-alias-or-whitespace
amazon-2025-08.csv,100,quantity,1,1,N01-field-alias-or-whitespace
amazon-2025-08.csv,100,unit_price_usd,24.99,24.99,N01-field-alias-or-whitespace
amazon-2025-08.csv,101,order_date,2025-08-07,2025-08-07,N01-field-alias-or-whitespace
amazon-2025-08.csv,101,quantity,3,3,N01-field-alias-or-whitespace
amazon-2025-08.csv,101,unit_price_usd,24.99,24.99,N01-field-alias-or-whitespace
amazon-2025-08.csv,102,order_date,2025-08-07,2025-08-07,N01-field-alias-or-whitespace
amazon-2025-08.csv,102,quantity,3,3,N01-field-alias-or-whitespace
amazon-2025-08.csv,102,unit_price_usd,24.99,24.99,N01-field-alias-or-whitespace
amazon-2025-08.csv,103,order_date,2025-08-07,2025-08-07,N01-field-alias-or-whitespace
amazon-2025-08.csv,103,quantity,1,1,N01-field-alias-or-whitespace
amazon-2025-08.csv,103,unit_price_usd,59.99,59.99,N01-field-alias-or-whitespace
amazon-2025-08.csv,104,order_date,2025-08-07,2025-08-07,N01-field-alias-or-whitespace
amazon-2025-08.csv,104,quantity,2,2,N01-field-alias-or-whitespace
amazon-2025-08.csv,104,unit_price_usd,59.99,59.99,N01-field-alias-or-whitespace
amazon-2025-08.csv,105,order_date,2025-08-07,2025-08-07,N01-field-alias-or-whitespace
amazon-2025-08.csv,105,quantity,2,2,N01-field-alias-or-whitespace
amazon-2025-08.csv,105,unit_price_usd,39.99,39.99,N01-field-alias-or-whitespace
amazon-2025-08.csv,106,order_date,2025-08-07,2025-08-07,N01-field-alias-or-whitespace
amazon-2025-08.csv,106,quantity,3,3,N01-field-alias-or-whitespace
amazon-2025-08.csv,106,unit_price_usd,59.99,59.99,N01-field-alias-or-whitespace
amazon-2025-08.csv,107,order_date,2025-08-07,2025-08-07,N01-field-alias-or-whitespace
amazon-2025-08.csv,107,quantity,1,1,N01-field-alias-or-whitespace
amazon-2025-08.csv,107,unit_price_usd,24.99,24.99,N01-field-alias-or-whitespace
amazon-2025-08.csv,108,order_date,2025-08-07,2025-08-07,N01-field-alias-or-whitespace
amazon-2025-08.csv,108,quantity,1,1,N01-field-alias-or-whitespace
amazon-2025-08.csv,108,unit_price_usd,14.99,14.99,N01-field-alias-or-whitespace
amazon-2025-08.csv,109,order_date,2025-08-08,2025-08-08,N01-field-alias-or-whitespace
amazon-2025-08.csv,109,quantity,2,2,N01-field-alias-or-whitespace
amazon-2025-08.csv,109,unit_price_usd,39.99,39.99,N01-field-alias-or-whitespace
amazon-2025-08.csv,110,order_date,2025-08-08,2025-08-08,N01-field-alias-or-whitespace
amazon-2025-08.csv,110,quantity,2,2,N01-field-alias-or-whitespace
amazon-2025-08.csv,110,unit_price_usd,24.99,24.99,N01-field-alias-or-whitespace
amazon-2025-08.csv,111,order_date,2025-08-08,2025-08-08,N01-field-alias-or-whitespace
amazon-2025-08.csv,111,quantity,3,3,N01-field-alias-or-whitespace
amazon-2025-08.csv,111,unit_price_usd,24.99,24.99,N01-field-alias-or-whitespace
amazon-2025-08.csv,112,order_date,2025-08-08,2025-08-08,N01-field-alias-or-whitespace
amazon-2025-08.csv,112,quantity,1,1,N01-field-alias-or-whitespace
amazon-2025-08.csv,112,unit_price_usd,59.99,59.99,N01-field-alias-or-whitespace
amazon-2025-08.csv,113,order_date,2025-08-08,2025-08-08,N01-field-alias-or-whitespace
amazon-2025-08.csv,113,quantity,1,1,N01-field-alias-or-whitespace
amazon-2025-08.csv,113,unit_price_usd,39.99,39.99,N01-field-alias-or-whitespace
amazon-2025-08.csv,114,order_date,2025-08-08,2025-08-08,N01-field-alias-or-whitespace
amazon-2025-08.csv,114,quantity,1,1,N01-field-alias-or-whitespace
amazon-2025-08.csv,114,unit_price_usd,14.99,14.99,N01-field-alias-or-whitespace
amazon-2025-08.csv,115,order_date,2025-08-08,2025-08-08,N01-field-alias-or-whitespace
amazon-2025-08.csv,115,quantity,2,2,N01-field-alias-or-whitespace
amazon-2025-08.csv,115,unit_price_usd,14.99,14.99,N01-field-alias-or-whitespace
amazon-2025-08.csv,116,order_date,2025-08-08,2025-08-08,N01-field-alias-or-whitespace
amazon-2025-08.csv,116,quantity,3,3,N01-field-alias-or-whitespace
amazon-2025-08.csv,116,unit_price_usd,$14.99,$14.99,N01-field-alias-or-whitespace
amazon-2025-08.csv,117,order_date,2025-08-08,2025-08-08,N01-field-alias-or-whitespace
amazon-2025-08.csv,117,country, uk ,uk,N01-field-alias-or-whitespace
amazon-2025-08.csv,117,quantity,3,3,N01-field-alias-or-whitespace
amazon-2025-08.csv,117,unit_price_usd,24.99,24.99,N01-field-alias-or-whitespace
amazon-2025-08.csv,118,order_date,2025-08-08,2025-08-08,N01-field-alias-or-whitespace
amazon-2025-08.csv,118,quantity,2,2,N01-field-alias-or-whitespace
amazon-2025-08.csv,118,unit_price_usd,79.99,79.99,N01-field-alias-or-whitespace
amazon-2025-08.csv,119,order_date,2025-08-08,2025-08-08,N01-field-alias-or-whitespace
amazon-2025-08.csv,119,quantity,3,3,N01-field-alias-or-whitespace
amazon-2025-08.csv,119,unit_price_usd,24.99,24.99,N01-field-alias-or-whitespace
amazon-2025-08.csv,120,order_date,2025-08-08,2025-08-08,N01-field-alias-or-whitespace
amazon-2025-08.csv,120,quantity,3,3,N01-field-alias-or-whitespace
amazon-2025-08.csv,120,unit_price_usd,59.99,59.99,N01-field-alias-or-whitespace
amazon-2025-08.csv,121,order_date,2025-08-09,2025-08-09,N01-field-alias-or-whitespace
amazon-2025-08.csv,121,quantity,3,3,N01-field-alias-or-whitespace
amazon-2025-08.csv,121,unit_price_usd,$59.99,$59.99,N01-field-alias-or-whitespace
amazon-2025-08.csv,122,order_date,2025-08-09,2025-08-09,N01-field-alias-or-whitespace
amazon-2025-08.csv,122,quantity,2,2,N01-field-alias-or-whitespace
amazon-2025-08.csv,122,unit_price_usd,79.99,79.99,N01-field-alias-or-whitespace
amazon-2025-08.csv,123,order_date,2025-08-09,2025-08-09,N01-field-alias-or-whitespace
amazon-2025-08.csv,123,quantity,1,1,N01-field-alias-or-whitespace
amazon-2025-08.csv,123,unit_price_usd,59.99,59.99,N01-field-alias-or-whitespace
amazon-2025-08.csv,124,order_date,2025-08-09,2025-08-09,N01-field-alias-or-whitespace
amazon-2025-08.csv,124,quantity,1,1,N01-field-alias-or-whitespace
amazon-2025-08.csv,124,unit_price_usd,59.99,59.99,N01-field-alias-or-whitespace
amazon-2025-08.csv,125,order_date,2025-08-09,2025-08-09,N01-field-alias-or-whitespace
amazon-2025-08.csv,125,quantity,2,2,N01-field-alias-or-whitespace
amazon-2025-08.csv,125,unit_price_usd,39.99,39.99,N01-field-alias-or-whitespace
amazon-2025-08.csv,126,order_date,2025-08-09,2025-08-09,N01-field-alias-or-whitespace
amazon-2025-08.csv,126,quantity,3,3,N01-field-alias-or-whitespace
amazon-2025-08.csv,126,unit_price_usd,24.99,24.99,N01-field-alias-or-whitespace
amazon-2025-08.csv,127,order_date,2025-08-09,2025-08-09,N01-field-alias-or-whitespace
amazon-2025-08.csv,127,quantity,1,1,N01-field-alias-or-whitespace
amazon-2025-08.csv,127,unit_price_usd,24.99,24.99,N01-field-alias-or-whitespace
amazon-2025-08.csv,128,order_date,2025-08-09,2025-08-09,N01-field-alias-or-whitespace
amazon-2025-08.csv,128,quantity,2,2,N01-field-alias-or-whitespace
amazon-2025-08.csv,128,unit_price_usd,14.99,14.99,N01-field-alias-or-whitespace
amazon-2025-08.csv,129,order_date,2025-08-09,2025-08-09,N01-field-alias-or-whitespace
amazon-2025-08.csv,129,quantity,1,1,N01-field-alias-or-whitespace
amazon-2025-08.csv,129,unit_price_usd,39.99,39.99,N01-field-alias-or-whitespace
amazon-2025-08.csv,130,order_date,2025-08-09,2025-08-09,N01-field-alias-or-whitespace
amazon-2025-08.csv,130,quantity,1,1,N01-field-alias-or-whitespace
amazon-2025-08.csv,130,unit_price_usd,59.99,59.99,N01-field-alias-or-whitespace
amazon-2025-08.csv,131,order_date,2025/08/09,2025/08/09,N01-field-alias-or-whitespace
amazon-2025-08.csv,131,quantity,1,1,N01-field-alias-or-whitespace
amazon-2025-08.csv,131,unit_price_usd,14.99,14.99,N01-field-alias-or-whitespace
amazon-2025-08.csv,132,order_date,2025-08-09,2025-08-09,N01-field-alias-or-whitespace
amazon-2025-08.csv,132,quantity,2,2,N01-field-alias-or-whitespace
amazon-2025-08.csv,132,unit_price_usd,59.99,59.99,N01-field-alias-or-whitespace
amazon-2025-08.csv,133,order_date,2025-08-09,2025-08-09,N01-field-alias-or-whitespace
amazon-2025-08.csv,133,quantity,3,3,N01-field-alias-or-whitespace
amazon-2025-08.csv,133,unit_price_usd,79.99,79.99,N01-field-alias-or-whitespace
amazon-2025-08.csv,134,order_date,2025-08-09,2025-08-09,N01-field-alias-or-whitespace
amazon-2025-08.csv,134,quantity,3,3,N01-field-alias-or-whitespace
amazon-2025-08.csv,134,unit_price_usd,59.99,59.99,N01-field-alias-or-whitespace
amazon-2025-08.csv,135,order_date,2025-08-09,2025-08-09,N01-field-alias-or-whitespace
amazon-2025-08.csv,135,quantity,1,1,N01-field-alias-or-whitespace
amazon-2025-08.csv,135,unit_price_usd,59.99,59.99,N01-field-alias-or-whitespace
amazon-2025-08.csv,136,order_date,2025-08-09,2025-08-09,N01-field-alias-or-whitespace
amazon-2025-08.csv,136,quantity,1,1,N01-field-alias-or-whitespace
amazon-2025-08.csv,136,unit_price_usd,59.99,59.99,N01-field-alias-or-whitespace
amazon-2025-08.csv,137,order_date,2025-08-10,2025-08-10,N01-field-alias-or-whitespace
amazon-2025-08.csv,137,quantity,3,3,N01-field-alias-or-whitespace
amazon-2025-08.csv,137,unit_price_usd,24.99,24.99,N01-field-alias-or-whitespace
amazon-2025-08.csv,138,order_date,2025-08-10,2025-08-10,N01-field-alias-or-whitespace
amazon-2025-08.csv,138,quantity,2,2,N01-field-alias-or-whitespace
amazon-2025-08.csv,138,unit_price_usd,24.99,24.99,N01-field-alias-or-whitespace
amazon-2025-08.csv,139,order_date,2025-08-10,2025-08-10,N01-field-alias-or-whitespace
amazon-2025-08.csv,139,quantity,1,1,N01-field-alias-or-whitespace
amazon-2025-08.csv,139,unit_price_usd,14.99,14.99,N01-field-alias-or-whitespace
amazon-2025-08.csv,140,order_date,2025-08-10,2025-08-10,N01-field-alias-or-whitespace
amazon-2025-08.csv,140,quantity,1,1,N01-field-alias-or-whitespace
amazon-2025-08.csv,140,unit_price_usd,79.99,79.99,N01-field-alias-or-whitespace
amazon-2025-08.csv,141,order_date,2025-08-10,2025-08-10,N01-field-alias-or-whitespace
amazon-2025-08.csv,141,quantity,1,1,N01-field-alias-or-whitespace
amazon-2025-08.csv,141,unit_price_usd,$59.99,$59.99,N01-field-alias-or-whitespace
amazon-2025-08.csv,142,order_date,2025-08-10,2025-08-10,N01-field-alias-or-whitespace
amazon-2025-08.csv,142,quantity,3,3,N01-field-alias-or-whitespace
amazon-2025-08.csv,142,unit_price_usd,59.99,59.99,N01-field-alias-or-whitespace
amazon-2025-08.csv,143,order_date,2025-08-10,2025-08-10,N01-field-alias-or-whitespace
amazon-2025-08.csv,143,quantity,1,1,N01-field-alias-or-whitespace
amazon-2025-08.csv,143,unit_price_usd,14.99,14.99,N01-field-alias-or-whitespace
amazon-2025-08.csv,144,order_date,2025-08-10,2025-08-10,N01-field-alias-or-whitespace
amazon-2025-08.csv,144,quantity,1,1,N01-field-alias-or-whitespace
amazon-2025-08.csv,144,unit_price_usd,79.99,79.99,N01-field-alias-or-whitespace
amazon-2025-08.csv,145,order_date,2025-08-10,2025-08-10,N01-field-alias-or-whitespace
amazon-2025-08.csv,145,quantity,2,2,N01-field-alias-or-whitespace
amazon-2025-08.csv,145,unit_price_usd,24.99,24.99,N01-field-alias-or-whitespace
amazon-2025-08.csv,146,order_date,2025-08-10,2025-08-10,N01-field-alias-or-whitespace
amazon-2025-08.csv,146,quantity,1,1,N01-field-alias-or-whitespace
amazon-2025-08.csv,146,unit_price_usd,59.99,59.99,N01-field-alias-or-whitespace
amazon-2025-08.csv,147,order_date,2025-08-10,2025-08-10,N01-field-alias-or-whitespace
amazon-2025-08.csv,147,quantity,1,1,N01-field-alias-or-whitespace
amazon-2025-08.csv,147,unit_price_usd,79.99,79.99,N01-field-alias-or-whitespace
amazon-2025-08.csv,148,order_date,2025-08-10,2025-08-10,N01-field-alias-or-whitespace
amazon-2025-08.csv,148,quantity,1,1,N01-field-alias-or-whitespace
amazon-2025-08.csv,148,unit_price_usd,79.99,79.99,N01-field-alias-or-whitespace
amazon-2025-08.csv,149,order_date,2025-08-10,2025-08-10,N01-field-alias-or-whitespace
amazon-2025-08.csv,149,quantity,1,1,N01-field-alias-or-whitespace
amazon-2025-08.csv,149,unit_price_usd,24.99,24.99,N01-field-alias-or-whitespace
amazon-2025-08.csv,150,order_date,2025-08-10,2025-08-10,N01-field-alias-or-whitespace
amazon-2025-08.csv,150,quantity,3,3,N01-field-alias-or-whitespace
amazon-2025-08.csv,150,unit_price_usd,59.99,59.99,N01-field-alias-or-whitespace
amazon-2025-08.csv,151,order_date,2025-08-10,2025-08-10,N01-field-alias-or-whitespace
amazon-2025-08.csv,151,quantity,2,2,N01-field-alias-or-whitespace
amazon-2025-08.csv,151,unit_price_usd,14.99,14.99,N01-field-alias-or-whitespace
amazon-2025-08.csv,152,order_date,2025-08-11,2025-08-11,N01-field-alias-or-whitespace
amazon-2025-08.csv,152,quantity,2,2,N01-field-alias-or-whitespace
amazon-2025-08.csv,152,unit_price_usd,14.99,14.99,N01-field-alias-or-whitespace
amazon-2025-08.csv,153,order_date,2025-08-11,2025-08-11,N01-field-alias-or-whitespace
amazon-2025-08.csv,153,quantity,1,1,N01-field-alias-or-whitespace
amazon-2025-08.csv,153,unit_price_usd,39.99,39.99,N01-field-alias-or-whitespace
amazon-2025-08.csv,154,order_date,2025-08-11,2025-08-11,N01-field-alias-or-whitespace
amazon-2025-08.csv,154,quantity,2,2,N01-field-alias-or-whitespace
amazon-2025-08.csv,154,unit_price_usd,59.99,59.99,N01-field-alias-or-whitespace
amazon-2025-08.csv,155,order_date,2025-08-11,2025-08-11,N01-field-alias-or-whitespace
amazon-2025-08.csv,155,country, de ,de,N01-field-alias-or-whitespace
amazon-2025-08.csv,155,quantity,2,2,N01-field-alias-or-whitespace
amazon-2025-08.csv,155,unit_price_usd,14.99,14.99,N01-field-alias-or-whitespace
amazon-2025-08.csv,156,order_date,2025-08-11,2025-08-11,N01-field-alias-or-whitespace
amazon-2025-08.csv,156,quantity,1,1,N01-field-alias-or-whitespace
amazon-2025-08.csv,156,unit_price_usd,14.99,14.99,N01-field-alias-or-whitespace
amazon-2025-08.csv,157,order_date,2025-08-11,2025-08-11,N01-field-alias-or-whitespace
amazon-2025-08.csv,157,quantity,3,3,N01-field-alias-or-whitespace
amazon-2025-08.csv,157,unit_price_usd,39.99,39.99,N01-field-alias-or-whitespace
amazon-2025-08.csv,158,order_date,2025-08-11,2025-08-11,N01-field-alias-or-whitespace
amazon-2025-08.csv,158,quantity,3,3,N01-field-alias-or-whitespace
amazon-2025-08.csv,158,unit_price_usd,14.99,14.99,N01-field-alias-or-whitespace
amazon-2025-08.csv,159,order_date,2025-08-11,2025-08-11,N01-field-alias-or-whitespace
amazon-2025-08.csv,159,quantity,3,3,N01-field-alias-or-whitespace
amazon-2025-08.csv,159,unit_price_usd,24.99,24.99,N01-field-alias-or-whitespace
amazon-2025-08.csv,160,order_date,2025-08-11,2025-08-11,N01-field-alias-or-whitespace
amazon-2025-08.csv,160,quantity,2,2,N01-field-alias-or-whitespace
amazon-2025-08.csv,160,unit_price_usd,14.99,14.99,N01-field-alias-or-whitespace
amazon-2025-08.csv,161,order_date,2025-08-11,2025-08-11,N01-field-alias-or-whitespace
amazon-2025-08.csv,161,quantity,3,3,N01-field-alias-or-whitespace
amazon-2025-08.csv,161,unit_price_usd,24.99,24.99,N01-field-alias-or-whitespace
amazon-2025-08.csv,162,order_date,2025-08-11,2025-08-11,N01-field-alias-or-whitespace
amazon-2025-08.csv,162,quantity,3,3,N01-field-alias-or-whitespace
amazon-2025-08.csv,162,unit_price_usd,14.99,14.99,N01-field-alias-or-whitespace
amazon-2025-08.csv,163,order_date,2025-08-11,2025-08-11,N01-field-alias-or-whitespace
amazon-2025-08.csv,163,quantity,1,1,N01-field-alias-or-whitespace
amazon-2025-08.csv,163,unit_price_usd,39.99,39.99,N01-field-alias-or-whitespace
amazon-2025-08.csv,164,order_date,2025-08-11,2025-08-11,N01-field-alias-or-whitespace
amazon-2025-08.csv,164,quantity,1,1,N01-field-alias-or-whitespace
amazon-2025-08.csv,164,unit_price_usd,$24.99,$24.99,N01-field-alias-or-whitespace
amazon-2025-08.csv,165,order_date,2025-08-11,2025-08-11,N01-field-alias-or-whitespace
amazon-2025-08.csv,165,quantity,1,1,N01-field-alias-or-whitespace
amazon-2025-08.csv,165,unit_price_usd,24.99,24.99,N01-field-alias-or-whitespace
amazon-2025-08.csv,166,order_date,2025-08-11,2025-08-11,N01-field-alias-or-whitespace
amazon-2025-08.csv,166,quantity,1,1,N01-field-alias-or-whitespace
amazon-2025-08.csv,166,unit_price_usd,79.99,79.99,N01-field-alias-or-whitespace
amazon-2025-08.csv,167,order_date,2025/08/11,2025/08/11,N01-field-alias-or-whitespace
amazon-2025-08.csv,167,quantity,2,2,N01-field-alias-or-whitespace
amazon-2025-08.csv,167,unit_price_usd,79.99,79.99,N01-field-alias-or-whitespace
amazon-2025-08.csv,168,order_date,2025-08-12,2025-08-12,N01-field-alias-or-whitespace
amazon-2025-08.csv,168,quantity,2,2,N01-field-alias-or-whitespace
amazon-2025-08.csv,168,unit_price_usd,$14.99,$14.99,N01-field-alias-or-whitespace
amazon-2025-08.csv,169,order_date,2025-08-12,2025-08-12,N01-field-alias-or-whitespace
amazon-2025-08.csv,169,quantity,1,1,N01-field-alias-or-whitespace
amazon-2025-08.csv,169,unit_price_usd,79.99,79.99,N01-field-alias-or-whitespace
amazon-2025-08.csv,170,order_date,2025-08-12,2025-08-12,N01-field-alias-or-whitespace
amazon-2025-08.csv,170,quantity,3,3,N01-field-alias-or-whitespace
amazon-2025-08.csv,170,unit_price_usd,14.99,14.99,N01-field-alias-or-whitespace
amazon-2025-08.csv,171,order_date,2025-08-12,2025-08-12,N01-field-alias-or-whitespace
amazon-2025-08.csv,171,quantity,2,2,N01-field-alias-or-whitespace
amazon-2025-08.csv,171,unit_price_usd,79.99,79.99,N01-field-alias-or-whitespace
amazon-2025-08.csv,172,order_date,2025-08-12,2025-08-12,N01-field-alias-or-whitespace
amazon-2025-08.csv,172,quantity,1,1,N01-field-alias-or-whitespace
amazon-2025-08.csv,172,unit_price_usd,24.99,24.99,N01-field-alias-or-whitespace
amazon-2025-08.csv,173,order_date,2025-08-12,2025-08-12,N01-field-alias-or-whitespace
amazon-2025-08.csv,173,quantity,3,3,N01-field-alias-or-whitespace
amazon-2025-08.csv,173,unit_price_usd,24.99,24.99,N01-field-alias-or-whitespace
amazon-2025-08.csv,174,order_date,2025-08-12,2025-08-12,N01-field-alias-or-whitespace
amazon-2025-08.csv,174,country, ca ,ca,N01-field-alias-or-whitespace
amazon-2025-08.csv,174,quantity,1,1,N01-field-alias-or-whitespace
amazon-2025-08.csv,174,unit_price_usd,24.99,24.99,N01-field-alias-or-whitespace
amazon-2025-08.csv,175,order_date,2025/08/12,2025/08/12,N01-field-alias-or-whitespace
amazon-2025-08.csv,175,quantity,1,1,N01-field-alias-or-whitespace
amazon-2025-08.csv,175,unit_price_usd,24.99,24.99,N01-field-alias-or-whitespace
amazon-2025-08.csv,176,order_date,2025-08-12,2025-08-12,N01-field-alias-or-whitespace
amazon-2025-08.csv,176,quantity,2,2,N01-field-alias-or-whitespace
amazon-2025-08.csv,176,unit_price_usd,79.99,79.99,N01-field-alias-or-whitespace
amazon-2025-08.csv,177,order_date,2025-08-12,2025-08-12,N01-field-alias-or-whitespace
amazon-2025-08.csv,177,quantity,1,1,N01-field-alias-or-whitespace
amazon-2025-08.csv,177,unit_price_usd,39.99,39.99,N01-field-alias-or-whitespace
amazon-2025-08.csv,178,order_date,2025-08-12,2025-08-12,N01-field-alias-or-whitespace
amazon-2025-08.csv,178,quantity,2,2,N01-field-alias-or-whitespace
amazon-2025-08.csv,178,unit_price_usd,24.99,24.99,N01-field-alias-or-whitespace
amazon-2025-08.csv,179,order_date,2025-08-12,2025-08-12,N01-field-alias-or-whitespace
amazon-2025-08.csv,179,quantity,2,2,N01-field-alias-or-whitespace
amazon-2025-08.csv,179,unit_price_usd,79.99,79.99,N01-field-alias-or-whitespace
amazon-2025-08.csv,180,order_date,2025-08-12,2025-08-12,N01-field-alias-or-whitespace
amazon-2025-08.csv,180,quantity,2,2,N01-field-alias-or-whitespace
amazon-2025-08.csv,180,unit_price_usd,14.99,14.99,N01-field-alias-or-whitespace
amazon-2025-08.csv,181,order_date,2025-08-12,2025-08-12,N01-field-alias-or-whitespace
amazon-2025-08.csv,181,quantity,1,1,N01-field-alias-or-whitespace
amazon-2025-08.csv,181,unit_price_usd,59.99,59.99,N01-field-alias-or-whitespace
amazon-2025-08.csv,182,order_date,2025-08-12,2025-08-12,N01-field-alias-or-whitespace
amazon-2025-08.csv,182,quantity,3,3,N01-field-alias-or-whitespace
amazon-2025-08.csv,182,unit_price_usd,39.99,39.99,N01-field-alias-or-whitespace
amazon-2025-08.csv,183,order_date,2025-08-12,2025-08-12,N01-field-alias-or-whitespace
amazon-2025-08.csv,183,quantity,1,1,N01-field-alias-or-whitespace
amazon-2025-08.csv,183,unit_price_usd,59.99,59.99,N01-field-alias-or-whitespace
amazon-2025-08.csv,184,order_date,2025-08-13,2025-08-13,N01-field-alias-or-whitespace
amazon-2025-08.csv,184,quantity,3,3,N01-field-alias-or-whitespace
amazon-2025-08.csv,184,unit_price_usd,14.99,14.99,N01-field-alias-or-whitespace
amazon-2025-08.csv,185,order_date,2025-08-13,2025-08-13,N01-field-alias-or-whitespace
amazon-2025-08.csv,185,quantity,1,1,N01-field-alias-or-whitespace
amazon-2025-08.csv,185,unit_price_usd,59.99,59.99,N01-field-alias-or-whitespace
amazon-2025-08.csv,186,order_date,2025-08-13,2025-08-13,N01-field-alias-or-whitespace
amazon-2025-08.csv,186,quantity,2,2,N01-field-alias-or-whitespace
amazon-2025-08.csv,186,unit_price_usd,24.99,24.99,N01-field-alias-or-whitespace
amazon-2025-08.csv,187,order_date,2025-08-13,2025-08-13,N01-field-alias-or-whitespace
amazon-2025-08.csv,187,quantity,1,1,N01-field-alias-or-whitespace
amazon-2025-08.csv,187,unit_price_usd,39.99,39.99,N01-field-alias-or-whitespace
amazon-2025-08.csv,188,order_date,2025-08-13,2025-08-13,N01-field-alias-or-whitespace
amazon-2025-08.csv,188,quantity,1,1,N01-field-alias-or-whitespace
amazon-2025-08.csv,188,unit_price_usd,24.99,24.99,N01-field-alias-or-whitespace
amazon-2025-08.csv,189,order_date,2025-08-13,2025-08-13,N01-field-alias-or-whitespace
amazon-2025-08.csv,189,quantity,1,1,N01-field-alias-or-whitespace
amazon-2025-08.csv,189,unit_price_usd,59.99,59.99,N01-field-alias-or-whitespace
amazon-2025-08.csv,190,order_date,2025-08-13,2025-08-13,N01-field-alias-or-whitespace
amazon-2025-08.csv,190,quantity,3,3,N01-field-alias-or-whitespace
amazon-2025-08.csv,190,unit_price_usd,24.99,24.99,N01-field-alias-or-whitespace
amazon-2025-08.csv,191,order_date,2025-08-13,2025-08-13,N01-field-alias-or-whitespace
amazon-2025-08.csv,191,quantity,3,3,N01-field-alias-or-whitespace
amazon-2025-08.csv,191,unit_price_usd,$39.99,$39.99,N01-field-alias-or-whitespace
amazon-2025-08.csv,192,order_date,2025-08-13,2025-08-13,N01-field-alias-or-whitespace
amazon-2025-08.csv,192,quantity,3,3,N01-field-alias-or-whitespace
amazon-2025-08.csv,192,unit_price_usd,14.99,14.99,N01-field-alias-or-whitespace
amazon-2025-08.csv,193,order_date,2025-08-13,2025-08-13,N01-field-alias-or-whitespace
amazon-2025-08.csv,193,country, de ,de,N01-field-alias-or-whitespace
amazon-2025-08.csv,193,quantity,3,3,N01-field-alias-or-whitespace
amazon-2025-08.csv,193,unit_price_usd,59.99,59.99,N01-field-alias-or-whitespace
amazon-2025-08.csv,194,order_date,2025-08-13,2025-08-13,N01-field-alias-or-whitespace
amazon-2025-08.csv,194,quantity,2,2,N01-field-alias-or-whitespace
amazon-2025-08.csv,194,unit_price_usd,14.99,14.99,N01-field-alias-or-whitespace
amazon-2025-08.csv,195,order_date,2025-08-13,2025-08-13,N01-field-alias-or-whitespace
amazon-2025-08.csv,195,quantity,2,2,N01-field-alias-or-whitespace
amazon-2025-08.csv,195,unit_price_usd,79.99,79.99,N01-field-alias-or-whitespace
amazon-2025-08.csv,196,order_date,2025-08-13,2025-08-13,N01-field-alias-or-whitespace
amazon-2025-08.csv,196,quantity,3,3,N01-field-alias-or-whitespace
amazon-2025-08.csv,196,unit_price_usd,39.99,39.99,N01-field-alias-or-whitespace
amazon-2025-08.csv,197,order_date,2025-08-13,2025-08-13,N01-field-alias-or-whitespace
amazon-2025-08.csv,197,quantity,3,3,N01-field-alias-or-whitespace
amazon-2025-08.csv,197,unit_price_usd,24.99,24.99,N01-field-alias-or-whitespace
amazon-2025-08.csv,198,order_date,2025-08-13,2025-08-13,N01-field-alias-or-whitespace
amazon-2025-08.csv,198,quantity,3,3,N01-field-alias-or-whitespace
amazon-2025-08.csv,198,unit_price_usd,59.99,59.99,N01-field-alias-or-whitespace
amazon-2025-08.csv,199,order_date,2025-08-13,2025-08-13,N01-field-alias-or-whitespace
amazon-2025-08.csv,199,quantity,1,1,N01-field-alias-or-whitespace
amazon-2025-08.csv,199,unit_price_usd,24.99,24.99,N01-field-alias-or-whitespace
amazon-2025-08.csv,200,order_date,2025-08-14,2025-08-14,N01-field-alias-or-whitespace
amazon-2025-08.csv,200,quantity,3,3,N01-field-alias-or-whitespace
amazon-2025-08.csv,200,unit_price_usd,14.99,14.99,N01-field-alias-or-whitespace
amazon-2025-08.csv,201,order_date,2025-08-14,2025-08-14,N01-field-alias-or-whitespace
amazon-2025-08.csv,201,quantity,3,3,N01-field-alias-or-whitespace
amazon-2025-08.csv,201,unit_price_usd,39.99,39.99,N01-field-alias-or-whitespace
amazon-2025-08.csv,202,order_date,2025-08-14,2025-08-14,N01-field-alias-or-whitespace
amazon-2025-08.csv,202,quantity,1,1,N01-field-alias-or-whitespace
amazon-2025-08.csv,202,unit_price_usd,39.99,39.99,N01-field-alias-or-whitespace
amazon-2025-08.csv,203,order_date,2025-08-14,2025-08-14,N01-field-alias-or-whitespace
amazon-2025-08.csv,203,quantity,3,3,N01-field-alias-or-whitespace
amazon-2025-08.csv,203,unit_price_usd,59.99,59.99,N01-field-alias-or-whitespace
amazon-2025-08.csv,204,order_date,2025-08-14,2025-08-14,N01-field-alias-or-whitespace
amazon-2025-08.csv,204,quantity,3,3,N01-field-alias-or-whitespace
amazon-2025-08.csv,204,unit_price_usd,79.99,79.99,N01-field-alias-or-whitespace
amazon-2025-08.csv,205,order_date,2025-08-14,2025-08-14,N01-field-alias-or-whitespace
amazon-2025-08.csv,205,quantity,1,1,N01-field-alias-or-whitespace
amazon-2025-08.csv,205,unit_price_usd,39.99,39.99,N01-field-alias-or-whitespace
amazon-2025-08.csv,206,order_date,2025-08-14,2025-08-14,N01-field-alias-or-whitespace
amazon-2025-08.csv,206,quantity,1,1,N01-field-alias-or-whitespace
amazon-2025-08.csv,206,unit_price_usd,79.99,79.99,N01-field-alias-or-whitespace
amazon-2025-08.csv,207,order_date,2025-08-14,2025-08-14,N01-field-alias-or-whitespace
amazon-2025-08.csv,207,quantity,1,1,N01-field-alias-or-whitespace
amazon-2025-08.csv,207,unit_price_usd,24.99,24.99,N01-field-alias-or-whitespace
amazon-2025-08.csv,208,order_date,2025-08-14,2025-08-14,N01-field-alias-or-whitespace
amazon-2025-08.csv,208,quantity,2,2,N01-field-alias-or-whitespace
amazon-2025-08.csv,208,unit_price_usd,79.99,79.99,N01-field-alias-or-whitespace
amazon-2025-08.csv,209,order_date,2025-08-14,2025-08-14,N01-field-alias-or-whitespace
amazon-2025-08.csv,209,quantity,1,1,N01-field-alias-or-whitespace
amazon-2025-08.csv,209,unit_price_usd,79.99,79.99,N01-field-alias-or-whitespace
amazon-2025-08.csv,210,order_date,2025-08-14,2025-08-14,N01-field-alias-or-whitespace
amazon-2025-08.csv,210,quantity,2,2,N01-field-alias-or-whitespace
amazon-2025-08.csv,210,unit_price_usd,14.99,14.99,N01-field-alias-or-whitespace
amazon-2025-08.csv,211,order_date,2025-08-14,2025-08-14,N01-field-alias-or-whitespace
amazon-2025-08.csv,211,quantity,2,2,N01-field-alias-or-whitespace
amazon-2025-08.csv,211,unit_price_usd,24.99,24.99,N01-field-alias-or-whitespace
amazon-2025-08.csv,212,order_date,2025-08-14,2025-08-14,N01-field-alias-or-whitespace
amazon-2025-08.csv,212,quantity,2,2,N01-field-alias-or-whitespace
amazon-2025-08.csv,212,unit_price_usd,14.99,14.99,N01-field-alias-or-whitespace
amazon-2025-08.csv,213,order_date,2025-08-15,2025-08-15,N01-field-alias-or-whitespace
amazon-2025-08.csv,213,quantity,3,3,N01-field-alias-or-whitespace
amazon-2025-08.csv,213,unit_price_usd,79.99,79.99,N01-field-alias-or-whitespace
amazon-2025-08.csv,214,order_date,2025-08-15,2025-08-15,N01-field-alias-or-whitespace
amazon-2025-08.csv,214,country, ca ,ca,N01-field-alias-or-whitespace
amazon-2025-08.csv,214,quantity,3,3,N01-field-alias-or-whitespace
amazon-2025-08.csv,214,unit_price_usd,39.99,39.99,N01-field-alias-or-whitespace
amazon-2025-08.csv,215,order_date,2025-08-15,2025-08-15,N01-field-alias-or-whitespace
amazon-2025-08.csv,215,quantity,3,3,N01-field-alias-or-whitespace
amazon-2025-08.csv,215,unit_price_usd,14.99,14.99,N01-field-alias-or-whitespace
amazon-2025-08.csv,216,order_date,2025-08-15,2025-08-15,N01-field-alias-or-whitespace
amazon-2025-08.csv,216,quantity,1,1,N01-field-alias-or-whitespace
amazon-2025-08.csv,216,unit_price_usd,79.99,79.99,N01-field-alias-or-whitespace
amazon-2025-08.csv,217,order_date,2025-08-15,2025-08-15,N01-field-alias-or-whitespace
amazon-2025-08.csv,217,quantity,1,1,N01-field-alias-or-whitespace
amazon-2025-08.csv,217,unit_price_usd,14.99,14.99,N01-field-alias-or-whitespace
amazon-2025-08.csv,218,order_date,2025-08-15,2025-08-15,N01-field-alias-or-whitespace
amazon-2025-08.csv,218,quantity,3,3,N01-field-alias-or-whitespace
amazon-2025-08.csv,218,unit_price_usd,$39.99,$39.99,N01-field-alias-or-whitespace
amazon-2025-08.csv,219,order_date,2025-08-15,2025-08-15,N01-field-alias-or-whitespace
amazon-2025-08.csv,219,quantity,1,1,N01-field-alias-or-whitespace
amazon-2025-08.csv,219,unit_price_usd,79.99,79.99,N01-field-alias-or-whitespace
amazon-2025-08.csv,220,order_date,2025-08-15,2025-08-15,N01-field-alias-or-whitespace
amazon-2025-08.csv,220,quantity,2,2,N01-field-alias-or-whitespace
amazon-2025-08.csv,220,unit_price_usd,79.99,79.99,N01-field-alias-or-whitespace
amazon-2025-08.csv,221,order_date,2025-08-15,2025-08-15,N01-field-alias-or-whitespace
amazon-2025-08.csv,221,quantity,2,2,N01-field-alias-or-whitespace
amazon-2025-08.csv,221,unit_price_usd,59.99,59.99,N01-field-alias-or-whitespace
amazon-2025-08.csv,222,order_date,2025/08/15,2025/08/15,N01-field-alias-or-whitespace
amazon-2025-08.csv,222,quantity,1,1,N01-field-alias-or-whitespace
amazon-2025-08.csv,222,unit_price_usd,39.99,39.99,N01-field-alias-or-whitespace
amazon-2025-08.csv,223,order_date,2025-08-15,2025-08-15,N01-field-alias-or-whitespace
amazon-2025-08.csv,223,quantity,1,1,N01-field-alias-or-whitespace
amazon-2025-08.csv,223,unit_price_usd,79.99,79.99,N01-field-alias-or-whitespace
amazon-2025-08.csv,224,order_date,2025-08-15,2025-08-15,N01-field-alias-or-whitespace
amazon-2025-08.csv,224,quantity,3,3,N01-field-alias-or-whitespace
amazon-2025-08.csv,224,unit_price_usd,39.99,39.99,N01-field-alias-or-whitespace
amazon-2025-08.csv,225,order_date,2025-08-15,2025-08-15,N01-field-alias-or-whitespace
amazon-2025-08.csv,225,quantity,3,3,N01-field-alias-or-whitespace
amazon-2025-08.csv,225,unit_price_usd,39.99,39.99,N01-field-alias-or-whitespace
amazon-2025-08.csv,226,order_date,2025-08-15,2025-08-15,N01-field-alias-or-whitespace
amazon-2025-08.csv,226,quantity,1,1,N01-field-alias-or-whitespace
amazon-2025-08.csv,226,unit_price_usd,14.99,14.99,N01-field-alias-or-whitespace
amazon-2025-08.csv,227,order_date,2025-08-15,2025-08-15,N01-field-alias-or-whitespace
amazon-2025-08.csv,227,quantity,1,1,N01-field-alias-or-whitespace
amazon-2025-08.csv,227,unit_price_usd,59.99,59.99,N01-field-alias-or-whitespace
amazon-2025-08.csv,228,order_date,2025-08-15,2025-08-15,N01-field-alias-or-whitespace
amazon-2025-08.csv,228,quantity,3,3,N01-field-alias-or-whitespace
amazon-2025-08.csv,228,unit_price_usd,24.99,24.99,N01-field-alias-or-whitespace
amazon-2025-08.csv,229,order_date,2025-08-16,2025-08-16,N01-field-alias-or-whitespace
amazon-2025-08.csv,229,quantity,3,3,N01-field-alias-or-whitespace
amazon-2025-08.csv,229,unit_price_usd,59.99,59.99,N01-field-alias-or-whitespace
amazon-2025-08.csv,230,order_date,2025-08-16,2025-08-16,N01-field-alias-or-whitespace
amazon-2025-08.csv,230,quantity,1,1,N01-field-alias-or-whitespace
amazon-2025-08.csv,230,unit_price_usd,39.99,39.99,N01-field-alias-or-whitespace
amazon-2025-08.csv,231,order_date,2025-08-16,2025-08-16,N01-field-alias-or-whitespace
amazon-2025-08.csv,231,country, us ,us,N01-field-alias-or-whitespace
amazon-2025-08.csv,231,quantity,2,2,N01-field-alias-or-whitespace
amazon-2025-08.csv,231,unit_price_usd,24.99,24.99,N01-field-alias-or-whitespace
amazon-2025-08.csv,232,order_date,2025-08-16,2025-08-16,N01-field-alias-or-whitespace
amazon-2025-08.csv,232,quantity,3,3,N01-field-alias-or-whitespace
amazon-2025-08.csv,232,unit_price_usd,24.99,24.99,N01-field-alias-or-whitespace
amazon-2025-08.csv,233,order_date,2025-08-16,2025-08-16,N01-field-alias-or-whitespace
amazon-2025-08.csv,233,quantity,3,3,N01-field-alias-or-whitespace
amazon-2025-08.csv,233,unit_price_usd,59.99,59.99,N01-field-alias-or-whitespace
amazon-2025-08.csv,234,order_date,2025-08-16,2025-08-16,N01-field-alias-or-whitespace
amazon-2025-08.csv,234,quantity,3,3,N01-field-alias-or-whitespace
amazon-2025-08.csv,234,unit_price_usd,14.99,14.99,N01-field-alias-or-whitespace
amazon-2025-08.csv,235,order_date,2025-08-16,2025-08-16,N01-field-alias-or-whitespace
amazon-2025-08.csv,235,quantity,1,1,N01-field-alias-or-whitespace
amazon-2025-08.csv,235,unit_price_usd,59.99,59.99,N01-field-alias-or-whitespace
amazon-2025-08.csv,236,order_date,2025-08-16,2025-08-16,N01-field-alias-or-whitespace
amazon-2025-08.csv,236,quantity,3,3,N01-field-alias-or-whitespace
amazon-2025-08.csv,236,unit_price_usd,24.99,24.99,N01-field-alias-or-whitespace
amazon-2025-08.csv,237,order_date,2025-08-16,2025-08-16,N01-field-alias-or-whitespace
amazon-2025-08.csv,237,quantity,2,2,N01-field-alias-or-whitespace
amazon-2025-08.csv,237,unit_price_usd,39.99,39.99,N01-field-alias-or-whitespace
amazon-2025-08.csv,238,order_date,2025-08-16,2025-08-16,N01-field-alias-or-whitespace
amazon-2025-08.csv,238,quantity,3,3,N01-field-alias-or-whitespace
amazon-2025-08.csv,238,unit_price_usd,24.99,24.99,N01-field-alias-or-whitespace
amazon-2025-08.csv,239,order_date,2025-08-16,2025-08-16,N01-field-alias-or-whitespace
amazon-2025-08.csv,239,quantity,2,2,N01-field-alias-or-whitespace
amazon-2025-08.csv,239,unit_price_usd,$59.99,$59.99,N01-field-alias-or-whitespace
amazon-2025-08.csv,240,order_date,2025-08-16,2025-08-16,N01-field-alias-or-whitespace
amazon-2025-08.csv,240,quantity,3,3,N01-field-alias-or-whitespace
amazon-2025-08.csv,240,unit_price_usd,24.99,24.99,N01-field-alias-or-whitespace
amazon-2025-08.csv,241,order_date,2025-08-16,2025-08-16,N01-field-alias-or-whitespace
amazon-2025-08.csv,241,quantity,1,1,N01-field-alias-or-whitespace
amazon-2025-08.csv,241,unit_price_usd,79.99,79.99,N01-field-alias-or-whitespace
amazon-2025-08.csv,242,order_date,2025-08-16,2025-08-16,N01-field-alias-or-whitespace
amazon-2025-08.csv,242,quantity,2,2,N01-field-alias-or-whitespace
amazon-2025-08.csv,242,unit_price_usd,79.99,79.99,N01-field-alias-or-whitespace
amazon-2025-08.csv,243,order_date,2025-08-17,2025-08-17,N01-field-alias-or-whitespace
amazon-2025-08.csv,243,quantity,1,1,N01-field-alias-or-whitespace
amazon-2025-08.csv,243,unit_price_usd,79.99,79.99,N01-field-alias-or-whitespace
amazon-2025-08.csv,244,order_date,2025-08-17,2025-08-17,N01-field-alias-or-whitespace
amazon-2025-08.csv,244,quantity,2,2,N01-field-alias-or-whitespace
amazon-2025-08.csv,244,unit_price_usd,$59.99,$59.99,N01-field-alias-or-whitespace
amazon-2025-08.csv,245,order_date,2025-08-17,2025-08-17,N01-field-alias-or-whitespace
amazon-2025-08.csv,245,quantity,1,1,N01-field-alias-or-whitespace
amazon-2025-08.csv,245,unit_price_usd,24.99,24.99,N01-field-alias-or-whitespace
amazon-2025-08.csv,246,order_date,2025-08-17,2025-08-17,N01-field-alias-or-whitespace
amazon-2025-08.csv,246,quantity,3,3,N01-field-alias-or-whitespace
amazon-2025-08.csv,246,unit_price_usd,39.99,39.99,N01-field-alias-or-whitespace
amazon-2025-08.csv,247,order_date,2025-08-17,2025-08-17,N01-field-alias-or-whitespace
amazon-2025-08.csv,247,quantity,1,1,N01-field-alias-or-whitespace
amazon-2025-08.csv,247,unit_price_usd,79.99,79.99,N01-field-alias-or-whitespace
amazon-2025-08.csv,248,order_date,2025-08-17,2025-08-17,N01-field-alias-or-whitespace
amazon-2025-08.csv,248,quantity,2,2,N01-field-alias-or-whitespace
amazon-2025-08.csv,248,unit_price_usd,59.99,59.99,N01-field-alias-or-whitespace
amazon-2025-08.csv,249,order_date,2025-08-17,2025-08-17,N01-field-alias-or-whitespace
amazon-2025-08.csv,249,quantity,1,1,N01-field-alias-or-whitespace
amazon-2025-08.csv,249,unit_price_usd,79.99,79.99,N01-field-alias-or-whitespace
amazon-2025-08.csv,250,order_date,2025-08-17,2025-08-17,N01-field-alias-or-whitespace
amazon-2025-08.csv,250,quantity,2,2,N01-field-alias-or-whitespace
amazon-2025-08.csv,250,unit_price_usd,24.99,24.99,N01-field-alias-or-whitespace
amazon-2025-08.csv,251,order_date,2025-08-17,2025-08-17,N01-field-alias-or-whitespace
amazon-2025-08.csv,251,country, de ,de,N01-field-alias-or-whitespace
amazon-2025-08.csv,251,quantity,3,3,N01-field-alias-or-whitespace
amazon-2025-08.csv,251,unit_price_usd,24.99,24.99,N01-field-alias-or-whitespace
amazon-2025-08.csv,252,order_date,2025-08-17,2025-08-17,N01-field-alias-or-whitespace
amazon-2025-08.csv,252,quantity,2,2,N01-field-alias-or-whitespace
amazon-2025-08.csv,252,unit_price_usd,59.99,59.99,N01-field-alias-or-whitespace
amazon-2025-08.csv,253,order_date,2025-08-17,2025-08-17,N01-field-alias-or-whitespace
amazon-2025-08.csv,253,quantity,3,3,N01-field-alias-or-whitespace
amazon-2025-08.csv,253,unit_price_usd,79.99,79.99,N01-field-alias-or-whitespace
amazon-2025-08.csv,254,order_date,2025-08-17,2025-08-17,N01-field-alias-or-whitespace
amazon-2025-08.csv,254,quantity,3,3,N01-field-alias-or-whitespace
amazon-2025-08.csv,254,unit_price_usd,24.99,24.99,N01-field-alias-or-whitespace
amazon-2025-08.csv,255,order_date,2025-08-17,2025-08-17,N01-field-alias-or-whitespace
amazon-2025-08.csv,255,quantity,1,1,N01-field-alias-or-whitespace
amazon-2025-08.csv,255,unit_price_usd,79.99,79.99,N01-field-alias-or-whitespace
amazon-2025-08.csv,256,order_date,2025-08-17,2025-08-17,N01-field-alias-or-whitespace
amazon-2025-08.csv,256,quantity,2,2,N01-field-alias-or-whitespace
amazon-2025-08.csv,256,unit_price_usd,39.99,39.99,N01-field-alias-or-whitespace
amazon-2025-08.csv,257,order_date,2025-08-17,2025-08-17,N01-field-alias-or-whitespace
amazon-2025-08.csv,257,quantity,2,2,N01-field-alias-or-whitespace
amazon-2025-08.csv,257,unit_price_usd,39.99,39.99,N01-field-alias-or-whitespace
amazon-2025-08.csv,258,order_date,2025-08-17,2025-08-17,N01-field-alias-or-whitespace
amazon-2025-08.csv,258,quantity,2,2,N01-field-alias-or-whitespace
amazon-2025-08.csv,258,unit_price_usd,14.99,14.99,N01-field-alias-or-whitespace
amazon-2025-08.csv,259,order_date,2025-08-17,2025-08-17,N01-field-alias-or-whitespace
amazon-2025-08.csv,259,quantity,1,1,N01-field-alias-or-whitespace
amazon-2025-08.csv,259,unit_price_usd,39.99,39.99,N01-field-alias-or-whitespace
amazon-2025-08.csv,260,order_date,2025/08/17,2025/08/17,N01-field-alias-or-whitespace
amazon-2025-08.csv,260,quantity,1,1,N01-field-alias-or-whitespace
amazon-2025-08.csv,260,unit_price_usd,79.99,79.99,N01-field-alias-or-whitespace
amazon-2025-08.csv,261,order_date,2025-08-18,2025-08-18,N01-field-alias-or-whitespace
amazon-2025-08.csv,261,quantity,1,1,N01-field-alias-or-whitespace
amazon-2025-08.csv,261,unit_price_usd,24.99,24.99,N01-field-alias-or-whitespace
amazon-2025-08.csv,262,order_date,2025-08-18,2025-08-18,N01-field-alias-or-whitespace
amazon-2025-08.csv,262,quantity,2,2,N01-field-alias-or-whitespace
amazon-2025-08.csv,262,unit_price_usd,39.99,39.99,N01-field-alias-or-whitespace
amazon-2025-08.csv,263,order_date,2025-08-18,2025-08-18,N01-field-alias-or-whitespace
amazon-2025-08.csv,263,quantity,1,1,N01-field-alias-or-whitespace
amazon-2025-08.csv,263,unit_price_usd,59.99,59.99,N01-field-alias-or-whitespace
amazon-2025-08.csv,264,order_date,2025-08-18,2025-08-18,N01-field-alias-or-whitespace
amazon-2025-08.csv,264,quantity,1,1,N01-field-alias-or-whitespace
amazon-2025-08.csv,264,unit_price_usd,39.99,39.99,N01-field-alias-or-whitespace
amazon-2025-08.csv,265,order_date,2025-08-18,2025-08-18,N01-field-alias-or-whitespace
amazon-2025-08.csv,265,quantity,3,3,N01-field-alias-or-whitespace
amazon-2025-08.csv,265,unit_price_usd,39.99,39.99,N01-field-alias-or-whitespace
amazon-2025-08.csv,266,order_date,2025-08-18,2025-08-18,N01-field-alias-or-whitespace
amazon-2025-08.csv,266,quantity,2,2,N01-field-alias-or-whitespace
amazon-2025-08.csv,266,unit_price_usd,39.99,39.99,N01-field-alias-or-whitespace
amazon-2025-08.csv,267,order_date,2025-08-18,2025-08-18,N01-field-alias-or-whitespace
amazon-2025-08.csv,267,quantity,3,3,N01-field-alias-or-whitespace
amazon-2025-08.csv,267,unit_price_usd,$24.99,$24.99,N01-field-alias-or-whitespace
amazon-2025-08.csv,268,order_date,2025/08/18,2025/08/18,N01-field-alias-or-whitespace
amazon-2025-08.csv,268,quantity,3,3,N01-field-alias-or-whitespace
amazon-2025-08.csv,268,unit_price_usd,79.99,79.99,N01-field-alias-or-whitespace
amazon-2025-08.csv,269,order_date,2025-08-18,2025-08-18,N01-field-alias-or-whitespace
amazon-2025-08.csv,269,quantity,1,1,N01-field-alias-or-whitespace
amazon-2025-08.csv,269,unit_price_usd,24.99,24.99,N01-field-alias-or-whitespace
amazon-2025-08.csv,270,order_date,2025-08-18,2025-08-18,N01-field-alias-or-whitespace
amazon-2025-08.csv,270,country, uk ,uk,N01-field-alias-or-whitespace
amazon-2025-08.csv,270,quantity,1,1,N01-field-alias-or-whitespace
amazon-2025-08.csv,270,unit_price_usd,79.99,79.99,N01-field-alias-or-whitespace
amazon-2025-08.csv,271,order_date,2025-08-18,2025-08-18,N01-field-alias-or-whitespace
amazon-2025-08.csv,271,quantity,2,2,N01-field-alias-or-whitespace
amazon-2025-08.csv,271,unit_price_usd,59.99,59.99,N01-field-alias-or-whitespace
amazon-2025-08.csv,272,order_date,2025-08-18,2025-08-18,N01-field-alias-or-whitespace
amazon-2025-08.csv,272,quantity,2,2,N01-field-alias-or-whitespace
amazon-2025-08.csv,272,unit_price_usd,39.99,39.99,N01-field-alias-or-whitespace
amazon-2025-08.csv,273,order_date,2025-08-18,2025-08-18,N01-field-alias-or-whitespace
amazon-2025-08.csv,273,quantity,1,1,N01-field-alias-or-whitespace
amazon-2025-08.csv,273,unit_price_usd,24.99,24.99,N01-field-alias-or-whitespace
amazon-2025-08.csv,274,order_date,2025-08-18,2025-08-18,N01-field-alias-or-whitespace
amazon-2025-08.csv,274,quantity,2,2,N01-field-alias-or-whitespace
amazon-2025-08.csv,274,unit_price_usd,59.99,59.99,N01-field-alias-or-whitespace
amazon-2025-08.csv,275,order_date,2025-08-18,2025-08-18,N01-field-alias-or-whitespace
amazon-2025-08.csv,275,quantity,1,1,N01-field-alias-or-whitespace
amazon-2025-08.csv,275,unit_price_usd,59.99,59.99,N01-field-alias-or-whitespace
amazon-2025-08.csv,276,order_date,2025-08-19,2025-08-19,N01-field-alias-or-whitespace
amazon-2025-08.csv,276,quantity,1,1,N01-field-alias-or-whitespace
amazon-2025-08.csv,276,unit_price_usd,14.99,14.99,N01-field-alias-or-whitespace
amazon-2025-08.csv,277,order_date,2025/08/19,2025/08/19,N01-field-alias-or-whitespace
amazon-2025-08.csv,277,quantity,2,2,N01-field-alias-or-whitespace
amazon-2025-08.csv,277,unit_price_usd,39.99,39.99,N01-field-alias-or-whitespace
amazon-2025-08.csv,278,order_date,2025-08-19,2025-08-19,N01-field-alias-or-whitespace
amazon-2025-08.csv,278,quantity,1,1,N01-field-alias-or-whitespace
amazon-2025-08.csv,278,unit_price_usd,39.99,39.99,N01-field-alias-or-whitespace
amazon-2025-08.csv,279,order_date,2025-08-19,2025-08-19,N01-field-alias-or-whitespace
amazon-2025-08.csv,279,quantity,2,2,N01-field-alias-or-whitespace
amazon-2025-08.csv,279,unit_price_usd,14.99,14.99,N01-field-alias-or-whitespace
amazon-2025-08.csv,280,order_date,2025-08-19,2025-08-19,N01-field-alias-or-whitespace
amazon-2025-08.csv,280,quantity,3,3,N01-field-alias-or-whitespace
amazon-2025-08.csv,280,unit_price_usd,59.99,59.99,N01-field-alias-or-whitespace
amazon-2025-08.csv,281,order_date,2025-08-19,2025-08-19,N01-field-alias-or-whitespace
amazon-2025-08.csv,281,quantity,1,1,N01-field-alias-or-whitespace
amazon-2025-08.csv,281,unit_price_usd,59.99,59.99,N01-field-alias-or-whitespace
amazon-2025-08.csv,282,order_date,2025-08-19,2025-08-19,N01-field-alias-or-whitespace
amazon-2025-08.csv,282,quantity,2,2,N01-field-alias-or-whitespace
amazon-2025-08.csv,282,unit_price_usd,59.99,59.99,N01-field-alias-or-whitespace
amazon-2025-08.csv,283,order_date,2025-08-19,2025-08-19,N01-field-alias-or-whitespace
amazon-2025-08.csv,283,quantity,1,1,N01-field-alias-or-whitespace
amazon-2025-08.csv,283,unit_price_usd,59.99,59.99,N01-field-alias-or-whitespace
amazon-2025-08.csv,284,order_date,2025-08-19,2025-08-19,N01-field-alias-or-whitespace
amazon-2025-08.csv,284,quantity,2,2,N01-field-alias-or-whitespace
amazon-2025-08.csv,284,unit_price_usd,24.99,24.99,N01-field-alias-or-whitespace
amazon-2025-08.csv,285,order_date,2025-08-19,2025-08-19,N01-field-alias-or-whitespace
amazon-2025-08.csv,285,quantity,3,3,N01-field-alias-or-whitespace
amazon-2025-08.csv,285,unit_price_usd,24.99,24.99,N01-field-alias-or-whitespace
amazon-2025-08.csv,286,order_date,2025-08-19,2025-08-19,N01-field-alias-or-whitespace
amazon-2025-08.csv,286,quantity,3,3,N01-field-alias-or-whitespace
amazon-2025-08.csv,286,unit_price_usd,79.99,79.99,N01-field-alias-or-whitespace
amazon-2025-08.csv,287,order_date,2025-08-19,2025-08-19,N01-field-alias-or-whitespace
amazon-2025-08.csv,287,quantity,3,3,N01-field-alias-or-whitespace
amazon-2025-08.csv,287,unit_price_usd,24.99,24.99,N01-field-alias-or-whitespace
amazon-2025-08.csv,288,order_date,2025-08-19,2025-08-19,N01-field-alias-or-whitespace
amazon-2025-08.csv,288,quantity,1,1,N01-field-alias-or-whitespace
amazon-2025-08.csv,288,unit_price_usd,14.99,14.99,N01-field-alias-or-whitespace
amazon-2025-08.csv,289,order_date,2025-08-19,2025-08-19,N01-field-alias-or-whitespace
amazon-2025-08.csv,289,quantity,3,3,N01-field-alias-or-whitespace
amazon-2025-08.csv,289,unit_price_usd,39.99,39.99,N01-field-alias-or-whitespace
amazon-2025-08.csv,290,order_date,2025-08-19,2025-08-19,N01-field-alias-or-whitespace
amazon-2025-08.csv,290,country, de ,de,N01-field-alias-or-whitespace
amazon-2025-08.csv,290,quantity,2,2,N01-field-alias-or-whitespace
amazon-2025-08.csv,290,unit_price_usd,39.99,39.99,N01-field-alias-or-whitespace
amazon-2025-08.csv,291,order_date,2025-08-19,2025-08-19,N01-field-alias-or-whitespace
amazon-2025-08.csv,291,quantity,1,1,N01-field-alias-or-whitespace
amazon-2025-08.csv,291,unit_price_usd,$39.99,$39.99,N01-field-alias-or-whitespace
amazon-2025-08.csv,292,order_date,2025-08-19,2025-08-19,N01-field-alias-or-whitespace
amazon-2025-08.csv,292,quantity,1,1,N01-field-alias-or-whitespace
amazon-2025-08.csv,292,unit_price_usd,79.99,79.99,N01-field-alias-or-whitespace
amazon-2025-08.csv,293,order_date,2025-08-20,2025-08-20,N01-field-alias-or-whitespace
amazon-2025-08.csv,293,country, de ,de,N01-field-alias-or-whitespace
amazon-2025-08.csv,293,quantity,3,3,N01-field-alias-or-whitespace
amazon-2025-08.csv,293,unit_price_usd,24.99,24.99,N01-field-alias-or-whitespace
amazon-2025-08.csv,294,order_date,2025-08-20,2025-08-20,N01-field-alias-or-whitespace
amazon-2025-08.csv,294,quantity,2,2,N01-field-alias-or-whitespace
amazon-2025-08.csv,294,unit_price_usd,59.99,59.99,N01-field-alias-or-whitespace
amazon-2025-08.csv,295,order_date,2025-08-20,2025-08-20,N01-field-alias-or-whitespace
amazon-2025-08.csv,295,quantity,1,1,N01-field-alias-or-whitespace
amazon-2025-08.csv,295,unit_price_usd,59.99,59.99,N01-field-alias-or-whitespace
amazon-2025-08.csv,296,order_date,2025-08-20,2025-08-20,N01-field-alias-or-whitespace
amazon-2025-08.csv,296,quantity,2,2,N01-field-alias-or-whitespace
amazon-2025-08.csv,296,unit_price_usd,$39.99,$39.99,N01-field-alias-or-whitespace
amazon-2025-08.csv,297,order_date,2025-08-20,2025-08-20,N01-field-alias-or-whitespace
amazon-2025-08.csv,297,quantity,1,1,N01-field-alias-or-whitespace
amazon-2025-08.csv,297,unit_price_usd,24.99,24.99,N01-field-alias-or-whitespace
amazon-2025-08.csv,298,order_date,2025-08-20,2025-08-20,N01-field-alias-or-whitespace
amazon-2025-08.csv,298,quantity,1,1,N01-field-alias-or-whitespace
amazon-2025-08.csv,298,unit_price_usd,79.99,79.99,N01-field-alias-or-whitespace
amazon-2025-08.csv,299,order_date,2025-08-20,2025-08-20,N01-field-alias-or-whitespace
amazon-2025-08.csv,299,quantity,2,2,N01-field-alias-or-whitespace
amazon-2025-08.csv,299,unit_price_usd,14.99,14.99,N01-field-alias-or-whitespace
amazon-2025-08.csv,300,order_date,2025-08-20,2025-08-20,N01-field-alias-or-whitespace
amazon-2025-08.csv,300,quantity,3,3,N01-field-alias-or-whitespace
amazon-2025-08.csv,300,unit_price_usd,24.99,24.99,N01-field-alias-or-whitespace
amazon-2025-08.csv,301,order_date,2025-08-20,2025-08-20,N01-field-alias-or-whitespace
amazon-2025-08.csv,301,quantity,3,3,N01-field-alias-or-whitespace
amazon-2025-08.csv,301,unit_price_usd,14.99,14.99,N01-field-alias-or-whitespace
amazon-2025-08.csv,302,order_date,2025-08-20,2025-08-20,N01-field-alias-or-whitespace
amazon-2025-08.csv,302,quantity,3,3,N01-field-alias-or-whitespace
amazon-2025-08.csv,302,unit_price_usd,14.99,14.99,N01-field-alias-or-whitespace
amazon-2025-08.csv,303,order_date,2025-08-20,2025-08-20,N01-field-alias-or-whitespace
amazon-2025-08.csv,303,quantity,1,1,N01-field-alias-or-whitespace
amazon-2025-08.csv,303,unit_price_usd,39.99,39.99,N01-field-alias-or-whitespace
amazon-2025-08.csv,304,order_date,2025-08-20,2025-08-20,N01-field-alias-or-whitespace
amazon-2025-08.csv,304,quantity,1,1,N01-field-alias-or-whitespace
amazon-2025-08.csv,304,unit_price_usd,39.99,39.99,N01-field-alias-or-whitespace
amazon-2025-08.csv,305,order_date,2025-08-21,2025-08-21,N01-field-alias-or-whitespace
amazon-2025-08.csv,305,quantity,2,2,N01-field-alias-or-whitespace
amazon-2025-08.csv,305,unit_price_usd,79.99,79.99,N01-field-alias-or-whitespace
amazon-2025-08.csv,306,order_date,2025-08-21,2025-08-21,N01-field-alias-or-whitespace
amazon-2025-08.csv,306,quantity,1,1,N01-field-alias-or-whitespace
amazon-2025-08.csv,306,unit_price_usd,14.99,14.99,N01-field-alias-or-whitespace
amazon-2025-08.csv,307,order_date,2025-08-21,2025-08-21,N01-field-alias-or-whitespace
amazon-2025-08.csv,307,quantity,3,3,N01-field-alias-or-whitespace
amazon-2025-08.csv,307,unit_price_usd,24.99,24.99,N01-field-alias-or-whitespace
amazon-2025-08.csv,308,order_date,2025-08-21,2025-08-21,N01-field-alias-or-whitespace
amazon-2025-08.csv,308,quantity,2,2,N01-field-alias-or-whitespace
amazon-2025-08.csv,308,unit_price_usd,24.99,24.99,N01-field-alias-or-whitespace
amazon-2025-08.csv,309,order_date,2025-08-21,2025-08-21,N01-field-alias-or-whitespace
amazon-2025-08.csv,309,quantity,3,3,N01-field-alias-or-whitespace
amazon-2025-08.csv,309,unit_price_usd,79.99,79.99,N01-field-alias-or-whitespace
amazon-2025-08.csv,310,order_date,2025-08-21,2025-08-21,N01-field-alias-or-whitespace
amazon-2025-08.csv,310,quantity,2,2,N01-field-alias-or-whitespace
amazon-2025-08.csv,310,unit_price_usd,79.99,79.99,N01-field-alias-or-whitespace
amazon-2025-08.csv,311,order_date,2025-08-21,2025-08-21,N01-field-alias-or-whitespace
amazon-2025-08.csv,311,quantity,1,1,N01-field-alias-or-whitespace
amazon-2025-08.csv,311,unit_price_usd,24.99,24.99,N01-field-alias-or-whitespace
amazon-2025-08.csv,312,order_date,2025-08-21,2025-08-21,N01-field-alias-or-whitespace
amazon-2025-08.csv,312,quantity,1,1,N01-field-alias-or-whitespace
amazon-2025-08.csv,312,unit_price_usd,39.99,39.99,N01-field-alias-or-whitespace
amazon-2025-08.csv,313,order_date,2025-08-21,2025-08-21,N01-field-alias-or-whitespace
amazon-2025-08.csv,313,country, us ,us,N01-field-alias-or-whitespace
amazon-2025-08.csv,313,quantity,3,3,N01-field-alias-or-whitespace
amazon-2025-08.csv,313,unit_price_usd,14.99,14.99,N01-field-alias-or-whitespace
amazon-2025-08.csv,314,order_date,2025-08-21,2025-08-21,N01-field-alias-or-whitespace
amazon-2025-08.csv,314,quantity,1,1,N01-field-alias-or-whitespace
amazon-2025-08.csv,314,unit_price_usd,79.99,79.99,N01-field-alias-or-whitespace
amazon-2025-08.csv,315,order_date,2025-08-21,2025-08-21,N01-field-alias-or-whitespace
amazon-2025-08.csv,315,quantity,3,3,N01-field-alias-or-whitespace
amazon-2025-08.csv,315,unit_price_usd,59.99,59.99,N01-field-alias-or-whitespace
amazon-2025-08.csv,316,order_date,2025-08-21,2025-08-21,N01-field-alias-or-whitespace
amazon-2025-08.csv,316,quantity,1,1,N01-field-alias-or-whitespace
amazon-2025-08.csv,316,unit_price_usd,39.99,39.99,N01-field-alias-or-whitespace
amazon-2025-08.csv,317,order_date,2025-08-21,2025-08-21,N01-field-alias-or-whitespace
amazon-2025-08.csv,317,quantity,2,2,N01-field-alias-or-whitespace
amazon-2025-08.csv,317,unit_price_usd,79.99,79.99,N01-field-alias-or-whitespace
amazon-2025-08.csv,318,order_date,2025/08/21,2025/08/21,N01-field-alias-or-whitespace
amazon-2025-08.csv,318,quantity,1,1,N01-field-alias-or-whitespace
amazon-2025-08.csv,318,unit_price_usd,14.99,14.99,N01-field-alias-or-whitespace
amazon-2025-08.csv,319,order_date,2025-08-21,2025-08-21,N01-field-alias-or-whitespace
amazon-2025-08.csv,319,quantity,2,2,N01-field-alias-or-whitespace
amazon-2025-08.csv,319,unit_price_usd,79.99,79.99,N01-field-alias-or-whitespace
amazon-2025-08.csv,320,order_date,2025-08-21,2025-08-21,N01-field-alias-or-whitespace
amazon-2025-08.csv,320,quantity,2,2,N01-field-alias-or-whitespace
amazon-2025-08.csv,320,unit_price_usd,$14.99,$14.99,N01-field-alias-or-whitespace
amazon-2025-08.csv,321,order_date,2025-08-21,2025-08-21,N01-field-alias-or-whitespace
amazon-2025-08.csv,321,quantity,3,3,N01-field-alias-or-whitespace
amazon-2025-08.csv,321,unit_price_usd,79.99,79.99,N01-field-alias-or-whitespace
amazon-2025-08.csv,322,order_date,2025-08-22,2025-08-22,N01-field-alias-or-whitespace
amazon-2025-08.csv,322,quantity,3,3,N01-field-alias-or-whitespace
amazon-2025-08.csv,322,unit_price_usd,59.99,59.99,N01-field-alias-or-whitespace
amazon-2025-08.csv,323,order_date,2025-08-22,2025-08-22,N01-field-alias-or-whitespace
amazon-2025-08.csv,323,quantity,3,3,N01-field-alias-or-whitespace
amazon-2025-08.csv,323,unit_price_usd,14.99,14.99,N01-field-alias-or-whitespace
amazon-2025-08.csv,324,order_date,2025-08-22,2025-08-22,N01-field-alias-or-whitespace
amazon-2025-08.csv,324,quantity,3,3,N01-field-alias-or-whitespace
amazon-2025-08.csv,324,unit_price_usd,$39.99,$39.99,N01-field-alias-or-whitespace
amazon-2025-08.csv,325,order_date,2025-08-22,2025-08-22,N01-field-alias-or-whitespace
amazon-2025-08.csv,325,quantity,1,1,N01-field-alias-or-whitespace
amazon-2025-08.csv,325,unit_price_usd,79.99,79.99,N01-field-alias-or-whitespace
amazon-2025-08.csv,326,order_date,2025/08/22,2025/08/22,N01-field-alias-or-whitespace
amazon-2025-08.csv,326,quantity,3,3,N01-field-alias-or-whitespace
amazon-2025-08.csv,326,unit_price_usd,24.99,24.99,N01-field-alias-or-whitespace
amazon-2025-08.csv,327,order_date,2025-08-22,2025-08-22,N01-field-alias-or-whitespace
amazon-2025-08.csv,327,quantity,1,1,N01-field-alias-or-whitespace
amazon-2025-08.csv,327,unit_price_usd,79.99,79.99,N01-field-alias-or-whitespace
amazon-2025-08.csv,328,order_date,2025-08-22,2025-08-22,N01-field-alias-or-whitespace
amazon-2025-08.csv,328,quantity,3,3,N01-field-alias-or-whitespace
amazon-2025-08.csv,328,unit_price_usd,79.99,79.99,N01-field-alias-or-whitespace
amazon-2025-08.csv,329,order_date,2025-08-22,2025-08-22,N01-field-alias-or-whitespace
amazon-2025-08.csv,329,quantity,3,3,N01-field-alias-or-whitespace
amazon-2025-08.csv,329,unit_price_usd,14.99,14.99,N01-field-alias-or-whitespace
amazon-2025-08.csv,330,order_date,2025-08-22,2025-08-22,N01-field-alias-or-whitespace
amazon-2025-08.csv,330,quantity,2,2,N01-field-alias-or-whitespace
amazon-2025-08.csv,330,unit_price_usd,24.99,24.99,N01-field-alias-or-whitespace
amazon-2025-08.csv,331,order_date,2025-08-22,2025-08-22,N01-field-alias-or-whitespace
amazon-2025-08.csv,331,quantity,3,3,N01-field-alias-or-whitespace
amazon-2025-08.csv,331,unit_price_usd,79.99,79.99,N01-field-alias-or-whitespace
amazon-2025-08.csv,332,order_date,2025-08-22,2025-08-22,N01-field-alias-or-whitespace
amazon-2025-08.csv,332,country, us ,us,N01-field-alias-or-whitespace
amazon-2025-08.csv,332,quantity,1,1,N01-field-alias-or-whitespace
amazon-2025-08.csv,332,unit_price_usd,59.99,59.99,N01-field-alias-or-whitespace
amazon-2025-08.csv,333,order_date,2025-08-22,2025-08-22,N01-field-alias-or-whitespace
amazon-2025-08.csv,333,quantity,3,3,N01-field-alias-or-whitespace
amazon-2025-08.csv,333,unit_price_usd,79.99,79.99,N01-field-alias-or-whitespace
amazon-2025-08.csv,334,order_date,2025-08-22,2025-08-22,N01-field-alias-or-whitespace
amazon-2025-08.csv,334,quantity,1,1,N01-field-alias-or-whitespace
amazon-2025-08.csv,334,unit_price_usd,59.99,59.99,N01-field-alias-or-whitespace
amazon-2025-08.csv,335,order_date,2025-08-22,2025-08-22,N01-field-alias-or-whitespace
amazon-2025-08.csv,335,quantity,1,1,N01-field-alias-or-whitespace
amazon-2025-08.csv,335,unit_price_usd,79.99,79.99,N01-field-alias-or-whitespace
amazon-2025-08.csv,336,order_date,2025-08-22,2025-08-22,N01-field-alias-or-whitespace
amazon-2025-08.csv,336,quantity,2,2,N01-field-alias-or-whitespace
amazon-2025-08.csv,336,unit_price_usd,14.99,14.99,N01-field-alias-or-whitespace
amazon-2025-08.csv,337,order_date,2025-08-22,2025-08-22,N01-field-alias-or-whitespace
amazon-2025-08.csv,337,quantity,3,3,N01-field-alias-or-whitespace
amazon-2025-08.csv,337,unit_price_usd,59.99,59.99,N01-field-alias-or-whitespace
amazon-2025-08.csv,338,order_date,2025-08-23,2025-08-23,N01-field-alias-or-whitespace
amazon-2025-08.csv,338,quantity,1,1,N01-field-alias-or-whitespace
amazon-2025-08.csv,338,unit_price_usd,24.99,24.99,N01-field-alias-or-whitespace
amazon-2025-08.csv,339,order_date,2025-08-23,2025-08-23,N01-field-alias-or-whitespace
amazon-2025-08.csv,339,quantity,2,2,N01-field-alias-or-whitespace
amazon-2025-08.csv,339,unit_price_usd,39.99,39.99,N01-field-alias-or-whitespace
amazon-2025-08.csv,340,order_date,2025-08-23,2025-08-23,N01-field-alias-or-whitespace
amazon-2025-08.csv,340,quantity,1,1,N01-field-alias-or-whitespace
amazon-2025-08.csv,340,unit_price_usd,24.99,24.99,N01-field-alias-or-whitespace
amazon-2025-08.csv,341,order_date,2025-08-23,2025-08-23,N01-field-alias-or-whitespace
amazon-2025-08.csv,341,quantity,3,3,N01-field-alias-or-whitespace
amazon-2025-08.csv,341,unit_price_usd,79.99,79.99,N01-field-alias-or-whitespace
amazon-2025-08.csv,342,order_date,2025-08-23,2025-08-23,N01-field-alias-or-whitespace
amazon-2025-08.csv,342,quantity,2,2,N01-field-alias-or-whitespace
amazon-2025-08.csv,342,unit_price_usd,39.99,39.99,N01-field-alias-or-whitespace
amazon-2025-08.csv,343,order_date,2025-08-23,2025-08-23,N01-field-alias-or-whitespace
amazon-2025-08.csv,343,quantity,3,3,N01-field-alias-or-whitespace
amazon-2025-08.csv,343,unit_price_usd,59.99,59.99,N01-field-alias-or-whitespace
amazon-2025-08.csv,344,order_date,2025-08-23,2025-08-23,N01-field-alias-or-whitespace
amazon-2025-08.csv,344,quantity,3,3,N01-field-alias-or-whitespace
amazon-2025-08.csv,344,unit_price_usd,39.99,39.99,N01-field-alias-or-whitespace
amazon-2025-08.csv,345,order_date,2025-08-23,2025-08-23,N01-field-alias-or-whitespace
amazon-2025-08.csv,345,quantity,3,3,N01-field-alias-or-whitespace
amazon-2025-08.csv,345,unit_price_usd,79.99,79.99,N01-field-alias-or-whitespace
amazon-2025-08.csv,346,order_date,2025-08-23,2025-08-23,N01-field-alias-or-whitespace
amazon-2025-08.csv,346,quantity,3,3,N01-field-alias-or-whitespace
amazon-2025-08.csv,346,unit_price_usd,39.99,39.99,N01-field-alias-or-whitespace
amazon-2025-08.csv,347,order_date,2025-08-23,2025-08-23,N01-field-alias-or-whitespace
amazon-2025-08.csv,347,quantity,3,3,N01-field-alias-or-whitespace
amazon-2025-08.csv,347,unit_price_usd,$39.99,$39.99,N01-field-alias-or-whitespace
amazon-2025-08.csv,348,order_date,2025-08-23,2025-08-23,N01-field-alias-or-whitespace
amazon-2025-08.csv,348,quantity,2,2,N01-field-alias-or-whitespace
amazon-2025-08.csv,348,unit_price_usd,24.99,24.99,N01-field-alias-or-whitespace
amazon-2025-08.csv,349,order_date,2025-08-23,2025-08-23,N01-field-alias-or-whitespace
amazon-2025-08.csv,349,quantity,3,3,N01-field-alias-or-whitespace
amazon-2025-08.csv,349,unit_price_usd,79.99,79.99,N01-field-alias-or-whitespace
amazon-2025-08.csv,350,order_date,2025-08-23,2025-08-23,N01-field-alias-or-whitespace
amazon-2025-08.csv,350,quantity,1,1,N01-field-alias-or-whitespace
amazon-2025-08.csv,350,unit_price_usd,59.99,59.99,N01-field-alias-or-whitespace
amazon-2025-08.csv,351,order_date,2025-08-23,2025-08-23,N01-field-alias-or-whitespace
amazon-2025-08.csv,351,country, ca ,ca,N01-field-alias-or-whitespace
amazon-2025-08.csv,351,quantity,1,1,N01-field-alias-or-whitespace
amazon-2025-08.csv,351,unit_price_usd,39.99,39.99,N01-field-alias-or-whitespace
amazon-2025-08.csv,352,order_date,2025-08-23,2025-08-23,N01-field-alias-or-whitespace
amazon-2025-08.csv,352,quantity,2,2,N01-field-alias-or-whitespace
amazon-2025-08.csv,352,unit_price_usd,79.99,79.99,N01-field-alias-or-whitespace
amazon-2025-08.csv,353,order_date,2025-08-24,2025-08-24,N01-field-alias-or-whitespace
amazon-2025-08.csv,353,quantity,1,1,N01-field-alias-or-whitespace
amazon-2025-08.csv,353,unit_price_usd,$79.99,$79.99,N01-field-alias-or-whitespace
amazon-2025-08.csv,354,order_date,2025-08-24,2025-08-24,N01-field-alias-or-whitespace
amazon-2025-08.csv,354,quantity,1,1,N01-field-alias-or-whitespace
amazon-2025-08.csv,354,unit_price_usd,79.99,79.99,N01-field-alias-or-whitespace
amazon-2025-08.csv,355,order_date,2025-08-24,2025-08-24,N01-field-alias-or-whitespace
amazon-2025-08.csv,355,country, us ,us,N01-field-alias-or-whitespace
amazon-2025-08.csv,355,quantity,2,2,N01-field-alias-or-whitespace
amazon-2025-08.csv,355,unit_price_usd,59.99,59.99,N01-field-alias-or-whitespace
amazon-2025-08.csv,356,order_date,2025-08-24,2025-08-24,N01-field-alias-or-whitespace
amazon-2025-08.csv,356,quantity,2,2,N01-field-alias-or-whitespace
amazon-2025-08.csv,356,unit_price_usd,79.99,79.99,N01-field-alias-or-whitespace
amazon-2025-08.csv,357,order_date,2025-08-24,2025-08-24,N01-field-alias-or-whitespace
amazon-2025-08.csv,357,quantity,1,1,N01-field-alias-or-whitespace
amazon-2025-08.csv,357,unit_price_usd,24.99,24.99,N01-field-alias-or-whitespace
amazon-2025-08.csv,358,order_date,2025-08-24,2025-08-24,N01-field-alias-or-whitespace
amazon-2025-08.csv,358,quantity,2,2,N01-field-alias-or-whitespace
amazon-2025-08.csv,358,unit_price_usd,79.99,79.99,N01-field-alias-or-whitespace
amazon-2025-08.csv,359,order_date,2025-08-24,2025-08-24,N01-field-alias-or-whitespace
amazon-2025-08.csv,359,quantity,1,1,N01-field-alias-or-whitespace
amazon-2025-08.csv,359,unit_price_usd,59.99,59.99,N01-field-alias-or-whitespace
amazon-2025-08.csv,360,order_date,2025-08-24,2025-08-24,N01-field-alias-or-whitespace
amazon-2025-08.csv,360,quantity,3,3,N01-field-alias-or-whitespace
amazon-2025-08.csv,360,unit_price_usd,14.99,14.99,N01-field-alias-or-whitespace
amazon-2025-08.csv,361,order_date,2025-08-24,2025-08-24,N01-field-alias-or-whitespace
amazon-2025-08.csv,361,quantity,3,3,N01-field-alias-or-whitespace
amazon-2025-08.csv,361,unit_price_usd,14.99,14.99,N01-field-alias-or-whitespace
amazon-2025-08.csv,362,order_date,2025-08-24,2025-08-24,N01-field-alias-or-whitespace
amazon-2025-08.csv,362,quantity,3,3,N01-field-alias-or-whitespace
amazon-2025-08.csv,362,unit_price_usd,24.99,24.99,N01-field-alias-or-whitespace
amazon-2025-08.csv,363,order_date,2025-08-24,2025-08-24,N01-field-alias-or-whitespace
amazon-2025-08.csv,363,quantity,2,2,N01-field-alias-or-whitespace
amazon-2025-08.csv,363,unit_price_usd,59.99,59.99,N01-field-alias-or-whitespace
amazon-2025-08.csv,364,order_date,2025-08-24,2025-08-24,N01-field-alias-or-whitespace
amazon-2025-08.csv,364,quantity,3,3,N01-field-alias-or-whitespace
amazon-2025-08.csv,364,unit_price_usd,59.99,59.99,N01-field-alias-or-whitespace
amazon-2025-08.csv,365,order_date,2025-08-24,2025-08-24,N01-field-alias-or-whitespace
amazon-2025-08.csv,365,quantity,3,3,N01-field-alias-or-whitespace
amazon-2025-08.csv,365,unit_price_usd,24.99,24.99,N01-field-alias-or-whitespace
amazon-2025-08.csv,366,order_date,2025-08-24,2025-08-24,N01-field-alias-or-whitespace
amazon-2025-08.csv,366,quantity,2,2,N01-field-alias-or-whitespace
amazon-2025-08.csv,366,unit_price_usd,59.99,59.99,N01-field-alias-or-whitespace
amazon-2025-08.csv,367,order_date,2025/08/24,2025/08/24,N01-field-alias-or-whitespace
amazon-2025-08.csv,367,quantity,2,2,N01-field-alias-or-whitespace
amazon-2025-08.csv,367,unit_price_usd,59.99,59.99,N01-field-alias-or-whitespace
amazon-2025-08.csv,368,order_date,2025-08-24,2025-08-24,N01-field-alias-or-whitespace
amazon-2025-08.csv,368,quantity,2,2,N01-field-alias-or-whitespace
amazon-2025-08.csv,368,unit_price_usd,59.99,59.99,N01-field-alias-or-whitespace
amazon-2025-08.csv,369,order_date,2025-08-25,2025-08-25,N01-field-alias-or-whitespace
amazon-2025-08.csv,369,quantity,3,3,N01-field-alias-or-whitespace
amazon-2025-08.csv,369,unit_price_usd,39.99,39.99,N01-field-alias-or-whitespace
amazon-2025-08.csv,370,order_date,2025-08-25,2025-08-25,N01-field-alias-or-whitespace
amazon-2025-08.csv,370,quantity,2,2,N01-field-alias-or-whitespace
amazon-2025-08.csv,370,unit_price_usd,24.99,24.99,N01-field-alias-or-whitespace
amazon-2025-08.csv,371,order_date,2025-08-25,2025-08-25,N01-field-alias-or-whitespace
amazon-2025-08.csv,371,quantity,3,3,N01-field-alias-or-whitespace
amazon-2025-08.csv,371,unit_price_usd,14.99,14.99,N01-field-alias-or-whitespace
amazon-2025-08.csv,372,order_date,2025-08-25,2025-08-25,N01-field-alias-or-whitespace
amazon-2025-08.csv,372,quantity,3,3,N01-field-alias-or-whitespace
amazon-2025-08.csv,372,unit_price_usd,39.99,39.99,N01-field-alias-or-whitespace
amazon-2025-08.csv,373,order_date,2025-08-25,2025-08-25,N01-field-alias-or-whitespace
amazon-2025-08.csv,373,quantity,1,1,N01-field-alias-or-whitespace
amazon-2025-08.csv,373,unit_price_usd,59.99,59.99,N01-field-alias-or-whitespace
amazon-2025-08.csv,374,order_date,2025-08-25,2025-08-25,N01-field-alias-or-whitespace
amazon-2025-08.csv,374,country, ca ,ca,N01-field-alias-or-whitespace
amazon-2025-08.csv,374,quantity,3,3,N01-field-alias-or-whitespace
amazon-2025-08.csv,374,unit_price_usd,39.99,39.99,N01-field-alias-or-whitespace
amazon-2025-08.csv,375,order_date,2025/08/25,2025/08/25,N01-field-alias-or-whitespace
amazon-2025-08.csv,375,quantity,1,1,N01-field-alias-or-whitespace
amazon-2025-08.csv,375,unit_price_usd,24.99,24.99,N01-field-alias-or-whitespace
amazon-2025-08.csv,376,order_date,2025-08-25,2025-08-25,N01-field-alias-or-whitespace
amazon-2025-08.csv,376,quantity,3,3,N01-field-alias-or-whitespace
amazon-2025-08.csv,376,unit_price_usd,$39.99,$39.99,N01-field-alias-or-whitespace
amazon-2025-08.csv,377,order_date,2025-08-25,2025-08-25,N01-field-alias-or-whitespace
amazon-2025-08.csv,377,quantity,2,2,N01-field-alias-or-whitespace
amazon-2025-08.csv,377,unit_price_usd,24.99,24.99,N01-field-alias-or-whitespace
amazon-2025-08.csv,378,order_date,2025-08-25,2025-08-25,N01-field-alias-or-whitespace
amazon-2025-08.csv,378,quantity,1,1,N01-field-alias-or-whitespace
amazon-2025-08.csv,378,unit_price_usd,79.99,79.99,N01-field-alias-or-whitespace
amazon-2025-08.csv,379,order_date,2025-08-25,2025-08-25,N01-field-alias-or-whitespace
amazon-2025-08.csv,379,quantity,3,3,N01-field-alias-or-whitespace
amazon-2025-08.csv,379,unit_price_usd,39.99,39.99,N01-field-alias-or-whitespace
amazon-2025-08.csv,380,order_date,2025-08-25,2025-08-25,N01-field-alias-or-whitespace
amazon-2025-08.csv,380,quantity,1,1,N01-field-alias-or-whitespace
amazon-2025-08.csv,380,unit_price_usd,79.99,79.99,N01-field-alias-or-whitespace
amazon-2025-08.csv,381,order_date,2025-08-25,2025-08-25,N01-field-alias-or-whitespace
amazon-2025-08.csv,381,quantity,3,3,N01-field-alias-or-whitespace
amazon-2025-08.csv,381,unit_price_usd,39.99,39.99,N01-field-alias-or-whitespace
amazon-2025-08.csv,382,order_date,2025-08-25,2025-08-25,N01-field-alias-or-whitespace
amazon-2025-08.csv,382,quantity,1,1,N01-field-alias-or-whitespace
amazon-2025-08.csv,382,unit_price_usd,39.99,39.99,N01-field-alias-or-whitespace
amazon-2025-08.csv,383,order_date,2025-08-26,2025-08-26,N01-field-alias-or-whitespace
amazon-2025-08.csv,383,quantity,3,3,N01-field-alias-or-whitespace
amazon-2025-08.csv,383,unit_price_usd,24.99,24.99,N01-field-alias-or-whitespace
amazon-2025-08.csv,384,order_date,2025/08/26,2025/08/26,N01-field-alias-or-whitespace
amazon-2025-08.csv,384,quantity,2,2,N01-field-alias-or-whitespace
amazon-2025-08.csv,384,unit_price_usd,39.99,39.99,N01-field-alias-or-whitespace
amazon-2025-08.csv,385,order_date,2025-08-26,2025-08-26,N01-field-alias-or-whitespace
amazon-2025-08.csv,385,quantity,2,2,N01-field-alias-or-whitespace
amazon-2025-08.csv,385,unit_price_usd,59.99,59.99,N01-field-alias-or-whitespace
amazon-2025-08.csv,386,order_date,2025-08-26,2025-08-26,N01-field-alias-or-whitespace
amazon-2025-08.csv,386,quantity,3,3,N01-field-alias-or-whitespace
amazon-2025-08.csv,386,unit_price_usd,14.99,14.99,N01-field-alias-or-whitespace
amazon-2025-08.csv,387,order_date,2025-08-26,2025-08-26,N01-field-alias-or-whitespace
amazon-2025-08.csv,387,quantity,1,1,N01-field-alias-or-whitespace
amazon-2025-08.csv,387,unit_price_usd,59.99,59.99,N01-field-alias-or-whitespace
amazon-2025-08.csv,388,order_date,2025-08-26,2025-08-26,N01-field-alias-or-whitespace
amazon-2025-08.csv,388,quantity,2,2,N01-field-alias-or-whitespace
amazon-2025-08.csv,388,unit_price_usd,14.99,14.99,N01-field-alias-or-whitespace
amazon-2025-08.csv,389,order_date,2025-08-26,2025-08-26,N01-field-alias-or-whitespace
amazon-2025-08.csv,389,quantity,1,1,N01-field-alias-or-whitespace
amazon-2025-08.csv,389,unit_price_usd,59.99,59.99,N01-field-alias-or-whitespace
amazon-2025-08.csv,390,order_date,2025-08-26,2025-08-26,N01-field-alias-or-whitespace
amazon-2025-08.csv,390,quantity,3,3,N01-field-alias-or-whitespace
amazon-2025-08.csv,390,unit_price_usd,79.99,79.99,N01-field-alias-or-whitespace
amazon-2025-08.csv,391,order_date,2025-08-26,2025-08-26,N01-field-alias-or-whitespace
amazon-2025-08.csv,391,quantity,3,3,N01-field-alias-or-whitespace
amazon-2025-08.csv,391,unit_price_usd,39.99,39.99,N01-field-alias-or-whitespace
amazon-2025-08.csv,392,order_date,2025-08-26,2025-08-26,N01-field-alias-or-whitespace
amazon-2025-08.csv,392,quantity,1,1,N01-field-alias-or-whitespace
amazon-2025-08.csv,392,unit_price_usd,59.99,59.99,N01-field-alias-or-whitespace
amazon-2025-08.csv,393,order_date,2025-08-26,2025-08-26,N01-field-alias-or-whitespace
amazon-2025-08.csv,393,quantity,2,2,N01-field-alias-or-whitespace
amazon-2025-08.csv,393,unit_price_usd,24.99,24.99,N01-field-alias-or-whitespace
amazon-2025-08.csv,394,order_date,2025-08-26,2025-08-26,N01-field-alias-or-whitespace
amazon-2025-08.csv,394,country, us ,us,N01-field-alias-or-whitespace
amazon-2025-08.csv,394,quantity,3,3,N01-field-alias-or-whitespace
amazon-2025-08.csv,394,unit_price_usd,24.99,24.99,N01-field-alias-or-whitespace
amazon-2025-08.csv,395,order_date,2025-08-26,2025-08-26,N01-field-alias-or-whitespace
amazon-2025-08.csv,395,quantity,2,2,N01-field-alias-or-whitespace
amazon-2025-08.csv,395,unit_price_usd,39.99,39.99,N01-field-alias-or-whitespace
amazon-2025-08.csv,396,order_date,2025-08-26,2025-08-26,N01-field-alias-or-whitespace
amazon-2025-08.csv,396,quantity,1,1,N01-field-alias-or-whitespace
amazon-2025-08.csv,396,unit_price_usd,39.99,39.99,N01-field-alias-or-whitespace
amazon-2025-08.csv,397,order_date,2025-08-27,2025-08-27,N01-field-alias-or-whitespace
amazon-2025-08.csv,397,quantity,1,1,N01-field-alias-or-whitespace
amazon-2025-08.csv,397,unit_price_usd,59.99,59.99,N01-field-alias-or-whitespace
amazon-2025-08.csv,398,order_date,2025-08-27,2025-08-27,N01-field-alias-or-whitespace
amazon-2025-08.csv,398,quantity,3,3,N01-field-alias-or-whitespace
amazon-2025-08.csv,398,unit_price_usd,14.99,14.99,N01-field-alias-or-whitespace
amazon-2025-08.csv,399,order_date,2025-08-27,2025-08-27,N01-field-alias-or-whitespace
amazon-2025-08.csv,399,quantity,1,1,N01-field-alias-or-whitespace
amazon-2025-08.csv,399,unit_price_usd,59.99,59.99,N01-field-alias-or-whitespace
amazon-2025-08.csv,400,order_date,2025-08-27,2025-08-27,N01-field-alias-or-whitespace
amazon-2025-08.csv,400,quantity,2,2,N01-field-alias-or-whitespace
amazon-2025-08.csv,400,unit_price_usd,59.99,59.99,N01-field-alias-or-whitespace
amazon-2025-08.csv,401,order_date,2025-08-27,2025-08-27,N01-field-alias-or-whitespace
amazon-2025-08.csv,401,quantity,1,1,N01-field-alias-or-whitespace
amazon-2025-08.csv,401,unit_price_usd,39.99,39.99,N01-field-alias-or-whitespace
amazon-2025-08.csv,402,order_date,2025-08-27,2025-08-27,N01-field-alias-or-whitespace
amazon-2025-08.csv,402,quantity,1,1,N01-field-alias-or-whitespace
amazon-2025-08.csv,402,unit_price_usd,79.99,79.99,N01-field-alias-or-whitespace
amazon-2025-08.csv,403,order_date,2025-08-27,2025-08-27,N01-field-alias-or-whitespace
amazon-2025-08.csv,403,quantity,2,2,N01-field-alias-or-whitespace
amazon-2025-08.csv,403,unit_price_usd,24.99,24.99,N01-field-alias-or-whitespace
amazon-2025-08.csv,404,order_date,2025-08-27,2025-08-27,N01-field-alias-or-whitespace
amazon-2025-08.csv,404,quantity,1,1,N01-field-alias-or-whitespace
amazon-2025-08.csv,404,unit_price_usd,$39.99,$39.99,N01-field-alias-or-whitespace
amazon-2025-08.csv,405,order_date,2025-08-27,2025-08-27,N01-field-alias-or-whitespace
amazon-2025-08.csv,405,quantity,1,1,N01-field-alias-or-whitespace
amazon-2025-08.csv,405,unit_price_usd,14.99,14.99,N01-field-alias-or-whitespace
amazon-2025-08.csv,406,order_date,2025-08-27,2025-08-27,N01-field-alias-or-whitespace
amazon-2025-08.csv,406,quantity,3,3,N01-field-alias-or-whitespace
amazon-2025-08.csv,406,unit_price_usd,24.99,24.99,N01-field-alias-or-whitespace
amazon-2025-08.csv,407,order_date,2025-08-27,2025-08-27,N01-field-alias-or-whitespace
amazon-2025-08.csv,407,quantity,2,2,N01-field-alias-or-whitespace
amazon-2025-08.csv,407,unit_price_usd,39.99,39.99,N01-field-alias-or-whitespace
amazon-2025-08.csv,408,order_date,2025-08-28,2025-08-28,N01-field-alias-or-whitespace
amazon-2025-08.csv,408,quantity,1,1,N01-field-alias-or-whitespace
amazon-2025-08.csv,408,unit_price_usd,$79.99,$79.99,N01-field-alias-or-whitespace
amazon-2025-08.csv,409,order_date,2025-08-28,2025-08-28,N01-field-alias-or-whitespace
amazon-2025-08.csv,409,quantity,2,2,N01-field-alias-or-whitespace
amazon-2025-08.csv,409,unit_price_usd,39.99,39.99,N01-field-alias-or-whitespace
amazon-2025-08.csv,410,order_date,2025-08-28,2025-08-28,N01-field-alias-or-whitespace
amazon-2025-08.csv,410,quantity,2,2,N01-field-alias-or-whitespace
amazon-2025-08.csv,410,unit_price_usd,59.99,59.99,N01-field-alias-or-whitespace
amazon-2025-08.csv,411,order_date,2025-08-28,2025-08-28,N01-field-alias-or-whitespace
amazon-2025-08.csv,411,quantity,3,3,N01-field-alias-or-whitespace
amazon-2025-08.csv,411,unit_price_usd,24.99,24.99,N01-field-alias-or-whitespace
amazon-2025-08.csv,412,order_date,2025-08-28,2025-08-28,N01-field-alias-or-whitespace
amazon-2025-08.csv,412,quantity,2,2,N01-field-alias-or-whitespace
amazon-2025-08.csv,412,unit_price_usd,59.99,59.99,N01-field-alias-or-whitespace
amazon-2025-08.csv,413,order_date,2025-08-28,2025-08-28,N01-field-alias-or-whitespace
amazon-2025-08.csv,413,quantity,1,1,N01-field-alias-or-whitespace
amazon-2025-08.csv,413,unit_price_usd,59.99,59.99,N01-field-alias-or-whitespace
amazon-2025-08.csv,414,order_date,2025-08-28,2025-08-28,N01-field-alias-or-whitespace
amazon-2025-08.csv,414,quantity,1,1,N01-field-alias-or-whitespace
amazon-2025-08.csv,414,unit_price_usd,39.99,39.99,N01-field-alias-or-whitespace
amazon-2025-08.csv,415,order_date,2025-08-28,2025-08-28,N01-field-alias-or-whitespace
amazon-2025-08.csv,415,country, uk ,uk,N01-field-alias-or-whitespace
amazon-2025-08.csv,415,quantity,1,1,N01-field-alias-or-whitespace
amazon-2025-08.csv,415,unit_price_usd,59.99,59.99,N01-field-alias-or-whitespace
amazon-2025-08.csv,416,order_date,2025-08-28,2025-08-28,N01-field-alias-or-whitespace
amazon-2025-08.csv,416,quantity,3,3,N01-field-alias-or-whitespace
amazon-2025-08.csv,416,unit_price_usd,59.99,59.99,N01-field-alias-or-whitespace
amazon-2025-08.csv,417,order_date,2025-08-28,2025-08-28,N01-field-alias-or-whitespace
amazon-2025-08.csv,417,quantity,2,2,N01-field-alias-or-whitespace
amazon-2025-08.csv,417,unit_price_usd,39.99,39.99,N01-field-alias-or-whitespace
amazon-2025-08.csv,418,order_date,2025-08-28,2025-08-28,N01-field-alias-or-whitespace
amazon-2025-08.csv,418,quantity,2,2,N01-field-alias-or-whitespace
amazon-2025-08.csv,418,unit_price_usd,59.99,59.99,N01-field-alias-or-whitespace
amazon-2025-08.csv,419,order_date,2025-08-28,2025-08-28,N01-field-alias-or-whitespace
amazon-2025-08.csv,419,quantity,2,2,N01-field-alias-or-whitespace
amazon-2025-08.csv,419,unit_price_usd,24.99,24.99,N01-field-alias-or-whitespace
amazon-2025-08.csv,420,order_date,2025-08-28,2025-08-28,N01-field-alias-or-whitespace
amazon-2025-08.csv,420,quantity,1,1,N01-field-alias-or-whitespace
amazon-2025-08.csv,420,unit_price_usd,14.99,14.99,N01-field-alias-or-whitespace
amazon-2025-08.csv,421,order_date,2025-08-28,2025-08-28,N01-field-alias-or-whitespace
amazon-2025-08.csv,421,quantity,1,1,N01-field-alias-or-whitespace
amazon-2025-08.csv,421,unit_price_usd,24.99,24.99,N01-field-alias-or-whitespace
amazon-2025-08.csv,422,order_date,2025-08-28,2025-08-28,N01-field-alias-or-whitespace
amazon-2025-08.csv,422,quantity,3,3,N01-field-alias-or-whitespace
amazon-2025-08.csv,422,unit_price_usd,79.99,79.99,N01-field-alias-or-whitespace
amazon-2025-08.csv,423,order_date,2025/08/28,2025/08/28,N01-field-alias-or-whitespace
amazon-2025-08.csv,423,quantity,2,2,N01-field-alias-or-whitespace
amazon-2025-08.csv,423,unit_price_usd,14.99,14.99,N01-field-alias-or-whitespace
amazon-2025-08.csv,424,order_date,2025-08-29,2025-08-29,N01-field-alias-or-whitespace
amazon-2025-08.csv,424,quantity,3,3,N01-field-alias-or-whitespace
amazon-2025-08.csv,424,unit_price_usd,79.99,79.99,N01-field-alias-or-whitespace
amazon-2025-08.csv,425,order_date,2025-08-29,2025-08-29,N01-field-alias-or-whitespace
amazon-2025-08.csv,425,quantity,3,3,N01-field-alias-or-whitespace
amazon-2025-08.csv,425,unit_price_usd,59.99,59.99,N01-field-alias-or-whitespace
amazon-2025-08.csv,426,order_date,2025-08-29,2025-08-29,N01-field-alias-or-whitespace
amazon-2025-08.csv,426,quantity,3,3,N01-field-alias-or-whitespace
amazon-2025-08.csv,426,unit_price_usd,79.99,79.99,N01-field-alias-or-whitespace
amazon-2025-08.csv,427,order_date,2025-08-29,2025-08-29,N01-field-alias-or-whitespace
amazon-2025-08.csv,427,quantity,1,1,N01-field-alias-or-whitespace
amazon-2025-08.csv,427,unit_price_usd,59.99,59.99,N01-field-alias-or-whitespace
amazon-2025-08.csv,428,order_date,2025-08-29,2025-08-29,N01-field-alias-or-whitespace
amazon-2025-08.csv,428,quantity,3,3,N01-field-alias-or-whitespace
amazon-2025-08.csv,428,unit_price_usd,59.99,59.99,N01-field-alias-or-whitespace
amazon-2025-08.csv,429,order_date,2025-08-29,2025-08-29,N01-field-alias-or-whitespace
amazon-2025-08.csv,429,quantity,3,3,N01-field-alias-or-whitespace
amazon-2025-08.csv,429,unit_price_usd,24.99,24.99,N01-field-alias-or-whitespace
amazon-2025-08.csv,430,order_date,2025-08-29,2025-08-29,N01-field-alias-or-whitespace
amazon-2025-08.csv,430,quantity,1,1,N01-field-alias-or-whitespace
amazon-2025-08.csv,430,unit_price_usd,59.99,59.99,N01-field-alias-or-whitespace
amazon-2025-08.csv,431,order_date,2025-08-29,2025-08-29,N01-field-alias-or-whitespace
amazon-2025-08.csv,431,quantity,3,3,N01-field-alias-or-whitespace
amazon-2025-08.csv,431,unit_price_usd,39.99,39.99,N01-field-alias-or-whitespace
amazon-2025-08.csv,432,order_date,2025/08/29,2025/08/29,N01-field-alias-or-whitespace
amazon-2025-08.csv,432,quantity,1,1,N01-field-alias-or-whitespace
amazon-2025-08.csv,432,unit_price_usd,$79.99,$79.99,N01-field-alias-or-whitespace
amazon-2025-08.csv,433,order_date,2025-08-29,2025-08-29,N01-field-alias-or-whitespace
amazon-2025-08.csv,433,quantity,2,2,N01-field-alias-or-whitespace
amazon-2025-08.csv,433,unit_price_usd,14.99,14.99,N01-field-alias-or-whitespace
amazon-2025-08.csv,434,order_date,2025-08-29,2025-08-29,N01-field-alias-or-whitespace
amazon-2025-08.csv,434,quantity,1,1,N01-field-alias-or-whitespace
amazon-2025-08.csv,434,unit_price_usd,79.99,79.99,N01-field-alias-or-whitespace
amazon-2025-08.csv,435,order_date,2025-08-29,2025-08-29,N01-field-alias-or-whitespace
amazon-2025-08.csv,435,country, us ,us,N01-field-alias-or-whitespace
amazon-2025-08.csv,435,quantity,1,1,N01-field-alias-or-whitespace
amazon-2025-08.csv,435,unit_price_usd,14.99,14.99,N01-field-alias-or-whitespace
amazon-2025-08.csv,436,order_date,2025-08-29,2025-08-29,N01-field-alias-or-whitespace
amazon-2025-08.csv,436,quantity,3,3,N01-field-alias-or-whitespace
amazon-2025-08.csv,436,unit_price_usd,59.99,59.99,N01-field-alias-or-whitespace
amazon-2025-08.csv,437,order_date,2025-08-30,2025-08-30,N01-field-alias-or-whitespace
amazon-2025-08.csv,437,quantity,3,3,N01-field-alias-or-whitespace
amazon-2025-08.csv,437,unit_price_usd,$59.99,$59.99,N01-field-alias-or-whitespace
amazon-2025-08.csv,438,order_date,2025-08-30,2025-08-30,N01-field-alias-or-whitespace
amazon-2025-08.csv,438,country, uk ,uk,N01-field-alias-or-whitespace
amazon-2025-08.csv,438,quantity,3,3,N01-field-alias-or-whitespace
amazon-2025-08.csv,438,unit_price_usd,24.99,24.99,N01-field-alias-or-whitespace
amazon-2025-08.csv,439,order_date,2025-08-30,2025-08-30,N01-field-alias-or-whitespace
amazon-2025-08.csv,439,quantity,1,1,N01-field-alias-or-whitespace
amazon-2025-08.csv,439,unit_price_usd,39.99,39.99,N01-field-alias-or-whitespace
amazon-2025-08.csv,440,order_date,2025-08-30,2025-08-30,N01-field-alias-or-whitespace
amazon-2025-08.csv,440,quantity,2,2,N01-field-alias-or-whitespace
amazon-2025-08.csv,440,unit_price_usd,24.99,24.99,N01-field-alias-or-whitespace
amazon-2025-08.csv,441,order_date,2025/08/30,2025/08/30,N01-field-alias-or-whitespace
amazon-2025-08.csv,441,quantity,1,1,N01-field-alias-or-whitespace
amazon-2025-08.csv,441,unit_price_usd,24.99,24.99,N01-field-alias-or-whitespace
amazon-2025-08.csv,442,order_date,2025-08-30,2025-08-30,N01-field-alias-or-whitespace
amazon-2025-08.csv,442,quantity,3,3,N01-field-alias-or-whitespace
amazon-2025-08.csv,442,unit_price_usd,24.99,24.99,N01-field-alias-or-whitespace
amazon-2025-08.csv,443,order_date,2025-08-30,2025-08-30,N01-field-alias-or-whitespace
amazon-2025-08.csv,443,quantity,3,3,N01-field-alias-or-whitespace
amazon-2025-08.csv,443,unit_price_usd,79.99,79.99,N01-field-alias-or-whitespace
amazon-2025-08.csv,444,order_date,2025-08-30,2025-08-30,N01-field-alias-or-whitespace
amazon-2025-08.csv,444,quantity,1,1,N01-field-alias-or-whitespace
amazon-2025-08.csv,444,unit_price_usd,24.99,24.99,N01-field-alias-or-whitespace
amazon-2025-08.csv,445,order_date,2025-08-30,2025-08-30,N01-field-alias-or-whitespace
amazon-2025-08.csv,445,quantity,2,2,N01-field-alias-or-whitespace
amazon-2025-08.csv,445,unit_price_usd,24.99,24.99,N01-field-alias-or-whitespace
amazon-2025-08.csv,446,order_date,2025-08-30,2025-08-30,N01-field-alias-or-whitespace
amazon-2025-08.csv,446,quantity,3,3,N01-field-alias-or-whitespace
amazon-2025-08.csv,446,unit_price_usd,59.99,59.99,N01-field-alias-or-whitespace
amazon-2025-08.csv,447,order_date,2025-08-30,2025-08-30,N01-field-alias-or-whitespace
amazon-2025-08.csv,447,quantity,1,1,N01-field-alias-or-whitespace
amazon-2025-08.csv,447,unit_price_usd,39.99,39.99,N01-field-alias-or-whitespace
amazon-2025-08.csv,448,order_date,2025-08-30,2025-08-30,N01-field-alias-or-whitespace
amazon-2025-08.csv,448,quantity,2,2,N01-field-alias-or-whitespace
amazon-2025-08.csv,448,unit_price_usd,59.99,59.99,N01-field-alias-or-whitespace
amazon-2025-08.csv,449,order_date,2025-08-30,2025-08-30,N01-field-alias-or-whitespace
amazon-2025-08.csv,449,quantity,2,2,N01-field-alias-or-whitespace
amazon-2025-08.csv,449,unit_price_usd,14.99,14.99,N01-field-alias-or-whitespace
amazon-2025-08.csv,450,order_date,2025-08-31,2025-08-31,N01-field-alias-or-whitespace
amazon-2025-08.csv,450,quantity,1,1,N01-field-alias-or-whitespace
amazon-2025-08.csv,450,unit_price_usd,14.99,14.99,N01-field-alias-or-whitespace
amazon-2025-08.csv,451,order_date,2025-08-31,2025-08-31,N01-field-alias-or-whitespace
amazon-2025-08.csv,451,quantity,1,1,N01-field-alias-or-whitespace
amazon-2025-08.csv,451,unit_price_usd,39.99,39.99,N01-field-alias-or-whitespace
amazon-2025-08.csv,452,order_date,2025-08-31,2025-08-31,N01-field-alias-or-whitespace
amazon-2025-08.csv,452,quantity,2,2,N01-field-alias-or-whitespace
amazon-2025-08.csv,452,unit_price_usd,79.99,79.99,N01-field-alias-or-whitespace
amazon-2025-08.csv,453,order_date,2025-08-31,2025-08-31,N01-field-alias-or-whitespace
amazon-2025-08.csv,453,quantity,3,3,N01-field-alias-or-whitespace
amazon-2025-08.csv,453,unit_price_usd,79.99,79.99,N01-field-alias-or-whitespace
amazon-2025-08.csv,454,order_date,2025-08-31,2025-08-31,N01-field-alias-or-whitespace
amazon-2025-08.csv,454,quantity,3,3,N01-field-alias-or-whitespace
amazon-2025-08.csv,454,unit_price_usd,14.99,14.99,N01-field-alias-or-whitespace
amazon-2025-08.csv,455,order_date,2025-08-31,2025-08-31,N01-field-alias-or-whitespace
amazon-2025-08.csv,455,quantity,1,1,N01-field-alias-or-whitespace
amazon-2025-08.csv,455,unit_price_usd,24.99,24.99,N01-field-alias-or-whitespace
amazon-2025-08.csv,456,order_date,2025-08-31,2025-08-31,N01-field-alias-or-whitespace
amazon-2025-08.csv,456,quantity,3,3,N01-field-alias-or-whitespace
amazon-2025-08.csv,456,unit_price_usd,79.99,79.99,N01-field-alias-or-whitespace
amazon-2025-08.csv,457,order_date,2025-08-31,2025-08-31,N01-field-alias-or-whitespace
amazon-2025-08.csv,457,country, us ,us,N01-field-alias-or-whitespace
amazon-2025-08.csv,457,quantity,3,3,N01-field-alias-or-whitespace
amazon-2025-08.csv,457,unit_price_usd,59.99,59.99,N01-field-alias-or-whitespace
amazon-2025-08.csv,458,order_date,2025-08-31,2025-08-31,N01-field-alias-or-whitespace
amazon-2025-08.csv,458,quantity,1,1,N01-field-alias-or-whitespace
amazon-2025-08.csv,458,unit_price_usd,79.99,79.99,N01-field-alias-or-whitespace
amazon-2025-08.csv,459,order_date,2025-08-31,2025-08-31,N01-field-alias-or-whitespace
amazon-2025-08.csv,459,quantity,2,2,N01-field-alias-or-whitespace
amazon-2025-08.csv,459,unit_price_usd,24.99,24.99,N01-field-alias-or-whitespace
amazon-2025-08.csv,460,order_date,2025-08-31,2025-08-31,N01-field-alias-or-whitespace
amazon-2025-08.csv,460,quantity,2,2,N01-field-alias-or-whitespace
amazon-2025-08.csv,460,unit_price_usd,$39.99,$39.99,N01-field-alias-or-whitespace
amazon-2025-08.csv,461,order_date,2025-08-31,2025-08-31,N01-field-alias-or-whitespace
amazon-2025-08.csv,461,quantity,3,3,N01-field-alias-or-whitespace
amazon-2025-08.csv,461,unit_price_usd,14.99,14.99,N01-field-alias-or-whitespace
amazon-2025-08.csv,462,order_date,2025-08-31,2025-08-31,N01-field-alias-or-whitespace
amazon-2025-08.csv,462,quantity,2,2,N01-field-alias-or-whitespace
amazon-2025-08.csv,462,unit_price_usd,59.99,59.99,N01-field-alias-or-whitespace
amazon-2025-08.csv,463,order_date,2025-08-31,2025-08-31,N01-field-alias-or-whitespace
amazon-2025-08.csv,463,quantity,2,2,N01-field-alias-or-whitespace
amazon-2025-08.csv,463,unit_price_usd,39.99,39.99,N01-field-alias-or-whitespace
amazon-2025-08.csv,464,order_date,2025-08-31,2025-08-31,N01-field-alias-or-whitespace
amazon-2025-08.csv,464,quantity,1,1,N01-field-alias-or-whitespace
amazon-2025-08.csv,464,unit_price_usd,79.99,79.99,N01-field-alias-or-whitespace
amazon-2025-08.csv,465,order_date,2025-08-31,2025-08-31,N01-field-alias-or-whitespace
amazon-2025-08.csv,465,quantity,2,2,N01-field-alias-or-whitespace
amazon-2025-08.csv,465,unit_price_usd,59.99,59.99,N01-field-alias-or-whitespace
amazon-2025-08.csv,466,order_date,2025-08-31,2025-08-31,N01-field-alias-or-whitespace
amazon-2025-08.csv,466,quantity,2,2,N01-field-alias-or-whitespace
amazon-2025-08.csv,466,unit_price_usd,14.99,14.99,N01-field-alias-or-whitespace
amazon-2025-08.csv,467,order_date,2025-08-04,2025-08-04,N01-field-alias-or-whitespace
amazon-2025-08.csv,467,quantity,2,2,N01-field-alias-or-whitespace
amazon-2025-08.csv,467,unit_price_usd,14.99,14.99,N01-field-alias-or-whitespace
amazon-2025-08.csv,468,order_date,2025-08-17,2025-08-17,N01-field-alias-or-whitespace
amazon-2025-08.csv,468,quantity,2,2,N01-field-alias-or-whitespace
amazon-2025-08.csv,468,unit_price_usd,39.99,39.99,N01-field-alias-or-whitespace
amazon-2025-08.csv,469,order_date,2025-08-24,2025-08-24,N01-field-alias-or-whitespace
amazon-2025-08.csv,469,quantity,1,1,N01-field-alias-or-whitespace
amazon-2025-08.csv,469,unit_price_usd,24.99,24.99,N01-field-alias-or-whitespace
amazon-2025-08.csv,470,order_date,2025-08-31,2025-08-31,N01-field-alias-or-whitespace
amazon-2025-08.csv,470,quantity,1,1,N01-field-alias-or-whitespace
amazon-2025-08.csv,470,unit_price_usd,24.99,24.99,N01-field-alias-or-whitespace
amazon-2025-09.csv,2,order_date,2025-09-01,2025-09-01,N01-field-alias-or-whitespace
amazon-2025-09.csv,2,quantity,3,3,N01-field-alias-or-whitespace
amazon-2025-09.csv,2,unit_price_usd,59.99,59.99,N01-field-alias-or-whitespace
amazon-2025-09.csv,3,order_date,2025-09-01,2025-09-01,N01-field-alias-or-whitespace
amazon-2025-09.csv,3,quantity,3,3,N01-field-alias-or-whitespace
amazon-2025-09.csv,3,unit_price_usd,14.99,14.99,N01-field-alias-or-whitespace
amazon-2025-09.csv,4,order_date,2025-09-01,2025-09-01,N01-field-alias-or-whitespace
amazon-2025-09.csv,4,quantity,1,1,N01-field-alias-or-whitespace
amazon-2025-09.csv,4,unit_price_usd,79.99,79.99,N01-field-alias-or-whitespace
amazon-2025-09.csv,5,order_date,2025-09-01,2025-09-01,N01-field-alias-or-whitespace
amazon-2025-09.csv,5,quantity,3,3,N01-field-alias-or-whitespace
amazon-2025-09.csv,5,unit_price_usd,79.99,79.99,N01-field-alias-or-whitespace
amazon-2025-09.csv,6,order_date,2025-09-01,2025-09-01,N01-field-alias-or-whitespace
amazon-2025-09.csv,6,quantity,1,1,N01-field-alias-or-whitespace
amazon-2025-09.csv,6,unit_price_usd,39.99,39.99,N01-field-alias-or-whitespace
amazon-2025-09.csv,7,order_date,2025-09-01,2025-09-01,N01-field-alias-or-whitespace
amazon-2025-09.csv,7,quantity,1,1,N01-field-alias-or-whitespace
amazon-2025-09.csv,7,unit_price_usd,79.99,79.99,N01-field-alias-or-whitespace
amazon-2025-09.csv,8,order_date,2025-09-01,2025-09-01,N01-field-alias-or-whitespace
amazon-2025-09.csv,8,quantity,2,2,N01-field-alias-or-whitespace
amazon-2025-09.csv,8,unit_price_usd,14.99,14.99,N01-field-alias-or-whitespace
amazon-2025-09.csv,9,order_date,2025-09-01,2025-09-01,N01-field-alias-or-whitespace
amazon-2025-09.csv,9,quantity,1,1,N01-field-alias-or-whitespace
amazon-2025-09.csv,9,unit_price_usd,39.99,39.99,N01-field-alias-or-whitespace
amazon-2025-09.csv,10,order_date,2025-09-01,2025-09-01,N01-field-alias-or-whitespace
amazon-2025-09.csv,10,quantity,3,3,N01-field-alias-or-whitespace
amazon-2025-09.csv,10,unit_price_usd,59.99,59.99,N01-field-alias-or-whitespace
amazon-2025-09.csv,11,order_date,2025-09-01,2025-09-01,N01-field-alias-or-whitespace
amazon-2025-09.csv,11,quantity,2,2,N01-field-alias-or-whitespace
amazon-2025-09.csv,11,unit_price_usd,39.99,39.99,N01-field-alias-or-whitespace
amazon-2025-09.csv,12,order_date,2025-09-01,2025-09-01,N01-field-alias-or-whitespace
amazon-2025-09.csv,12,quantity,1,1,N01-field-alias-or-whitespace
amazon-2025-09.csv,12,unit_price_usd,59.99,59.99,N01-field-alias-or-whitespace
amazon-2025-09.csv,13,order_date,2025-09-01,2025-09-01,N01-field-alias-or-whitespace
amazon-2025-09.csv,13,country, de ,de,N01-field-alias-or-whitespace
amazon-2025-09.csv,13,quantity,1,1,N01-field-alias-or-whitespace
amazon-2025-09.csv,13,unit_price_usd,79.99,79.99,N01-field-alias-or-whitespace
amazon-2025-09.csv,14,order_date,2025-09-01,2025-09-01,N01-field-alias-or-whitespace
amazon-2025-09.csv,14,quantity,3,3,N01-field-alias-or-whitespace
amazon-2025-09.csv,14,unit_price_usd,39.99,39.99,N01-field-alias-or-whitespace
amazon-2025-09.csv,15,order_date,2025-09-01,2025-09-01,N01-field-alias-or-whitespace
amazon-2025-09.csv,15,quantity,3,3,N01-field-alias-or-whitespace
amazon-2025-09.csv,15,unit_price_usd,24.99,24.99,N01-field-alias-or-whitespace
amazon-2025-09.csv,16,order_date,2025-09-01,2025-09-01,N01-field-alias-or-whitespace
amazon-2025-09.csv,16,quantity,3,3,N01-field-alias-or-whitespace
amazon-2025-09.csv,16,unit_price_usd,39.99,39.99,N01-field-alias-or-whitespace
amazon-2025-09.csv,17,order_date,2025-09-02,2025-09-02,N01-field-alias-or-whitespace
amazon-2025-09.csv,17,quantity,3,3,N01-field-alias-or-whitespace
amazon-2025-09.csv,17,unit_price_usd,39.99,39.99,N01-field-alias-or-whitespace
amazon-2025-09.csv,18,order_date,2025-09-02,2025-09-02,N01-field-alias-or-whitespace
amazon-2025-09.csv,18,quantity,1,1,N01-field-alias-or-whitespace
amazon-2025-09.csv,18,unit_price_usd,14.99,14.99,N01-field-alias-or-whitespace
amazon-2025-09.csv,19,order_date,2025-09-02,2025-09-02,N01-field-alias-or-whitespace
amazon-2025-09.csv,19,quantity,2,2,N01-field-alias-or-whitespace
amazon-2025-09.csv,19,unit_price_usd,14.99,14.99,N01-field-alias-or-whitespace
amazon-2025-09.csv,20,order_date,2025-09-02,2025-09-02,N01-field-alias-or-whitespace
amazon-2025-09.csv,20,quantity,2,2,N01-field-alias-or-whitespace
amazon-2025-09.csv,20,unit_price_usd,39.99,39.99,N01-field-alias-or-whitespace
amazon-2025-09.csv,21,order_date,2025-09-02,2025-09-02,N01-field-alias-or-whitespace
amazon-2025-09.csv,21,quantity,3,3,N01-field-alias-or-whitespace
amazon-2025-09.csv,21,unit_price_usd,59.99,59.99,N01-field-alias-or-whitespace
amazon-2025-09.csv,22,order_date,2025-09-02,2025-09-02,N01-field-alias-or-whitespace
amazon-2025-09.csv,22,quantity,3,3,N01-field-alias-or-whitespace
amazon-2025-09.csv,22,unit_price_usd,14.99,14.99,N01-field-alias-or-whitespace
amazon-2025-09.csv,23,order_date,2025-09-02,2025-09-02,N01-field-alias-or-whitespace
amazon-2025-09.csv,23,quantity,3,3,N01-field-alias-or-whitespace
amazon-2025-09.csv,23,unit_price_usd,39.99,39.99,N01-field-alias-or-whitespace
amazon-2025-09.csv,24,order_date,2025-09-02,2025-09-02,N01-field-alias-or-whitespace
amazon-2025-09.csv,24,quantity,2,2,N01-field-alias-or-whitespace
amazon-2025-09.csv,24,unit_price_usd,24.99,24.99,N01-field-alias-or-whitespace
amazon-2025-09.csv,25,order_date,2025-09-02,2025-09-02,N01-field-alias-or-whitespace
amazon-2025-09.csv,25,quantity,3,3,N01-field-alias-or-whitespace
amazon-2025-09.csv,25,unit_price_usd,$14.99,$14.99,N01-field-alias-or-whitespace
amazon-2025-09.csv,26,order_date,2025/09/02,2025/09/02,N01-field-alias-or-whitespace
amazon-2025-09.csv,26,quantity,1,1,N01-field-alias-or-whitespace
amazon-2025-09.csv,26,unit_price_usd,24.99,24.99,N01-field-alias-or-whitespace
amazon-2025-09.csv,27,order_date,2025-09-02,2025-09-02,N01-field-alias-or-whitespace
amazon-2025-09.csv,27,quantity,1,1,N01-field-alias-or-whitespace
amazon-2025-09.csv,27,unit_price_usd,59.99,59.99,N01-field-alias-or-whitespace
amazon-2025-09.csv,28,order_date,2025-09-02,2025-09-02,N01-field-alias-or-whitespace
amazon-2025-09.csv,28,quantity,1,1,N01-field-alias-or-whitespace
amazon-2025-09.csv,28,unit_price_usd,14.99,14.99,N01-field-alias-or-whitespace
amazon-2025-09.csv,29,order_date,2025-09-02,2025-09-02,N01-field-alias-or-whitespace
amazon-2025-09.csv,29,quantity,2,2,N01-field-alias-or-whitespace
amazon-2025-09.csv,29,unit_price_usd,79.99,79.99,N01-field-alias-or-whitespace
amazon-2025-09.csv,30,order_date,2025-09-03,2025-09-03,N01-field-alias-or-whitespace
amazon-2025-09.csv,30,quantity,2,2,N01-field-alias-or-whitespace
amazon-2025-09.csv,30,unit_price_usd,14.99,14.99,N01-field-alias-or-whitespace
amazon-2025-09.csv,31,order_date,2025-09-03,2025-09-03,N01-field-alias-or-whitespace
amazon-2025-09.csv,31,quantity,1,1,N01-field-alias-or-whitespace
amazon-2025-09.csv,31,unit_price_usd,$14.99,$14.99,N01-field-alias-or-whitespace
amazon-2025-09.csv,32,order_date,2025-09-03,2025-09-03,N01-field-alias-or-whitespace
amazon-2025-09.csv,32,quantity,2,2,N01-field-alias-or-whitespace
amazon-2025-09.csv,32,unit_price_usd,79.99,79.99,N01-field-alias-or-whitespace
amazon-2025-09.csv,33,order_date,2025-09-03,2025-09-03,N01-field-alias-or-whitespace
amazon-2025-09.csv,33,quantity,2,2,N01-field-alias-or-whitespace
amazon-2025-09.csv,33,unit_price_usd,59.99,59.99,N01-field-alias-or-whitespace
amazon-2025-09.csv,34,order_date,2025-09-03,2025-09-03,N01-field-alias-or-whitespace
amazon-2025-09.csv,34,quantity,1,1,N01-field-alias-or-whitespace
amazon-2025-09.csv,34,unit_price_usd,39.99,39.99,N01-field-alias-or-whitespace
amazon-2025-09.csv,35,order_date,2025-09-03,2025-09-03,N01-field-alias-or-whitespace
amazon-2025-09.csv,35,quantity,3,3,N01-field-alias-or-whitespace
amazon-2025-09.csv,35,unit_price_usd,59.99,59.99,N01-field-alias-or-whitespace
amazon-2025-09.csv,36,order_date,2025/09/03,2025/09/03,N01-field-alias-or-whitespace
amazon-2025-09.csv,36,quantity,2,2,N01-field-alias-or-whitespace
amazon-2025-09.csv,36,unit_price_usd,14.99,14.99,N01-field-alias-or-whitespace
amazon-2025-09.csv,37,order_date,2025-09-03,2025-09-03,N01-field-alias-or-whitespace
amazon-2025-09.csv,37,country, ca ,ca,N01-field-alias-or-whitespace
amazon-2025-09.csv,37,quantity,3,3,N01-field-alias-or-whitespace
amazon-2025-09.csv,37,unit_price_usd,24.99,24.99,N01-field-alias-or-whitespace
amazon-2025-09.csv,38,order_date,2025-09-03,2025-09-03,N01-field-alias-or-whitespace
amazon-2025-09.csv,38,quantity,3,3,N01-field-alias-or-whitespace
amazon-2025-09.csv,38,unit_price_usd,39.99,39.99,N01-field-alias-or-whitespace
amazon-2025-09.csv,39,order_date,2025-09-03,2025-09-03,N01-field-alias-or-whitespace
amazon-2025-09.csv,39,quantity,1,1,N01-field-alias-or-whitespace
amazon-2025-09.csv,39,unit_price_usd,79.99,79.99,N01-field-alias-or-whitespace
amazon-2025-09.csv,40,order_date,2025-09-03,2025-09-03,N01-field-alias-or-whitespace
amazon-2025-09.csv,40,quantity,2,2,N01-field-alias-or-whitespace
amazon-2025-09.csv,40,unit_price_usd,24.99,24.99,N01-field-alias-or-whitespace
amazon-2025-09.csv,41,order_date,2025-09-03,2025-09-03,N01-field-alias-or-whitespace
amazon-2025-09.csv,41,quantity,1,1,N01-field-alias-or-whitespace
amazon-2025-09.csv,41,unit_price_usd,79.99,79.99,N01-field-alias-or-whitespace
amazon-2025-09.csv,42,order_date,2025-09-03,2025-09-03,N01-field-alias-or-whitespace
amazon-2025-09.csv,42,quantity,3,3,N01-field-alias-or-whitespace
amazon-2025-09.csv,42,unit_price_usd,79.99,79.99,N01-field-alias-or-whitespace
amazon-2025-09.csv,43,order_date,2025-09-03,2025-09-03,N01-field-alias-or-whitespace
amazon-2025-09.csv,43,quantity,1,1,N01-field-alias-or-whitespace
amazon-2025-09.csv,43,unit_price_usd,24.99,24.99,N01-field-alias-or-whitespace
amazon-2025-09.csv,44,order_date,2025-09-04,2025-09-04,N01-field-alias-or-whitespace
amazon-2025-09.csv,44,quantity,2,2,N01-field-alias-or-whitespace
amazon-2025-09.csv,44,unit_price_usd,39.99,39.99,N01-field-alias-or-whitespace
amazon-2025-09.csv,45,order_date,2025-09-04,2025-09-04,N01-field-alias-or-whitespace
amazon-2025-09.csv,45,quantity,3,3,N01-field-alias-or-whitespace
amazon-2025-09.csv,45,unit_price_usd,59.99,59.99,N01-field-alias-or-whitespace
amazon-2025-09.csv,46,order_date,2025-09-04,2025-09-04,N01-field-alias-or-whitespace
amazon-2025-09.csv,46,quantity,3,3,N01-field-alias-or-whitespace
amazon-2025-09.csv,46,unit_price_usd,39.99,39.99,N01-field-alias-or-whitespace
amazon-2025-09.csv,47,order_date,2025-09-04,2025-09-04,N01-field-alias-or-whitespace
amazon-2025-09.csv,47,quantity,1,1,N01-field-alias-or-whitespace
amazon-2025-09.csv,47,unit_price_usd,24.99,24.99,N01-field-alias-or-whitespace
amazon-2025-09.csv,48,order_date,2025-09-04,2025-09-04,N01-field-alias-or-whitespace
amazon-2025-09.csv,48,quantity,3,3,N01-field-alias-or-whitespace
amazon-2025-09.csv,48,unit_price_usd,39.99,39.99,N01-field-alias-or-whitespace
amazon-2025-09.csv,49,order_date,2025-09-04,2025-09-04,N01-field-alias-or-whitespace
amazon-2025-09.csv,49,quantity,3,3,N01-field-alias-or-whitespace
amazon-2025-09.csv,49,unit_price_usd,59.99,59.99,N01-field-alias-or-whitespace
amazon-2025-09.csv,50,order_date,2025-09-04,2025-09-04,N01-field-alias-or-whitespace
amazon-2025-09.csv,50,quantity,2,2,N01-field-alias-or-whitespace
amazon-2025-09.csv,50,unit_price_usd,59.99,59.99,N01-field-alias-or-whitespace
amazon-2025-09.csv,51,order_date,2025-09-04,2025-09-04,N01-field-alias-or-whitespace
amazon-2025-09.csv,51,quantity,1,1,N01-field-alias-or-whitespace
amazon-2025-09.csv,51,unit_price_usd,39.99,39.99,N01-field-alias-or-whitespace
amazon-2025-09.csv,52,order_date,2025-09-04,2025-09-04,N01-field-alias-or-whitespace
amazon-2025-09.csv,52,quantity,1,1,N01-field-alias-or-whitespace
amazon-2025-09.csv,52,unit_price_usd,$14.99,$14.99,N01-field-alias-or-whitespace
amazon-2025-09.csv,53,order_date,2025-09-04,2025-09-04,N01-field-alias-or-whitespace
amazon-2025-09.csv,53,quantity,2,2,N01-field-alias-or-whitespace
amazon-2025-09.csv,53,unit_price_usd,24.99,24.99,N01-field-alias-or-whitespace
amazon-2025-09.csv,54,order_date,2025-09-04,2025-09-04,N01-field-alias-or-whitespace
amazon-2025-09.csv,54,country, us ,us,N01-field-alias-or-whitespace
amazon-2025-09.csv,54,quantity,3,3,N01-field-alias-or-whitespace
amazon-2025-09.csv,54,unit_price_usd,59.99,59.99,N01-field-alias-or-whitespace
amazon-2025-09.csv,55,order_date,2025-09-04,2025-09-04,N01-field-alias-or-whitespace
amazon-2025-09.csv,55,quantity,3,3,N01-field-alias-or-whitespace
amazon-2025-09.csv,55,unit_price_usd,14.99,14.99,N01-field-alias-or-whitespace
amazon-2025-09.csv,56,order_date,2025-09-04,2025-09-04,N01-field-alias-or-whitespace
amazon-2025-09.csv,56,quantity,1,1,N01-field-alias-or-whitespace
amazon-2025-09.csv,56,unit_price_usd,24.99,24.99,N01-field-alias-or-whitespace
amazon-2025-09.csv,57,order_date,2025-09-05,2025-09-05,N01-field-alias-or-whitespace
amazon-2025-09.csv,57,quantity,2,2,N01-field-alias-or-whitespace
amazon-2025-09.csv,57,unit_price_usd,24.99,24.99,N01-field-alias-or-whitespace
amazon-2025-09.csv,58,order_date,2025-09-05,2025-09-05,N01-field-alias-or-whitespace
amazon-2025-09.csv,58,quantity,1,1,N01-field-alias-or-whitespace
amazon-2025-09.csv,58,unit_price_usd,79.99,79.99,N01-field-alias-or-whitespace
amazon-2025-09.csv,59,order_date,2025-09-05,2025-09-05,N01-field-alias-or-whitespace
amazon-2025-09.csv,59,quantity,1,1,N01-field-alias-or-whitespace
amazon-2025-09.csv,59,unit_price_usd,39.99,39.99,N01-field-alias-or-whitespace
amazon-2025-09.csv,60,order_date,2025-09-05,2025-09-05,N01-field-alias-or-whitespace
amazon-2025-09.csv,60,quantity,1,1,N01-field-alias-or-whitespace
amazon-2025-09.csv,60,unit_price_usd,14.99,14.99,N01-field-alias-or-whitespace
amazon-2025-09.csv,61,order_date,2025-09-05,2025-09-05,N01-field-alias-or-whitespace
amazon-2025-09.csv,61,quantity,2,2,N01-field-alias-or-whitespace
amazon-2025-09.csv,61,unit_price_usd,59.99,59.99,N01-field-alias-or-whitespace
amazon-2025-09.csv,62,order_date,2025-09-05,2025-09-05,N01-field-alias-or-whitespace
amazon-2025-09.csv,62,quantity,2,2,N01-field-alias-or-whitespace
amazon-2025-09.csv,62,unit_price_usd,79.99,79.99,N01-field-alias-or-whitespace
amazon-2025-09.csv,63,order_date,2025-09-05,2025-09-05,N01-field-alias-or-whitespace
amazon-2025-09.csv,63,quantity,1,1,N01-field-alias-or-whitespace
amazon-2025-09.csv,63,unit_price_usd,39.99,39.99,N01-field-alias-or-whitespace
amazon-2025-09.csv,64,order_date,2025-09-05,2025-09-05,N01-field-alias-or-whitespace
amazon-2025-09.csv,64,quantity,1,1,N01-field-alias-or-whitespace
amazon-2025-09.csv,64,unit_price_usd,14.99,14.99,N01-field-alias-or-whitespace
amazon-2025-09.csv,65,order_date,2025-09-05,2025-09-05,N01-field-alias-or-whitespace
amazon-2025-09.csv,65,quantity,3,3,N01-field-alias-or-whitespace
amazon-2025-09.csv,65,unit_price_usd,79.99,79.99,N01-field-alias-or-whitespace
amazon-2025-09.csv,66,order_date,2025-09-05,2025-09-05,N01-field-alias-or-whitespace
amazon-2025-09.csv,66,quantity,1,1,N01-field-alias-or-whitespace
amazon-2025-09.csv,66,unit_price_usd,79.99,79.99,N01-field-alias-or-whitespace
amazon-2025-09.csv,67,order_date,2025-09-05,2025-09-05,N01-field-alias-or-whitespace
amazon-2025-09.csv,67,quantity,3,3,N01-field-alias-or-whitespace
amazon-2025-09.csv,67,unit_price_usd,79.99,79.99,N01-field-alias-or-whitespace
amazon-2025-09.csv,68,order_date,2025-09-05,2025-09-05,N01-field-alias-or-whitespace
amazon-2025-09.csv,68,quantity,2,2,N01-field-alias-or-whitespace
amazon-2025-09.csv,68,unit_price_usd,39.99,39.99,N01-field-alias-or-whitespace
amazon-2025-09.csv,69,order_date,2025-09-05,2025-09-05,N01-field-alias-or-whitespace
amazon-2025-09.csv,69,quantity,3,3,N01-field-alias-or-whitespace
amazon-2025-09.csv,69,unit_price_usd,39.99,39.99,N01-field-alias-or-whitespace
amazon-2025-09.csv,70,order_date,2025-09-05,2025-09-05,N01-field-alias-or-whitespace
amazon-2025-09.csv,70,quantity,1,1,N01-field-alias-or-whitespace
amazon-2025-09.csv,70,unit_price_usd,79.99,79.99,N01-field-alias-or-whitespace
amazon-2025-09.csv,71,order_date,2025-09-05,2025-09-05,N01-field-alias-or-whitespace
amazon-2025-09.csv,71,quantity,2,2,N01-field-alias-or-whitespace
amazon-2025-09.csv,71,unit_price_usd,79.99,79.99,N01-field-alias-or-whitespace
amazon-2025-09.csv,72,order_date,2025-09-06,2025-09-06,N01-field-alias-or-whitespace
amazon-2025-09.csv,72,quantity,2,2,N01-field-alias-or-whitespace
amazon-2025-09.csv,72,unit_price_usd,24.99,24.99,N01-field-alias-or-whitespace
amazon-2025-09.csv,73,order_date,2025-09-06,2025-09-06,N01-field-alias-or-whitespace
amazon-2025-09.csv,73,quantity,3,3,N01-field-alias-or-whitespace
amazon-2025-09.csv,73,unit_price_usd,79.99,79.99,N01-field-alias-or-whitespace
amazon-2025-09.csv,74,order_date,2025-09-06,2025-09-06,N01-field-alias-or-whitespace
amazon-2025-09.csv,74,quantity,3,3,N01-field-alias-or-whitespace
amazon-2025-09.csv,74,unit_price_usd,79.99,79.99,N01-field-alias-or-whitespace
amazon-2025-09.csv,75,order_date,2025-09-06,2025-09-06,N01-field-alias-or-whitespace
amazon-2025-09.csv,75,quantity,2,2,N01-field-alias-or-whitespace
amazon-2025-09.csv,75,unit_price_usd,24.99,24.99,N01-field-alias-or-whitespace
amazon-2025-09.csv,76,order_date,2025-09-06,2025-09-06,N01-field-alias-or-whitespace
amazon-2025-09.csv,76,country, ca ,ca,N01-field-alias-or-whitespace
amazon-2025-09.csv,76,quantity,3,3,N01-field-alias-or-whitespace
amazon-2025-09.csv,76,unit_price_usd,24.99,24.99,N01-field-alias-or-whitespace
amazon-2025-09.csv,77,order_date,2025-09-06,2025-09-06,N01-field-alias-or-whitespace
amazon-2025-09.csv,77,quantity,1,1,N01-field-alias-or-whitespace
amazon-2025-09.csv,77,unit_price_usd,59.99,59.99,N01-field-alias-or-whitespace
amazon-2025-09.csv,78,order_date,2025-09-06,2025-09-06,N01-field-alias-or-whitespace
amazon-2025-09.csv,78,quantity,3,3,N01-field-alias-or-whitespace
amazon-2025-09.csv,78,unit_price_usd,14.99,14.99,N01-field-alias-or-whitespace
amazon-2025-09.csv,79,order_date,2025-09-06,2025-09-06,N01-field-alias-or-whitespace
amazon-2025-09.csv,79,quantity,1,1,N01-field-alias-or-whitespace
amazon-2025-09.csv,79,unit_price_usd,79.99,79.99,N01-field-alias-or-whitespace
amazon-2025-09.csv,80,order_date,2025-09-06,2025-09-06,N01-field-alias-or-whitespace
amazon-2025-09.csv,80,quantity,3,3,N01-field-alias-or-whitespace
amazon-2025-09.csv,80,unit_price_usd,$24.99,$24.99,N01-field-alias-or-whitespace
amazon-2025-09.csv,81,order_date,2025-09-06,2025-09-06,N01-field-alias-or-whitespace
amazon-2025-09.csv,81,quantity,1,1,N01-field-alias-or-whitespace
amazon-2025-09.csv,81,unit_price_usd,39.99,39.99,N01-field-alias-or-whitespace
amazon-2025-09.csv,82,order_date,2025/09/06,2025/09/06,N01-field-alias-or-whitespace
amazon-2025-09.csv,82,quantity,1,1,N01-field-alias-or-whitespace
amazon-2025-09.csv,82,unit_price_usd,59.99,59.99,N01-field-alias-or-whitespace
amazon-2025-09.csv,83,order_date,2025-09-06,2025-09-06,N01-field-alias-or-whitespace
amazon-2025-09.csv,83,quantity,1,1,N01-field-alias-or-whitespace
amazon-2025-09.csv,83,unit_price_usd,79.99,79.99,N01-field-alias-or-whitespace
amazon-2025-09.csv,84,order_date,2025-09-06,2025-09-06,N01-field-alias-or-whitespace
amazon-2025-09.csv,84,quantity,2,2,N01-field-alias-or-whitespace
amazon-2025-09.csv,84,unit_price_usd,39.99,39.99,N01-field-alias-or-whitespace
amazon-2025-09.csv,85,order_date,2025-09-07,2025-09-07,N01-field-alias-or-whitespace
amazon-2025-09.csv,85,quantity,3,3,N01-field-alias-or-whitespace
amazon-2025-09.csv,85,unit_price_usd,14.99,14.99,N01-field-alias-or-whitespace
amazon-2025-09.csv,86,order_date,2025-09-07,2025-09-07,N01-field-alias-or-whitespace
amazon-2025-09.csv,86,quantity,2,2,N01-field-alias-or-whitespace
amazon-2025-09.csv,86,unit_price_usd,$39.99,$39.99,N01-field-alias-or-whitespace
amazon-2025-09.csv,87,order_date,2025-09-07,2025-09-07,N01-field-alias-or-whitespace
amazon-2025-09.csv,87,quantity,2,2,N01-field-alias-or-whitespace
amazon-2025-09.csv,87,unit_price_usd,79.99,79.99,N01-field-alias-or-whitespace
amazon-2025-09.csv,88,order_date,2025-09-07,2025-09-07,N01-field-alias-or-whitespace
amazon-2025-09.csv,88,quantity,1,1,N01-field-alias-or-whitespace
amazon-2025-09.csv,88,unit_price_usd,79.99,79.99,N01-field-alias-or-whitespace
amazon-2025-09.csv,89,order_date,2025-09-07,2025-09-07,N01-field-alias-or-whitespace
amazon-2025-09.csv,89,quantity,3,3,N01-field-alias-or-whitespace
amazon-2025-09.csv,89,unit_price_usd,39.99,39.99,N01-field-alias-or-whitespace
amazon-2025-09.csv,90,order_date,2025-09-07,2025-09-07,N01-field-alias-or-whitespace
amazon-2025-09.csv,90,quantity,3,3,N01-field-alias-or-whitespace
amazon-2025-09.csv,90,unit_price_usd,59.99,59.99,N01-field-alias-or-whitespace
amazon-2025-09.csv,91,order_date,2025-09-07,2025-09-07,N01-field-alias-or-whitespace
amazon-2025-09.csv,91,quantity,1,1,N01-field-alias-or-whitespace
amazon-2025-09.csv,91,unit_price_usd,24.99,24.99,N01-field-alias-or-whitespace
amazon-2025-09.csv,92,order_date,2025/09/07,2025/09/07,N01-field-alias-or-whitespace
amazon-2025-09.csv,92,quantity,2,2,N01-field-alias-or-whitespace
amazon-2025-09.csv,92,unit_price_usd,59.99,59.99,N01-field-alias-or-whitespace
amazon-2025-09.csv,93,order_date,2025-09-07,2025-09-07,N01-field-alias-or-whitespace
amazon-2025-09.csv,93,quantity,2,2,N01-field-alias-or-whitespace
amazon-2025-09.csv,93,unit_price_usd,79.99,79.99,N01-field-alias-or-whitespace
amazon-2025-09.csv,94,order_date,2025-09-07,2025-09-07,N01-field-alias-or-whitespace
amazon-2025-09.csv,94,quantity,3,3,N01-field-alias-or-whitespace
amazon-2025-09.csv,94,unit_price_usd,14.99,14.99,N01-field-alias-or-whitespace
amazon-2025-09.csv,95,order_date,2025-09-07,2025-09-07,N01-field-alias-or-whitespace
amazon-2025-09.csv,95,quantity,1,1,N01-field-alias-or-whitespace
amazon-2025-09.csv,95,unit_price_usd,59.99,59.99,N01-field-alias-or-whitespace
amazon-2025-09.csv,96,order_date,2025-09-07,2025-09-07,N01-field-alias-or-whitespace
amazon-2025-09.csv,96,quantity,1,1,N01-field-alias-or-whitespace
amazon-2025-09.csv,96,unit_price_usd,39.99,39.99,N01-field-alias-or-whitespace
amazon-2025-09.csv,97,order_date,2025-09-07,2025-09-07,N01-field-alias-or-whitespace
amazon-2025-09.csv,97,country, us ,us,N01-field-alias-or-whitespace
amazon-2025-09.csv,97,quantity,1,1,N01-field-alias-or-whitespace
amazon-2025-09.csv,97,unit_price_usd,14.99,14.99,N01-field-alias-or-whitespace
amazon-2025-09.csv,98,order_date,2025-09-07,2025-09-07,N01-field-alias-or-whitespace
amazon-2025-09.csv,98,quantity,2,2,N01-field-alias-or-whitespace
amazon-2025-09.csv,98,unit_price_usd,24.99,24.99,N01-field-alias-or-whitespace
amazon-2025-09.csv,99,order_date,2025-09-07,2025-09-07,N01-field-alias-or-whitespace
amazon-2025-09.csv,99,quantity,2,2,N01-field-alias-or-whitespace
amazon-2025-09.csv,99,unit_price_usd,39.99,39.99,N01-field-alias-or-whitespace
amazon-2025-09.csv,100,order_date,2025-09-07,2025-09-07,N01-field-alias-or-whitespace
amazon-2025-09.csv,100,quantity,1,1,N01-field-alias-or-whitespace
amazon-2025-09.csv,100,unit_price_usd,39.99,39.99,N01-field-alias-or-whitespace
amazon-2025-09.csv,101,order_date,2025-09-07,2025-09-07,N01-field-alias-or-whitespace
amazon-2025-09.csv,101,quantity,3,3,N01-field-alias-or-whitespace
amazon-2025-09.csv,101,unit_price_usd,24.99,24.99,N01-field-alias-or-whitespace
amazon-2025-09.csv,102,order_date,2025-09-08,2025-09-08,N01-field-alias-or-whitespace
amazon-2025-09.csv,102,quantity,3,3,N01-field-alias-or-whitespace
amazon-2025-09.csv,102,unit_price_usd,14.99,14.99,N01-field-alias-or-whitespace
amazon-2025-09.csv,103,order_date,2025-09-08,2025-09-08,N01-field-alias-or-whitespace
amazon-2025-09.csv,103,quantity,2,2,N01-field-alias-or-whitespace
amazon-2025-09.csv,103,unit_price_usd,14.99,14.99,N01-field-alias-or-whitespace
amazon-2025-09.csv,104,order_date,2025-09-08,2025-09-08,N01-field-alias-or-whitespace
amazon-2025-09.csv,104,quantity,3,3,N01-field-alias-or-whitespace
amazon-2025-09.csv,104,unit_price_usd,14.99,14.99,N01-field-alias-or-whitespace
amazon-2025-09.csv,105,order_date,2025-09-08,2025-09-08,N01-field-alias-or-whitespace
amazon-2025-09.csv,105,quantity,1,1,N01-field-alias-or-whitespace
amazon-2025-09.csv,105,unit_price_usd,39.99,39.99,N01-field-alias-or-whitespace
amazon-2025-09.csv,106,order_date,2025-09-08,2025-09-08,N01-field-alias-or-whitespace
amazon-2025-09.csv,106,quantity,3,3,N01-field-alias-or-whitespace
amazon-2025-09.csv,106,unit_price_usd,79.99,79.99,N01-field-alias-or-whitespace
amazon-2025-09.csv,107,order_date,2025-09-08,2025-09-08,N01-field-alias-or-whitespace
amazon-2025-09.csv,107,quantity,3,3,N01-field-alias-or-whitespace
amazon-2025-09.csv,107,unit_price_usd,24.99,24.99,N01-field-alias-or-whitespace
amazon-2025-09.csv,108,order_date,2025-09-08,2025-09-08,N01-field-alias-or-whitespace
amazon-2025-09.csv,108,quantity,1,1,N01-field-alias-or-whitespace
amazon-2025-09.csv,108,unit_price_usd,14.99,14.99,N01-field-alias-or-whitespace
amazon-2025-09.csv,109,order_date,2025-09-08,2025-09-08,N01-field-alias-or-whitespace
amazon-2025-09.csv,109,quantity,2,2,N01-field-alias-or-whitespace
amazon-2025-09.csv,109,unit_price_usd,$24.99,$24.99,N01-field-alias-or-whitespace
amazon-2025-09.csv,110,order_date,2025-09-08,2025-09-08,N01-field-alias-or-whitespace
amazon-2025-09.csv,110,quantity,3,3,N01-field-alias-or-whitespace
amazon-2025-09.csv,110,unit_price_usd,59.99,59.99,N01-field-alias-or-whitespace
amazon-2025-09.csv,111,order_date,2025-09-08,2025-09-08,N01-field-alias-or-whitespace
amazon-2025-09.csv,111,quantity,3,3,N01-field-alias-or-whitespace
amazon-2025-09.csv,111,unit_price_usd,59.99,59.99,N01-field-alias-or-whitespace
amazon-2025-09.csv,112,order_date,2025-09-08,2025-09-08,N01-field-alias-or-whitespace
amazon-2025-09.csv,112,quantity,2,2,N01-field-alias-or-whitespace
amazon-2025-09.csv,112,unit_price_usd,59.99,59.99,N01-field-alias-or-whitespace
amazon-2025-09.csv,113,order_date,2025-09-08,2025-09-08,N01-field-alias-or-whitespace
amazon-2025-09.csv,113,quantity,2,2,N01-field-alias-or-whitespace
amazon-2025-09.csv,113,unit_price_usd,79.99,79.99,N01-field-alias-or-whitespace
amazon-2025-09.csv,114,order_date,2025-09-08,2025-09-08,N01-field-alias-or-whitespace
amazon-2025-09.csv,114,quantity,3,3,N01-field-alias-or-whitespace
amazon-2025-09.csv,114,unit_price_usd,59.99,59.99,N01-field-alias-or-whitespace
amazon-2025-09.csv,115,order_date,2025-09-08,2025-09-08,N01-field-alias-or-whitespace
amazon-2025-09.csv,115,quantity,1,1,N01-field-alias-or-whitespace
amazon-2025-09.csv,115,unit_price_usd,24.99,24.99,N01-field-alias-or-whitespace
amazon-2025-09.csv,116,order_date,2025-09-09,2025-09-09,N01-field-alias-or-whitespace
amazon-2025-09.csv,116,quantity,2,2,N01-field-alias-or-whitespace
amazon-2025-09.csv,116,unit_price_usd,39.99,39.99,N01-field-alias-or-whitespace
amazon-2025-09.csv,117,order_date,2025-09-09,2025-09-09,N01-field-alias-or-whitespace
amazon-2025-09.csv,117,quantity,3,3,N01-field-alias-or-whitespace
amazon-2025-09.csv,117,unit_price_usd,79.99,79.99,N01-field-alias-or-whitespace
amazon-2025-09.csv,118,order_date,2025-09-09,2025-09-09,N01-field-alias-or-whitespace
amazon-2025-09.csv,118,quantity,1,1,N01-field-alias-or-whitespace
amazon-2025-09.csv,118,unit_price_usd,24.99,24.99,N01-field-alias-or-whitespace
amazon-2025-09.csv,119,order_date,2025-09-09,2025-09-09,N01-field-alias-or-whitespace
amazon-2025-09.csv,119,quantity,3,3,N01-field-alias-or-whitespace
amazon-2025-09.csv,119,unit_price_usd,14.99,14.99,N01-field-alias-or-whitespace
amazon-2025-09.csv,120,order_date,2025-09-09,2025-09-09,N01-field-alias-or-whitespace
amazon-2025-09.csv,120,country, us ,us,N01-field-alias-or-whitespace
amazon-2025-09.csv,120,quantity,3,3,N01-field-alias-or-whitespace
amazon-2025-09.csv,120,unit_price_usd,59.99,59.99,N01-field-alias-or-whitespace
amazon-2025-09.csv,121,order_date,2025-09-09,2025-09-09,N01-field-alias-or-whitespace
amazon-2025-09.csv,121,quantity,2,2,N01-field-alias-or-whitespace
amazon-2025-09.csv,121,unit_price_usd,14.99,14.99,N01-field-alias-or-whitespace
amazon-2025-09.csv,122,order_date,2025-09-09,2025-09-09,N01-field-alias-or-whitespace
amazon-2025-09.csv,122,quantity,2,2,N01-field-alias-or-whitespace
amazon-2025-09.csv,122,unit_price_usd,14.99,14.99,N01-field-alias-or-whitespace
amazon-2025-09.csv,123,order_date,2025-09-09,2025-09-09,N01-field-alias-or-whitespace
amazon-2025-09.csv,123,quantity,2,2,N01-field-alias-or-whitespace
amazon-2025-09.csv,123,unit_price_usd,14.99,14.99,N01-field-alias-or-whitespace
amazon-2025-09.csv,124,order_date,2025-09-09,2025-09-09,N01-field-alias-or-whitespace
amazon-2025-09.csv,124,quantity,2,2,N01-field-alias-or-whitespace
amazon-2025-09.csv,124,unit_price_usd,14.99,14.99,N01-field-alias-or-whitespace
amazon-2025-09.csv,125,order_date,2025-09-09,2025-09-09,N01-field-alias-or-whitespace
amazon-2025-09.csv,125,quantity,2,2,N01-field-alias-or-whitespace
amazon-2025-09.csv,125,unit_price_usd,59.99,59.99,N01-field-alias-or-whitespace
amazon-2025-09.csv,126,order_date,2025-09-09,2025-09-09,N01-field-alias-or-whitespace
amazon-2025-09.csv,126,quantity,1,1,N01-field-alias-or-whitespace
amazon-2025-09.csv,126,unit_price_usd,59.99,59.99,N01-field-alias-or-whitespace
amazon-2025-09.csv,127,order_date,2025-09-09,2025-09-09,N01-field-alias-or-whitespace
amazon-2025-09.csv,127,quantity,2,2,N01-field-alias-or-whitespace
amazon-2025-09.csv,127,unit_price_usd,24.99,24.99,N01-field-alias-or-whitespace
amazon-2025-09.csv,128,order_date,2025-09-10,2025-09-10,N01-field-alias-or-whitespace
amazon-2025-09.csv,128,quantity,3,3,N01-field-alias-or-whitespace
amazon-2025-09.csv,128,unit_price_usd,59.99,59.99,N01-field-alias-or-whitespace
amazon-2025-09.csv,129,order_date,2025-09-10,2025-09-10,N01-field-alias-or-whitespace
amazon-2025-09.csv,129,quantity,2,2,N01-field-alias-or-whitespace
amazon-2025-09.csv,129,unit_price_usd,59.99,59.99,N01-field-alias-or-whitespace
amazon-2025-09.csv,130,order_date,2025-09-10,2025-09-10,N01-field-alias-or-whitespace
amazon-2025-09.csv,130,quantity,1,1,N01-field-alias-or-whitespace
amazon-2025-09.csv,130,unit_price_usd,14.99,14.99,N01-field-alias-or-whitespace
amazon-2025-09.csv,131,order_date,2025-09-10,2025-09-10,N01-field-alias-or-whitespace
amazon-2025-09.csv,131,quantity,2,2,N01-field-alias-or-whitespace
amazon-2025-09.csv,131,unit_price_usd,24.99,24.99,N01-field-alias-or-whitespace
amazon-2025-09.csv,132,order_date,2025-09-10,2025-09-10,N01-field-alias-or-whitespace
amazon-2025-09.csv,132,quantity,3,3,N01-field-alias-or-whitespace
amazon-2025-09.csv,132,unit_price_usd,79.99,79.99,N01-field-alias-or-whitespace
amazon-2025-09.csv,133,order_date,2025-09-10,2025-09-10,N01-field-alias-or-whitespace
amazon-2025-09.csv,133,quantity,2,2,N01-field-alias-or-whitespace
amazon-2025-09.csv,133,unit_price_usd,59.99,59.99,N01-field-alias-or-whitespace
amazon-2025-09.csv,134,order_date,2025-09-10,2025-09-10,N01-field-alias-or-whitespace
amazon-2025-09.csv,134,quantity,1,1,N01-field-alias-or-whitespace
amazon-2025-09.csv,134,unit_price_usd,14.99,14.99,N01-field-alias-or-whitespace
amazon-2025-09.csv,135,order_date,2025-09-10,2025-09-10,N01-field-alias-or-whitespace
amazon-2025-09.csv,135,quantity,1,1,N01-field-alias-or-whitespace
amazon-2025-09.csv,135,unit_price_usd,39.99,39.99,N01-field-alias-or-whitespace
amazon-2025-09.csv,136,order_date,2025-09-10,2025-09-10,N01-field-alias-or-whitespace
amazon-2025-09.csv,136,quantity,2,2,N01-field-alias-or-whitespace
amazon-2025-09.csv,136,unit_price_usd,39.99,39.99,N01-field-alias-or-whitespace
amazon-2025-09.csv,137,order_date,2025-09-10,2025-09-10,N01-field-alias-or-whitespace
amazon-2025-09.csv,137,quantity,1,1,N01-field-alias-or-whitespace
amazon-2025-09.csv,137,unit_price_usd,39.99,39.99,N01-field-alias-or-whitespace
amazon-2025-09.csv,138,order_date,2025-09-10,2025-09-10,N01-field-alias-or-whitespace
amazon-2025-09.csv,138,quantity,2,2,N01-field-alias-or-whitespace
amazon-2025-09.csv,138,unit_price_usd,39.99,39.99,N01-field-alias-or-whitespace
amazon-2025-09.csv,139,order_date,2025-09-10,2025-09-10,N01-field-alias-or-whitespace
amazon-2025-09.csv,139,quantity,2,2,N01-field-alias-or-whitespace
amazon-2025-09.csv,139,unit_price_usd,24.99,24.99,N01-field-alias-or-whitespace
amazon-2025-09.csv,140,order_date,2025-09-10,2025-09-10,N01-field-alias-or-whitespace
amazon-2025-09.csv,140,quantity,2,2,N01-field-alias-or-whitespace
amazon-2025-09.csv,140,unit_price_usd,59.99,59.99,N01-field-alias-or-whitespace
amazon-2025-09.csv,141,order_date,2025-09-10,2025-09-10,N01-field-alias-or-whitespace
amazon-2025-09.csv,141,quantity,3,3,N01-field-alias-or-whitespace
amazon-2025-09.csv,141,unit_price_usd,$59.99,$59.99,N01-field-alias-or-whitespace
amazon-2025-09.csv,142,order_date,2025-09-11,2025-09-11,N01-field-alias-or-whitespace
amazon-2025-09.csv,142,country, uk ,uk,N01-field-alias-or-whitespace
amazon-2025-09.csv,142,quantity,1,1,N01-field-alias-or-whitespace
amazon-2025-09.csv,142,unit_price_usd,39.99,39.99,N01-field-alias-or-whitespace
amazon-2025-09.csv,143,order_date,2025-09-11,2025-09-11,N01-field-alias-or-whitespace
amazon-2025-09.csv,143,quantity,2,2,N01-field-alias-or-whitespace
amazon-2025-09.csv,143,unit_price_usd,$59.99,$59.99,N01-field-alias-or-whitespace
amazon-2025-09.csv,144,order_date,2025-09-11,2025-09-11,N01-field-alias-or-whitespace
amazon-2025-09.csv,144,quantity,2,2,N01-field-alias-or-whitespace
amazon-2025-09.csv,144,unit_price_usd,24.99,24.99,N01-field-alias-or-whitespace
amazon-2025-09.csv,145,order_date,2025-09-11,2025-09-11,N01-field-alias-or-whitespace
amazon-2025-09.csv,145,quantity,3,3,N01-field-alias-or-whitespace
amazon-2025-09.csv,145,unit_price_usd,59.99,59.99,N01-field-alias-or-whitespace
amazon-2025-09.csv,146,order_date,2025-09-11,2025-09-11,N01-field-alias-or-whitespace
amazon-2025-09.csv,146,quantity,1,1,N01-field-alias-or-whitespace
amazon-2025-09.csv,146,unit_price_usd,59.99,59.99,N01-field-alias-or-whitespace
amazon-2025-09.csv,147,order_date,2025-09-11,2025-09-11,N01-field-alias-or-whitespace
amazon-2025-09.csv,147,quantity,3,3,N01-field-alias-or-whitespace
amazon-2025-09.csv,147,unit_price_usd,39.99,39.99,N01-field-alias-or-whitespace
amazon-2025-09.csv,148,order_date,2025-09-11,2025-09-11,N01-field-alias-or-whitespace
amazon-2025-09.csv,148,quantity,1,1,N01-field-alias-or-whitespace
amazon-2025-09.csv,148,unit_price_usd,79.99,79.99,N01-field-alias-or-whitespace
amazon-2025-09.csv,149,order_date,2025-09-11,2025-09-11,N01-field-alias-or-whitespace
amazon-2025-09.csv,149,quantity,1,1,N01-field-alias-or-whitespace
amazon-2025-09.csv,149,unit_price_usd,24.99,24.99,N01-field-alias-or-whitespace
amazon-2025-09.csv,150,order_date,2025/09/11,2025/09/11,N01-field-alias-or-whitespace
amazon-2025-09.csv,150,quantity,3,3,N01-field-alias-or-whitespace
amazon-2025-09.csv,150,unit_price_usd,79.99,79.99,N01-field-alias-or-whitespace
amazon-2025-09.csv,151,order_date,2025-09-11,2025-09-11,N01-field-alias-or-whitespace
amazon-2025-09.csv,151,quantity,2,2,N01-field-alias-or-whitespace
amazon-2025-09.csv,151,unit_price_usd,79.99,79.99,N01-field-alias-or-whitespace
amazon-2025-09.csv,152,order_date,2025-09-11,2025-09-11,N01-field-alias-or-whitespace
amazon-2025-09.csv,152,quantity,3,3,N01-field-alias-or-whitespace
amazon-2025-09.csv,152,unit_price_usd,39.99,39.99,N01-field-alias-or-whitespace
amazon-2025-09.csv,153,order_date,2025-09-11,2025-09-11,N01-field-alias-or-whitespace
amazon-2025-09.csv,153,quantity,2,2,N01-field-alias-or-whitespace
amazon-2025-09.csv,153,unit_price_usd,24.99,24.99,N01-field-alias-or-whitespace
amazon-2025-09.csv,154,order_date,2025-09-11,2025-09-11,N01-field-alias-or-whitespace
amazon-2025-09.csv,154,quantity,3,3,N01-field-alias-or-whitespace
amazon-2025-09.csv,154,unit_price_usd,24.99,24.99,N01-field-alias-or-whitespace
amazon-2025-09.csv,155,order_date,2025-09-12,2025-09-12,N01-field-alias-or-whitespace
amazon-2025-09.csv,155,quantity,2,2,N01-field-alias-or-whitespace
amazon-2025-09.csv,155,unit_price_usd,79.99,79.99,N01-field-alias-or-whitespace
amazon-2025-09.csv,156,order_date,2025/09/12,2025/09/12,N01-field-alias-or-whitespace
amazon-2025-09.csv,156,quantity,3,3,N01-field-alias-or-whitespace
amazon-2025-09.csv,156,unit_price_usd,24.99,24.99,N01-field-alias-or-whitespace
amazon-2025-09.csv,157,order_date,2025-09-12,2025-09-12,N01-field-alias-or-whitespace
amazon-2025-09.csv,157,quantity,2,2,N01-field-alias-or-whitespace
amazon-2025-09.csv,157,unit_price_usd,59.99,59.99,N01-field-alias-or-whitespace
amazon-2025-09.csv,158,order_date,2025-09-12,2025-09-12,N01-field-alias-or-whitespace
amazon-2025-09.csv,158,quantity,2,2,N01-field-alias-or-whitespace
amazon-2025-09.csv,158,unit_price_usd,79.99,79.99,N01-field-alias-or-whitespace
amazon-2025-09.csv,159,order_date,2025-09-12,2025-09-12,N01-field-alias-or-whitespace
amazon-2025-09.csv,159,country, de ,de,N01-field-alias-or-whitespace
amazon-2025-09.csv,159,quantity,3,3,N01-field-alias-or-whitespace
amazon-2025-09.csv,159,unit_price_usd,59.99,59.99,N01-field-alias-or-whitespace
amazon-2025-09.csv,160,order_date,2025-09-12,2025-09-12,N01-field-alias-or-whitespace
amazon-2025-09.csv,160,quantity,1,1,N01-field-alias-or-whitespace
amazon-2025-09.csv,160,unit_price_usd,14.99,14.99,N01-field-alias-or-whitespace
amazon-2025-09.csv,161,order_date,2025-09-12,2025-09-12,N01-field-alias-or-whitespace
amazon-2025-09.csv,161,quantity,3,3,N01-field-alias-or-whitespace
amazon-2025-09.csv,161,unit_price_usd,59.99,59.99,N01-field-alias-or-whitespace
amazon-2025-09.csv,162,order_date,2025-09-12,2025-09-12,N01-field-alias-or-whitespace
amazon-2025-09.csv,162,quantity,1,1,N01-field-alias-or-whitespace
amazon-2025-09.csv,162,unit_price_usd,79.99,79.99,N01-field-alias-or-whitespace
amazon-2025-09.csv,163,order_date,2025-09-12,2025-09-12,N01-field-alias-or-whitespace
amazon-2025-09.csv,163,quantity,2,2,N01-field-alias-or-whitespace
amazon-2025-09.csv,163,unit_price_usd,24.99,24.99,N01-field-alias-or-whitespace
amazon-2025-09.csv,164,order_date,2025-09-12,2025-09-12,N01-field-alias-or-whitespace
amazon-2025-09.csv,164,quantity,3,3,N01-field-alias-or-whitespace
amazon-2025-09.csv,164,unit_price_usd,$39.99,$39.99,N01-field-alias-or-whitespace
amazon-2025-09.csv,165,order_date,2025-09-12,2025-09-12,N01-field-alias-or-whitespace
amazon-2025-09.csv,165,quantity,1,1,N01-field-alias-or-whitespace
amazon-2025-09.csv,165,unit_price_usd,39.99,39.99,N01-field-alias-or-whitespace
amazon-2025-09.csv,166,order_date,2025-09-12,2025-09-12,N01-field-alias-or-whitespace
amazon-2025-09.csv,166,quantity,1,1,N01-field-alias-or-whitespace
amazon-2025-09.csv,166,unit_price_usd,39.99,39.99,N01-field-alias-or-whitespace
amazon-2025-09.csv,167,order_date,2025-09-12,2025-09-12,N01-field-alias-or-whitespace
amazon-2025-09.csv,167,quantity,1,1,N01-field-alias-or-whitespace
amazon-2025-09.csv,167,unit_price_usd,24.99,24.99,N01-field-alias-or-whitespace
amazon-2025-09.csv,168,order_date,2025-09-12,2025-09-12,N01-field-alias-or-whitespace
amazon-2025-09.csv,168,quantity,1,1,N01-field-alias-or-whitespace
amazon-2025-09.csv,168,unit_price_usd,14.99,14.99,N01-field-alias-or-whitespace
amazon-2025-09.csv,169,order_date,2025-09-12,2025-09-12,N01-field-alias-or-whitespace
amazon-2025-09.csv,169,quantity,1,1,N01-field-alias-or-whitespace
amazon-2025-09.csv,169,unit_price_usd,24.99,24.99,N01-field-alias-or-whitespace
amazon-2025-09.csv,170,order_date,2025-09-12,2025-09-12,N01-field-alias-or-whitespace
amazon-2025-09.csv,170,quantity,1,1,N01-field-alias-or-whitespace
amazon-2025-09.csv,170,unit_price_usd,39.99,39.99,N01-field-alias-or-whitespace
amazon-2025-09.csv,171,order_date,2025-09-12,2025-09-12,N01-field-alias-or-whitespace
amazon-2025-09.csv,171,quantity,3,3,N01-field-alias-or-whitespace
amazon-2025-09.csv,171,unit_price_usd,24.99,24.99,N01-field-alias-or-whitespace
amazon-2025-09.csv,172,order_date,2025-09-13,2025-09-13,N01-field-alias-or-whitespace
amazon-2025-09.csv,172,quantity,3,3,N01-field-alias-or-whitespace
amazon-2025-09.csv,172,unit_price_usd,39.99,39.99,N01-field-alias-or-whitespace
amazon-2025-09.csv,173,order_date,2025-09-13,2025-09-13,N01-field-alias-or-whitespace
amazon-2025-09.csv,173,quantity,2,2,N01-field-alias-or-whitespace
amazon-2025-09.csv,173,unit_price_usd,59.99,59.99,N01-field-alias-or-whitespace
amazon-2025-09.csv,174,order_date,2025-09-13,2025-09-13,N01-field-alias-or-whitespace
amazon-2025-09.csv,174,quantity,1,1,N01-field-alias-or-whitespace
amazon-2025-09.csv,174,unit_price_usd,14.99,14.99,N01-field-alias-or-whitespace
amazon-2025-09.csv,175,order_date,2025-09-13,2025-09-13,N01-field-alias-or-whitespace
amazon-2025-09.csv,175,country, us ,us,N01-field-alias-or-whitespace
amazon-2025-09.csv,175,quantity,2,2,N01-field-alias-or-whitespace
amazon-2025-09.csv,175,unit_price_usd,24.99,24.99,N01-field-alias-or-whitespace
amazon-2025-09.csv,176,order_date,2025-09-13,2025-09-13,N01-field-alias-or-whitespace
amazon-2025-09.csv,176,quantity,2,2,N01-field-alias-or-whitespace
amazon-2025-09.csv,176,unit_price_usd,14.99,14.99,N01-field-alias-or-whitespace
amazon-2025-09.csv,177,order_date,2025-09-13,2025-09-13,N01-field-alias-or-whitespace
amazon-2025-09.csv,177,quantity,3,3,N01-field-alias-or-whitespace
amazon-2025-09.csv,177,unit_price_usd,79.99,79.99,N01-field-alias-or-whitespace
amazon-2025-09.csv,178,order_date,2025-09-13,2025-09-13,N01-field-alias-or-whitespace
amazon-2025-09.csv,178,quantity,3,3,N01-field-alias-or-whitespace
amazon-2025-09.csv,178,unit_price_usd,24.99,24.99,N01-field-alias-or-whitespace
amazon-2025-09.csv,179,order_date,2025-09-13,2025-09-13,N01-field-alias-or-whitespace
amazon-2025-09.csv,179,quantity,1,1,N01-field-alias-or-whitespace
amazon-2025-09.csv,179,unit_price_usd,39.99,39.99,N01-field-alias-or-whitespace
amazon-2025-09.csv,180,order_date,2025-09-13,2025-09-13,N01-field-alias-or-whitespace
amazon-2025-09.csv,180,quantity,3,3,N01-field-alias-or-whitespace
amazon-2025-09.csv,180,unit_price_usd,14.99,14.99,N01-field-alias-or-whitespace
amazon-2025-09.csv,181,order_date,2025-09-13,2025-09-13,N01-field-alias-or-whitespace
amazon-2025-09.csv,181,quantity,2,2,N01-field-alias-or-whitespace
amazon-2025-09.csv,181,unit_price_usd,24.99,24.99,N01-field-alias-or-whitespace
amazon-2025-09.csv,182,order_date,2025-09-13,2025-09-13,N01-field-alias-or-whitespace
amazon-2025-09.csv,182,quantity,3,3,N01-field-alias-or-whitespace
amazon-2025-09.csv,182,unit_price_usd,79.99,79.99,N01-field-alias-or-whitespace
amazon-2025-09.csv,183,order_date,2025-09-13,2025-09-13,N01-field-alias-or-whitespace
amazon-2025-09.csv,183,quantity,1,1,N01-field-alias-or-whitespace
amazon-2025-09.csv,183,unit_price_usd,39.99,39.99,N01-field-alias-or-whitespace
amazon-2025-09.csv,184,order_date,2025/09/13,2025/09/13,N01-field-alias-or-whitespace
amazon-2025-09.csv,184,quantity,2,2,N01-field-alias-or-whitespace
amazon-2025-09.csv,184,unit_price_usd,$24.99,$24.99,N01-field-alias-or-whitespace
amazon-2025-09.csv,185,order_date,2025-09-14,2025-09-14,N01-field-alias-or-whitespace
amazon-2025-09.csv,185,quantity,3,3,N01-field-alias-or-whitespace
amazon-2025-09.csv,185,unit_price_usd,24.99,24.99,N01-field-alias-or-whitespace
amazon-2025-09.csv,186,order_date,2025-09-14,2025-09-14,N01-field-alias-or-whitespace
amazon-2025-09.csv,186,quantity,3,3,N01-field-alias-or-whitespace
amazon-2025-09.csv,186,unit_price_usd,59.99,59.99,N01-field-alias-or-whitespace
amazon-2025-09.csv,187,order_date,2025-09-14,2025-09-14,N01-field-alias-or-whitespace
amazon-2025-09.csv,187,quantity,2,2,N01-field-alias-or-whitespace
amazon-2025-09.csv,187,unit_price_usd,24.99,24.99,N01-field-alias-or-whitespace
amazon-2025-09.csv,188,order_date,2025-09-14,2025-09-14,N01-field-alias-or-whitespace
amazon-2025-09.csv,188,quantity,2,2,N01-field-alias-or-whitespace
amazon-2025-09.csv,188,unit_price_usd,$24.99,$24.99,N01-field-alias-or-whitespace
amazon-2025-09.csv,189,order_date,2025-09-14,2025-09-14,N01-field-alias-or-whitespace
amazon-2025-09.csv,189,quantity,1,1,N01-field-alias-or-whitespace
amazon-2025-09.csv,189,unit_price_usd,24.99,24.99,N01-field-alias-or-whitespace
amazon-2025-09.csv,190,order_date,2025-09-14,2025-09-14,N01-field-alias-or-whitespace
amazon-2025-09.csv,190,quantity,1,1,N01-field-alias-or-whitespace
amazon-2025-09.csv,190,unit_price_usd,59.99,59.99,N01-field-alias-or-whitespace
amazon-2025-09.csv,191,order_date,2025-09-14,2025-09-14,N01-field-alias-or-whitespace
amazon-2025-09.csv,191,quantity,3,3,N01-field-alias-or-whitespace
amazon-2025-09.csv,191,unit_price_usd,39.99,39.99,N01-field-alias-or-whitespace
amazon-2025-09.csv,192,order_date,2025/09/14,2025/09/14,N01-field-alias-or-whitespace
amazon-2025-09.csv,192,quantity,2,2,N01-field-alias-or-whitespace
amazon-2025-09.csv,192,unit_price_usd,14.99,14.99,N01-field-alias-or-whitespace
amazon-2025-09.csv,193,order_date,2025-09-14,2025-09-14,N01-field-alias-or-whitespace
amazon-2025-09.csv,193,quantity,2,2,N01-field-alias-or-whitespace
amazon-2025-09.csv,193,unit_price_usd,24.99,24.99,N01-field-alias-or-whitespace
amazon-2025-09.csv,194,order_date,2025-09-14,2025-09-14,N01-field-alias-or-whitespace
amazon-2025-09.csv,194,country, ca ,ca,N01-field-alias-or-whitespace
amazon-2025-09.csv,194,quantity,1,1,N01-field-alias-or-whitespace
amazon-2025-09.csv,194,unit_price_usd,39.99,39.99,N01-field-alias-or-whitespace
amazon-2025-09.csv,195,order_date,2025-09-14,2025-09-14,N01-field-alias-or-whitespace
amazon-2025-09.csv,195,quantity,2,2,N01-field-alias-or-whitespace
amazon-2025-09.csv,195,unit_price_usd,24.99,24.99,N01-field-alias-or-whitespace
amazon-2025-09.csv,196,order_date,2025-09-14,2025-09-14,N01-field-alias-or-whitespace
amazon-2025-09.csv,196,quantity,2,2,N01-field-alias-or-whitespace
amazon-2025-09.csv,196,unit_price_usd,39.99,39.99,N01-field-alias-or-whitespace
amazon-2025-09.csv,197,order_date,2025-09-14,2025-09-14,N01-field-alias-or-whitespace
amazon-2025-09.csv,197,quantity,2,2,N01-field-alias-or-whitespace
amazon-2025-09.csv,197,unit_price_usd,14.99,14.99,N01-field-alias-or-whitespace
amazon-2025-09.csv,198,order_date,2025-09-14,2025-09-14,N01-field-alias-or-whitespace
amazon-2025-09.csv,198,quantity,3,3,N01-field-alias-or-whitespace
amazon-2025-09.csv,198,unit_price_usd,79.99,79.99,N01-field-alias-or-whitespace
amazon-2025-09.csv,199,order_date,2025-09-14,2025-09-14,N01-field-alias-or-whitespace
amazon-2025-09.csv,199,quantity,2,2,N01-field-alias-or-whitespace
amazon-2025-09.csv,199,unit_price_usd,14.99,14.99,N01-field-alias-or-whitespace
amazon-2025-09.csv,200,order_date,2025-09-14,2025-09-14,N01-field-alias-or-whitespace
amazon-2025-09.csv,200,quantity,2,2,N01-field-alias-or-whitespace
amazon-2025-09.csv,200,unit_price_usd,39.99,39.99,N01-field-alias-or-whitespace
amazon-2025-09.csv,201,order_date,2025/09/15,2025/09/15,N01-field-alias-or-whitespace
amazon-2025-09.csv,201,quantity,2,2,N01-field-alias-or-whitespace
amazon-2025-09.csv,201,unit_price_usd,79.99,79.99,N01-field-alias-or-whitespace
amazon-2025-09.csv,202,order_date,2025-09-15,2025-09-15,N01-field-alias-or-whitespace
amazon-2025-09.csv,202,quantity,1,1,N01-field-alias-or-whitespace
amazon-2025-09.csv,202,unit_price_usd,24.99,24.99,N01-field-alias-or-whitespace
amazon-2025-09.csv,203,order_date,2025-09-15,2025-09-15,N01-field-alias-or-whitespace
amazon-2025-09.csv,203,quantity,2,2,N01-field-alias-or-whitespace
amazon-2025-09.csv,203,unit_price_usd,14.99,14.99,N01-field-alias-or-whitespace
amazon-2025-09.csv,204,order_date,2025-09-15,2025-09-15,N01-field-alias-or-whitespace
amazon-2025-09.csv,204,quantity,2,2,N01-field-alias-or-whitespace
amazon-2025-09.csv,204,unit_price_usd,59.99,59.99,N01-field-alias-or-whitespace
amazon-2025-09.csv,205,order_date,2025-09-15,2025-09-15,N01-field-alias-or-whitespace
amazon-2025-09.csv,205,quantity,1,1,N01-field-alias-or-whitespace
amazon-2025-09.csv,205,unit_price_usd,79.99,79.99,N01-field-alias-or-whitespace
amazon-2025-09.csv,206,order_date,2025-09-15,2025-09-15,N01-field-alias-or-whitespace
amazon-2025-09.csv,206,quantity,3,3,N01-field-alias-or-whitespace
amazon-2025-09.csv,206,unit_price_usd,24.99,24.99,N01-field-alias-or-whitespace
amazon-2025-09.csv,207,order_date,2025-09-15,2025-09-15,N01-field-alias-or-whitespace
amazon-2025-09.csv,207,quantity,2,2,N01-field-alias-or-whitespace
amazon-2025-09.csv,207,unit_price_usd,59.99,59.99,N01-field-alias-or-whitespace
amazon-2025-09.csv,208,order_date,2025-09-15,2025-09-15,N01-field-alias-or-whitespace
amazon-2025-09.csv,208,quantity,1,1,N01-field-alias-or-whitespace
amazon-2025-09.csv,208,unit_price_usd,14.99,14.99,N01-field-alias-or-whitespace
amazon-2025-09.csv,209,order_date,2025-09-15,2025-09-15,N01-field-alias-or-whitespace
amazon-2025-09.csv,209,quantity,3,3,N01-field-alias-or-whitespace
amazon-2025-09.csv,209,unit_price_usd,24.99,24.99,N01-field-alias-or-whitespace
amazon-2025-09.csv,210,order_date,2025-09-15,2025-09-15,N01-field-alias-or-whitespace
amazon-2025-09.csv,210,quantity,3,3,N01-field-alias-or-whitespace
amazon-2025-09.csv,210,unit_price_usd,79.99,79.99,N01-field-alias-or-whitespace
amazon-2025-09.csv,211,order_date,2025-09-15,2025-09-15,N01-field-alias-or-whitespace
amazon-2025-09.csv,211,quantity,1,1,N01-field-alias-or-whitespace
amazon-2025-09.csv,211,unit_price_usd,39.99,39.99,N01-field-alias-or-whitespace
amazon-2025-09.csv,212,order_date,2025-09-15,2025-09-15,N01-field-alias-or-whitespace
amazon-2025-09.csv,212,quantity,1,1,N01-field-alias-or-whitespace
amazon-2025-09.csv,212,unit_price_usd,$39.99,$39.99,N01-field-alias-or-whitespace
amazon-2025-09.csv,213,order_date,2025-09-15,2025-09-15,N01-field-alias-or-whitespace
amazon-2025-09.csv,213,quantity,3,3,N01-field-alias-or-whitespace
amazon-2025-09.csv,213,unit_price_usd,79.99,79.99,N01-field-alias-or-whitespace
amazon-2025-09.csv,214,order_date,2025-09-15,2025-09-15,N01-field-alias-or-whitespace
amazon-2025-09.csv,214,country, us ,us,N01-field-alias-or-whitespace
amazon-2025-09.csv,214,quantity,2,2,N01-field-alias-or-whitespace
amazon-2025-09.csv,214,unit_price_usd,24.99,24.99,N01-field-alias-or-whitespace
amazon-2025-09.csv,215,order_date,2025-09-15,2025-09-15,N01-field-alias-or-whitespace
amazon-2025-09.csv,215,quantity,2,2,N01-field-alias-or-whitespace
amazon-2025-09.csv,215,unit_price_usd,79.99,79.99,N01-field-alias-or-whitespace
amazon-2025-09.csv,216,order_date,2025-09-15,2025-09-15,N01-field-alias-or-whitespace
amazon-2025-09.csv,216,quantity,1,1,N01-field-alias-or-whitespace
amazon-2025-09.csv,216,unit_price_usd,79.99,79.99,N01-field-alias-or-whitespace
amazon-2025-09.csv,217,order_date,2025-09-16,2025-09-16,N01-field-alias-or-whitespace
amazon-2025-09.csv,217,quantity,3,3,N01-field-alias-or-whitespace
amazon-2025-09.csv,217,unit_price_usd,79.99,79.99,N01-field-alias-or-whitespace
amazon-2025-09.csv,218,order_date,2025-09-16,2025-09-16,N01-field-alias-or-whitespace
amazon-2025-09.csv,218,quantity,2,2,N01-field-alias-or-whitespace
amazon-2025-09.csv,218,unit_price_usd,14.99,14.99,N01-field-alias-or-whitespace
amazon-2025-09.csv,219,order_date,2025-09-16,2025-09-16,N01-field-alias-or-whitespace
amazon-2025-09.csv,219,quantity,2,2,N01-field-alias-or-whitespace
amazon-2025-09.csv,219,unit_price_usd,59.99,59.99,N01-field-alias-or-whitespace
amazon-2025-09.csv,220,order_date,2025-09-16,2025-09-16,N01-field-alias-or-whitespace
amazon-2025-09.csv,220,quantity,3,3,N01-field-alias-or-whitespace
amazon-2025-09.csv,220,unit_price_usd,24.99,24.99,N01-field-alias-or-whitespace
amazon-2025-09.csv,221,order_date,2025-09-16,2025-09-16,N01-field-alias-or-whitespace
amazon-2025-09.csv,221,quantity,2,2,N01-field-alias-or-whitespace
amazon-2025-09.csv,221,unit_price_usd,14.99,14.99,N01-field-alias-or-whitespace
amazon-2025-09.csv,222,order_date,2025-09-16,2025-09-16,N01-field-alias-or-whitespace
amazon-2025-09.csv,222,quantity,3,3,N01-field-alias-or-whitespace
amazon-2025-09.csv,222,unit_price_usd,39.99,39.99,N01-field-alias-or-whitespace
amazon-2025-09.csv,223,order_date,2025-09-16,2025-09-16,N01-field-alias-or-whitespace
amazon-2025-09.csv,223,quantity,1,1,N01-field-alias-or-whitespace
amazon-2025-09.csv,223,unit_price_usd,39.99,39.99,N01-field-alias-or-whitespace
amazon-2025-09.csv,224,order_date,2025-09-16,2025-09-16,N01-field-alias-or-whitespace
amazon-2025-09.csv,224,quantity,2,2,N01-field-alias-or-whitespace
amazon-2025-09.csv,224,unit_price_usd,59.99,59.99,N01-field-alias-or-whitespace
amazon-2025-09.csv,225,order_date,2025-09-16,2025-09-16,N01-field-alias-or-whitespace
amazon-2025-09.csv,225,quantity,1,1,N01-field-alias-or-whitespace
amazon-2025-09.csv,225,unit_price_usd,24.99,24.99,N01-field-alias-or-whitespace
amazon-2025-09.csv,226,order_date,2025-09-16,2025-09-16,N01-field-alias-or-whitespace
amazon-2025-09.csv,226,quantity,3,3,N01-field-alias-or-whitespace
amazon-2025-09.csv,226,unit_price_usd,79.99,79.99,N01-field-alias-or-whitespace
amazon-2025-09.csv,227,order_date,2025-09-16,2025-09-16,N01-field-alias-or-whitespace
amazon-2025-09.csv,227,quantity,2,2,N01-field-alias-or-whitespace
amazon-2025-09.csv,227,unit_price_usd,39.99,39.99,N01-field-alias-or-whitespace
amazon-2025-09.csv,228,order_date,2025-09-16,2025-09-16,N01-field-alias-or-whitespace
amazon-2025-09.csv,228,quantity,3,3,N01-field-alias-or-whitespace
amazon-2025-09.csv,228,unit_price_usd,79.99,79.99,N01-field-alias-or-whitespace
amazon-2025-09.csv,229,order_date,2025-09-16,2025-09-16,N01-field-alias-or-whitespace
amazon-2025-09.csv,229,quantity,3,3,N01-field-alias-or-whitespace
amazon-2025-09.csv,229,unit_price_usd,14.99,14.99,N01-field-alias-or-whitespace
amazon-2025-09.csv,230,order_date,2025-09-16,2025-09-16,N01-field-alias-or-whitespace
amazon-2025-09.csv,230,quantity,1,1,N01-field-alias-or-whitespace
amazon-2025-09.csv,230,unit_price_usd,79.99,79.99,N01-field-alias-or-whitespace
amazon-2025-09.csv,231,order_date,2025/09/16,2025/09/16,N01-field-alias-or-whitespace
amazon-2025-09.csv,231,quantity,1,1,N01-field-alias-or-whitespace
amazon-2025-09.csv,231,unit_price_usd,79.99,79.99,N01-field-alias-or-whitespace
amazon-2025-09.csv,232,order_date,2025-09-16,2025-09-16,N01-field-alias-or-whitespace
amazon-2025-09.csv,232,country, uk ,uk,N01-field-alias-or-whitespace
amazon-2025-09.csv,232,quantity,2,2,N01-field-alias-or-whitespace
amazon-2025-09.csv,232,unit_price_usd,39.99,39.99,N01-field-alias-or-whitespace
amazon-2025-09.csv,233,order_date,2025-09-16,2025-09-16,N01-field-alias-or-whitespace
amazon-2025-09.csv,233,quantity,3,3,N01-field-alias-or-whitespace
amazon-2025-09.csv,233,unit_price_usd,14.99,14.99,N01-field-alias-or-whitespace
amazon-2025-09.csv,234,order_date,2025-09-17,2025-09-17,N01-field-alias-or-whitespace
amazon-2025-09.csv,234,quantity,3,3,N01-field-alias-or-whitespace
amazon-2025-09.csv,234,unit_price_usd,39.99,39.99,N01-field-alias-or-whitespace
amazon-2025-09.csv,235,order_date,2025-09-17,2025-09-17,N01-field-alias-or-whitespace
amazon-2025-09.csv,235,quantity,2,2,N01-field-alias-or-whitespace
amazon-2025-09.csv,235,unit_price_usd,79.99,79.99,N01-field-alias-or-whitespace
amazon-2025-09.csv,236,order_date,2025-09-17,2025-09-17,N01-field-alias-or-whitespace
amazon-2025-09.csv,236,quantity,2,2,N01-field-alias-or-whitespace
amazon-2025-09.csv,236,unit_price_usd,$79.99,$79.99,N01-field-alias-or-whitespace
amazon-2025-09.csv,237,order_date,2025/09/17,2025/09/17,N01-field-alias-or-whitespace
amazon-2025-09.csv,237,quantity,3,3,N01-field-alias-or-whitespace
amazon-2025-09.csv,237,unit_price_usd,24.99,24.99,N01-field-alias-or-whitespace
amazon-2025-09.csv,238,order_date,2025-09-17,2025-09-17,N01-field-alias-or-whitespace
amazon-2025-09.csv,238,quantity,1,1,N01-field-alias-or-whitespace
amazon-2025-09.csv,238,unit_price_usd,24.99,24.99,N01-field-alias-or-whitespace
amazon-2025-09.csv,239,order_date,2025-09-17,2025-09-17,N01-field-alias-or-whitespace
amazon-2025-09.csv,239,quantity,2,2,N01-field-alias-or-whitespace
amazon-2025-09.csv,239,unit_price_usd,39.99,39.99,N01-field-alias-or-whitespace
amazon-2025-09.csv,240,order_date,2025-09-17,2025-09-17,N01-field-alias-or-whitespace
amazon-2025-09.csv,240,quantity,2,2,N01-field-alias-or-whitespace
amazon-2025-09.csv,240,unit_price_usd,14.99,14.99,N01-field-alias-or-whitespace
amazon-2025-09.csv,241,order_date,2025-09-17,2025-09-17,N01-field-alias-or-whitespace
amazon-2025-09.csv,241,quantity,2,2,N01-field-alias-or-whitespace
amazon-2025-09.csv,241,unit_price_usd,79.99,79.99,N01-field-alias-or-whitespace
amazon-2025-09.csv,242,order_date,2025-09-17,2025-09-17,N01-field-alias-or-whitespace
amazon-2025-09.csv,242,quantity,3,3,N01-field-alias-or-whitespace
amazon-2025-09.csv,242,unit_price_usd,14.99,14.99,N01-field-alias-or-whitespace
amazon-2025-09.csv,243,order_date,2025-09-17,2025-09-17,N01-field-alias-or-whitespace
amazon-2025-09.csv,243,quantity,1,1,N01-field-alias-or-whitespace
amazon-2025-09.csv,243,unit_price_usd,59.99,59.99,N01-field-alias-or-whitespace
amazon-2025-09.csv,244,order_date,2025-09-17,2025-09-17,N01-field-alias-or-whitespace
amazon-2025-09.csv,244,quantity,1,1,N01-field-alias-or-whitespace
amazon-2025-09.csv,244,unit_price_usd,14.99,14.99,N01-field-alias-or-whitespace
amazon-2025-09.csv,245,order_date,2025-09-17,2025-09-17,N01-field-alias-or-whitespace
amazon-2025-09.csv,245,quantity,3,3,N01-field-alias-or-whitespace
amazon-2025-09.csv,245,unit_price_usd,59.99,59.99,N01-field-alias-or-whitespace
amazon-2025-09.csv,246,order_date,2025-09-17,2025-09-17,N01-field-alias-or-whitespace
amazon-2025-09.csv,246,quantity,3,3,N01-field-alias-or-whitespace
amazon-2025-09.csv,246,unit_price_usd,24.99,24.99,N01-field-alias-or-whitespace
amazon-2025-09.csv,247,order_date,2025-09-17,2025-09-17,N01-field-alias-or-whitespace
amazon-2025-09.csv,247,quantity,2,2,N01-field-alias-or-whitespace
amazon-2025-09.csv,247,unit_price_usd,79.99,79.99,N01-field-alias-or-whitespace
amazon-2025-09.csv,248,order_date,2025-09-17,2025-09-17,N01-field-alias-or-whitespace
amazon-2025-09.csv,248,quantity,1,1,N01-field-alias-or-whitespace
amazon-2025-09.csv,248,unit_price_usd,14.99,14.99,N01-field-alias-or-whitespace
amazon-2025-09.csv,249,order_date,2025-09-17,2025-09-17,N01-field-alias-or-whitespace
amazon-2025-09.csv,249,country, ca ,ca,N01-field-alias-or-whitespace
amazon-2025-09.csv,249,quantity,3,3,N01-field-alias-or-whitespace
amazon-2025-09.csv,249,unit_price_usd,24.99,24.99,N01-field-alias-or-whitespace
amazon-2025-09.csv,250,order_date,2025-09-18,2025-09-18,N01-field-alias-or-whitespace
amazon-2025-09.csv,250,quantity,3,3,N01-field-alias-or-whitespace
amazon-2025-09.csv,250,unit_price_usd,14.99,14.99,N01-field-alias-or-whitespace
amazon-2025-09.csv,251,order_date,2025-09-18,2025-09-18,N01-field-alias-or-whitespace
amazon-2025-09.csv,251,country, ca ,ca,N01-field-alias-or-whitespace
amazon-2025-09.csv,251,quantity,2,2,N01-field-alias-or-whitespace
amazon-2025-09.csv,251,unit_price_usd,39.99,39.99,N01-field-alias-or-whitespace
amazon-2025-09.csv,252,order_date,2025-09-18,2025-09-18,N01-field-alias-or-whitespace
amazon-2025-09.csv,252,quantity,3,3,N01-field-alias-or-whitespace
amazon-2025-09.csv,252,unit_price_usd,39.99,39.99,N01-field-alias-or-whitespace
amazon-2025-09.csv,253,order_date,2025-09-18,2025-09-18,N01-field-alias-or-whitespace
amazon-2025-09.csv,253,quantity,2,2,N01-field-alias-or-whitespace
amazon-2025-09.csv,253,unit_price_usd,39.99,39.99,N01-field-alias-or-whitespace
amazon-2025-09.csv,254,order_date,2025-09-18,2025-09-18,N01-field-alias-or-whitespace
amazon-2025-09.csv,254,quantity,3,3,N01-field-alias-or-whitespace
amazon-2025-09.csv,254,unit_price_usd,59.99,59.99,N01-field-alias-or-whitespace
amazon-2025-09.csv,255,order_date,2025-09-18,2025-09-18,N01-field-alias-or-whitespace
amazon-2025-09.csv,255,quantity,1,1,N01-field-alias-or-whitespace
amazon-2025-09.csv,255,unit_price_usd,59.99,59.99,N01-field-alias-or-whitespace
amazon-2025-09.csv,256,order_date,2025-09-18,2025-09-18,N01-field-alias-or-whitespace
amazon-2025-09.csv,256,quantity,1,1,N01-field-alias-or-whitespace
amazon-2025-09.csv,256,unit_price_usd,14.99,14.99,N01-field-alias-or-whitespace
amazon-2025-09.csv,257,order_date,2025-09-18,2025-09-18,N01-field-alias-or-whitespace
amazon-2025-09.csv,257,quantity,1,1,N01-field-alias-or-whitespace
amazon-2025-09.csv,257,unit_price_usd,79.99,79.99,N01-field-alias-or-whitespace
amazon-2025-09.csv,258,order_date,2025-09-18,2025-09-18,N01-field-alias-or-whitespace
amazon-2025-09.csv,258,quantity,1,1,N01-field-alias-or-whitespace
amazon-2025-09.csv,258,unit_price_usd,59.99,59.99,N01-field-alias-or-whitespace
amazon-2025-09.csv,259,order_date,2025-09-18,2025-09-18,N01-field-alias-or-whitespace
amazon-2025-09.csv,259,quantity,3,3,N01-field-alias-or-whitespace
amazon-2025-09.csv,259,unit_price_usd,$14.99,$14.99,N01-field-alias-or-whitespace
amazon-2025-09.csv,260,order_date,2025-09-18,2025-09-18,N01-field-alias-or-whitespace
amazon-2025-09.csv,260,quantity,2,2,N01-field-alias-or-whitespace
amazon-2025-09.csv,260,unit_price_usd,14.99,14.99,N01-field-alias-or-whitespace
amazon-2025-09.csv,261,order_date,2025-09-18,2025-09-18,N01-field-alias-or-whitespace
amazon-2025-09.csv,261,quantity,3,3,N01-field-alias-or-whitespace
amazon-2025-09.csv,261,unit_price_usd,14.99,14.99,N01-field-alias-or-whitespace
amazon-2025-09.csv,262,order_date,2025-09-18,2025-09-18,N01-field-alias-or-whitespace
amazon-2025-09.csv,262,quantity,2,2,N01-field-alias-or-whitespace
amazon-2025-09.csv,262,unit_price_usd,39.99,39.99,N01-field-alias-or-whitespace
amazon-2025-09.csv,263,order_date,2025-09-18,2025-09-18,N01-field-alias-or-whitespace
amazon-2025-09.csv,263,quantity,1,1,N01-field-alias-or-whitespace
amazon-2025-09.csv,263,unit_price_usd,59.99,59.99,N01-field-alias-or-whitespace
amazon-2025-09.csv,264,order_date,2025-09-19,2025-09-19,N01-field-alias-or-whitespace
amazon-2025-09.csv,264,quantity,2,2,N01-field-alias-or-whitespace
amazon-2025-09.csv,264,unit_price_usd,24.99,24.99,N01-field-alias-or-whitespace
amazon-2025-09.csv,265,order_date,2025-09-19,2025-09-19,N01-field-alias-or-whitespace
amazon-2025-09.csv,265,quantity,3,3,N01-field-alias-or-whitespace
amazon-2025-09.csv,265,unit_price_usd,$39.99,$39.99,N01-field-alias-or-whitespace
amazon-2025-09.csv,266,order_date,2025-09-19,2025-09-19,N01-field-alias-or-whitespace
amazon-2025-09.csv,266,quantity,2,2,N01-field-alias-or-whitespace
amazon-2025-09.csv,266,unit_price_usd,24.99,24.99,N01-field-alias-or-whitespace
amazon-2025-09.csv,267,order_date,2025-09-19,2025-09-19,N01-field-alias-or-whitespace
amazon-2025-09.csv,267,quantity,1,1,N01-field-alias-or-whitespace
amazon-2025-09.csv,267,unit_price_usd,59.99,59.99,N01-field-alias-or-whitespace
amazon-2025-09.csv,268,order_date,2025-09-19,2025-09-19,N01-field-alias-or-whitespace
amazon-2025-09.csv,268,quantity,3,3,N01-field-alias-or-whitespace
amazon-2025-09.csv,268,unit_price_usd,39.99,39.99,N01-field-alias-or-whitespace
amazon-2025-09.csv,269,order_date,2025-09-19,2025-09-19,N01-field-alias-or-whitespace
amazon-2025-09.csv,269,quantity,1,1,N01-field-alias-or-whitespace
amazon-2025-09.csv,269,unit_price_usd,59.99,59.99,N01-field-alias-or-whitespace
amazon-2025-09.csv,270,order_date,2025-09-19,2025-09-19,N01-field-alias-or-whitespace
amazon-2025-09.csv,270,quantity,3,3,N01-field-alias-or-whitespace
amazon-2025-09.csv,270,unit_price_usd,79.99,79.99,N01-field-alias-or-whitespace
amazon-2025-09.csv,271,order_date,2025-09-19,2025-09-19,N01-field-alias-or-whitespace
amazon-2025-09.csv,271,quantity,2,2,N01-field-alias-or-whitespace
amazon-2025-09.csv,271,unit_price_usd,14.99,14.99,N01-field-alias-or-whitespace
amazon-2025-09.csv,272,order_date,2025-09-19,2025-09-19,N01-field-alias-or-whitespace
amazon-2025-09.csv,272,country, us ,us,N01-field-alias-or-whitespace
amazon-2025-09.csv,272,quantity,2,2,N01-field-alias-or-whitespace
amazon-2025-09.csv,272,unit_price_usd,59.99,59.99,N01-field-alias-or-whitespace
amazon-2025-09.csv,273,order_date,2025-09-19,2025-09-19,N01-field-alias-or-whitespace
amazon-2025-09.csv,273,quantity,2,2,N01-field-alias-or-whitespace
amazon-2025-09.csv,273,unit_price_usd,59.99,59.99,N01-field-alias-or-whitespace
amazon-2025-09.csv,274,order_date,2025-09-19,2025-09-19,N01-field-alias-or-whitespace
amazon-2025-09.csv,274,quantity,3,3,N01-field-alias-or-whitespace
amazon-2025-09.csv,274,unit_price_usd,59.99,59.99,N01-field-alias-or-whitespace
amazon-2025-09.csv,275,order_date,2025-09-19,2025-09-19,N01-field-alias-or-whitespace
amazon-2025-09.csv,275,quantity,3,3,N01-field-alias-or-whitespace
amazon-2025-09.csv,275,unit_price_usd,14.99,14.99,N01-field-alias-or-whitespace
amazon-2025-09.csv,276,order_date,2025-09-19,2025-09-19,N01-field-alias-or-whitespace
amazon-2025-09.csv,276,quantity,2,2,N01-field-alias-or-whitespace
amazon-2025-09.csv,276,unit_price_usd,14.99,14.99,N01-field-alias-or-whitespace
amazon-2025-09.csv,277,order_date,2025-09-19,2025-09-19,N01-field-alias-or-whitespace
amazon-2025-09.csv,277,quantity,2,2,N01-field-alias-or-whitespace
amazon-2025-09.csv,277,unit_price_usd,59.99,59.99,N01-field-alias-or-whitespace
amazon-2025-09.csv,278,order_date,2025/09/19,2025/09/19,N01-field-alias-or-whitespace
amazon-2025-09.csv,278,quantity,2,2,N01-field-alias-or-whitespace
amazon-2025-09.csv,278,unit_price_usd,79.99,79.99,N01-field-alias-or-whitespace
amazon-2025-09.csv,279,order_date,2025-09-19,2025-09-19,N01-field-alias-or-whitespace
amazon-2025-09.csv,279,quantity,2,2,N01-field-alias-or-whitespace
amazon-2025-09.csv,279,unit_price_usd,79.99,79.99,N01-field-alias-or-whitespace
amazon-2025-09.csv,280,order_date,2025-09-19,2025-09-19,N01-field-alias-or-whitespace
amazon-2025-09.csv,280,quantity,1,1,N01-field-alias-or-whitespace
amazon-2025-09.csv,280,unit_price_usd,59.99,59.99,N01-field-alias-or-whitespace
amazon-2025-09.csv,281,order_date,2025-09-20,2025-09-20,N01-field-alias-or-whitespace
amazon-2025-09.csv,281,quantity,3,3,N01-field-alias-or-whitespace
amazon-2025-09.csv,281,unit_price_usd,59.99,59.99,N01-field-alias-or-whitespace
amazon-2025-09.csv,282,order_date,2025-09-20,2025-09-20,N01-field-alias-or-whitespace
amazon-2025-09.csv,282,quantity,2,2,N01-field-alias-or-whitespace
amazon-2025-09.csv,282,unit_price_usd,14.99,14.99,N01-field-alias-or-whitespace
amazon-2025-09.csv,283,order_date,2025-09-20,2025-09-20,N01-field-alias-or-whitespace
amazon-2025-09.csv,283,quantity,2,2,N01-field-alias-or-whitespace
amazon-2025-09.csv,283,unit_price_usd,39.99,39.99,N01-field-alias-or-whitespace
amazon-2025-09.csv,284,order_date,2025-09-20,2025-09-20,N01-field-alias-or-whitespace
amazon-2025-09.csv,284,quantity,2,2,N01-field-alias-or-whitespace
amazon-2025-09.csv,284,unit_price_usd,79.99,79.99,N01-field-alias-or-whitespace
amazon-2025-09.csv,285,order_date,2025-09-20,2025-09-20,N01-field-alias-or-whitespace
amazon-2025-09.csv,285,quantity,2,2,N01-field-alias-or-whitespace
amazon-2025-09.csv,285,unit_price_usd,79.99,79.99,N01-field-alias-or-whitespace
amazon-2025-09.csv,286,order_date,2025-09-20,2025-09-20,N01-field-alias-or-whitespace
amazon-2025-09.csv,286,quantity,3,3,N01-field-alias-or-whitespace
amazon-2025-09.csv,286,unit_price_usd,24.99,24.99,N01-field-alias-or-whitespace
amazon-2025-09.csv,287,order_date,2025/09/20,2025/09/20,N01-field-alias-or-whitespace
amazon-2025-09.csv,287,quantity,2,2,N01-field-alias-or-whitespace
amazon-2025-09.csv,287,unit_price_usd,39.99,39.99,N01-field-alias-or-whitespace
amazon-2025-09.csv,288,order_date,2025-09-20,2025-09-20,N01-field-alias-or-whitespace
amazon-2025-09.csv,288,quantity,2,2,N01-field-alias-or-whitespace
amazon-2025-09.csv,288,unit_price_usd,59.99,59.99,N01-field-alias-or-whitespace
amazon-2025-09.csv,289,order_date,2025-09-20,2025-09-20,N01-field-alias-or-whitespace
amazon-2025-09.csv,289,quantity,3,3,N01-field-alias-or-whitespace
amazon-2025-09.csv,289,unit_price_usd,$14.99,$14.99,N01-field-alias-or-whitespace
amazon-2025-09.csv,290,order_date,2025-09-20,2025-09-20,N01-field-alias-or-whitespace
amazon-2025-09.csv,290,quantity,2,2,N01-field-alias-or-whitespace
amazon-2025-09.csv,290,unit_price_usd,79.99,79.99,N01-field-alias-or-whitespace
amazon-2025-09.csv,291,order_date,2025-09-20,2025-09-20,N01-field-alias-or-whitespace
amazon-2025-09.csv,291,quantity,3,3,N01-field-alias-or-whitespace
amazon-2025-09.csv,291,unit_price_usd,59.99,59.99,N01-field-alias-or-whitespace
amazon-2025-09.csv,292,order_date,2025-09-20,2025-09-20,N01-field-alias-or-whitespace
amazon-2025-09.csv,292,country, ca ,ca,N01-field-alias-or-whitespace
amazon-2025-09.csv,292,quantity,1,1,N01-field-alias-or-whitespace
amazon-2025-09.csv,292,unit_price_usd,79.99,79.99,N01-field-alias-or-whitespace
amazon-2025-09.csv,293,order_date,2025-09-20,2025-09-20,N01-field-alias-or-whitespace
amazon-2025-09.csv,293,quantity,3,3,N01-field-alias-or-whitespace
amazon-2025-09.csv,293,unit_price_usd,39.99,39.99,N01-field-alias-or-whitespace
amazon-2025-09.csv,294,order_date,2025-09-20,2025-09-20,N01-field-alias-or-whitespace
amazon-2025-09.csv,294,quantity,2,2,N01-field-alias-or-whitespace
amazon-2025-09.csv,294,unit_price_usd,24.99,24.99,N01-field-alias-or-whitespace
amazon-2025-09.csv,295,order_date,2025-09-20,2025-09-20,N01-field-alias-or-whitespace
amazon-2025-09.csv,295,quantity,1,1,N01-field-alias-or-whitespace
amazon-2025-09.csv,295,unit_price_usd,14.99,14.99,N01-field-alias-or-whitespace
amazon-2025-09.csv,296,order_date,2025-09-21,2025-09-21,N01-field-alias-or-whitespace
amazon-2025-09.csv,296,quantity,1,1,N01-field-alias-or-whitespace
amazon-2025-09.csv,296,unit_price_usd,79.99,79.99,N01-field-alias-or-whitespace
amazon-2025-09.csv,297,order_date,2025-09-21,2025-09-21,N01-field-alias-or-whitespace
amazon-2025-09.csv,297,quantity,1,1,N01-field-alias-or-whitespace
amazon-2025-09.csv,297,unit_price_usd,59.99,59.99,N01-field-alias-or-whitespace
amazon-2025-09.csv,298,order_date,2025-09-21,2025-09-21,N01-field-alias-or-whitespace
amazon-2025-09.csv,298,quantity,1,1,N01-field-alias-or-whitespace
amazon-2025-09.csv,298,unit_price_usd,24.99,24.99,N01-field-alias-or-whitespace
amazon-2025-09.csv,299,order_date,2025-09-21,2025-09-21,N01-field-alias-or-whitespace
amazon-2025-09.csv,299,quantity,1,1,N01-field-alias-or-whitespace
amazon-2025-09.csv,299,unit_price_usd,24.99,24.99,N01-field-alias-or-whitespace
amazon-2025-09.csv,300,order_date,2025-09-21,2025-09-21,N01-field-alias-or-whitespace
amazon-2025-09.csv,300,quantity,3,3,N01-field-alias-or-whitespace
amazon-2025-09.csv,300,unit_price_usd,24.99,24.99,N01-field-alias-or-whitespace
amazon-2025-09.csv,301,order_date,2025-09-21,2025-09-21,N01-field-alias-or-whitespace
amazon-2025-09.csv,301,quantity,3,3,N01-field-alias-or-whitespace
amazon-2025-09.csv,301,unit_price_usd,39.99,39.99,N01-field-alias-or-whitespace
amazon-2025-09.csv,302,order_date,2025-09-21,2025-09-21,N01-field-alias-or-whitespace
amazon-2025-09.csv,302,quantity,3,3,N01-field-alias-or-whitespace
amazon-2025-09.csv,302,unit_price_usd,79.99,79.99,N01-field-alias-or-whitespace
amazon-2025-09.csv,303,order_date,2025-09-21,2025-09-21,N01-field-alias-or-whitespace
amazon-2025-09.csv,303,quantity,3,3,N01-field-alias-or-whitespace
amazon-2025-09.csv,303,unit_price_usd,24.99,24.99,N01-field-alias-or-whitespace
amazon-2025-09.csv,304,order_date,2025-09-21,2025-09-21,N01-field-alias-or-whitespace
amazon-2025-09.csv,304,quantity,1,1,N01-field-alias-or-whitespace
amazon-2025-09.csv,304,unit_price_usd,24.99,24.99,N01-field-alias-or-whitespace
amazon-2025-09.csv,305,order_date,2025-09-21,2025-09-21,N01-field-alias-or-whitespace
amazon-2025-09.csv,305,quantity,1,1,N01-field-alias-or-whitespace
amazon-2025-09.csv,305,unit_price_usd,39.99,39.99,N01-field-alias-or-whitespace
amazon-2025-09.csv,306,order_date,2025-09-21,2025-09-21,N01-field-alias-or-whitespace
amazon-2025-09.csv,306,quantity,3,3,N01-field-alias-or-whitespace
amazon-2025-09.csv,306,unit_price_usd,79.99,79.99,N01-field-alias-or-whitespace
amazon-2025-09.csv,307,order_date,2025-09-21,2025-09-21,N01-field-alias-or-whitespace
amazon-2025-09.csv,307,quantity,2,2,N01-field-alias-or-whitespace
amazon-2025-09.csv,307,unit_price_usd,14.99,14.99,N01-field-alias-or-whitespace
amazon-2025-09.csv,308,order_date,2025-09-21,2025-09-21,N01-field-alias-or-whitespace
amazon-2025-09.csv,308,quantity,2,2,N01-field-alias-or-whitespace
amazon-2025-09.csv,308,unit_price_usd,59.99,59.99,N01-field-alias-or-whitespace
amazon-2025-09.csv,309,order_date,2025-09-21,2025-09-21,N01-field-alias-or-whitespace
amazon-2025-09.csv,309,country, uk ,uk,N01-field-alias-or-whitespace
amazon-2025-09.csv,309,quantity,1,1,N01-field-alias-or-whitespace
amazon-2025-09.csv,309,unit_price_usd,39.99,39.99,N01-field-alias-or-whitespace
amazon-2025-09.csv,310,order_date,2025-09-21,2025-09-21,N01-field-alias-or-whitespace
amazon-2025-09.csv,310,quantity,1,1,N01-field-alias-or-whitespace
amazon-2025-09.csv,310,unit_price_usd,$24.99,$24.99,N01-field-alias-or-whitespace
amazon-2025-09.csv,311,order_date,2025-09-22,2025-09-22,N01-field-alias-or-whitespace
amazon-2025-09.csv,311,quantity,1,1,N01-field-alias-or-whitespace
amazon-2025-09.csv,311,unit_price_usd,14.99,14.99,N01-field-alias-or-whitespace
amazon-2025-09.csv,312,order_date,2025-09-22,2025-09-22,N01-field-alias-or-whitespace
amazon-2025-09.csv,312,country, ca ,ca,N01-field-alias-or-whitespace
amazon-2025-09.csv,312,quantity,1,1,N01-field-alias-or-whitespace
amazon-2025-09.csv,312,unit_price_usd,59.99,59.99,N01-field-alias-or-whitespace
amazon-2025-09.csv,313,order_date,2025-09-22,2025-09-22,N01-field-alias-or-whitespace
amazon-2025-09.csv,313,quantity,1,1,N01-field-alias-or-whitespace
amazon-2025-09.csv,313,unit_price_usd,14.99,14.99,N01-field-alias-or-whitespace
amazon-2025-09.csv,314,order_date,2025-09-22,2025-09-22,N01-field-alias-or-whitespace
amazon-2025-09.csv,314,quantity,1,1,N01-field-alias-or-whitespace
amazon-2025-09.csv,314,unit_price_usd,24.99,24.99,N01-field-alias-or-whitespace
amazon-2025-09.csv,315,order_date,2025-09-22,2025-09-22,N01-field-alias-or-whitespace
amazon-2025-09.csv,315,quantity,3,3,N01-field-alias-or-whitespace
amazon-2025-09.csv,315,unit_price_usd,$14.99,$14.99,N01-field-alias-or-whitespace
amazon-2025-09.csv,316,order_date,2025-09-22,2025-09-22,N01-field-alias-or-whitespace
amazon-2025-09.csv,316,quantity,3,3,N01-field-alias-or-whitespace
amazon-2025-09.csv,316,unit_price_usd,14.99,14.99,N01-field-alias-or-whitespace
amazon-2025-09.csv,317,order_date,2025-09-22,2025-09-22,N01-field-alias-or-whitespace
amazon-2025-09.csv,317,quantity,2,2,N01-field-alias-or-whitespace
amazon-2025-09.csv,317,unit_price_usd,39.99,39.99,N01-field-alias-or-whitespace
amazon-2025-09.csv,318,order_date,2025-09-22,2025-09-22,N01-field-alias-or-whitespace
amazon-2025-09.csv,318,quantity,3,3,N01-field-alias-or-whitespace
amazon-2025-09.csv,318,unit_price_usd,24.99,24.99,N01-field-alias-or-whitespace
amazon-2025-09.csv,319,order_date,2025-09-22,2025-09-22,N01-field-alias-or-whitespace
amazon-2025-09.csv,319,quantity,3,3,N01-field-alias-or-whitespace
amazon-2025-09.csv,319,unit_price_usd,14.99,14.99,N01-field-alias-or-whitespace
amazon-2025-09.csv,320,order_date,2025-09-22,2025-09-22,N01-field-alias-or-whitespace
amazon-2025-09.csv,320,quantity,1,1,N01-field-alias-or-whitespace
amazon-2025-09.csv,320,unit_price_usd,59.99,59.99,N01-field-alias-or-whitespace
amazon-2025-09.csv,321,order_date,2025-09-22,2025-09-22,N01-field-alias-or-whitespace
amazon-2025-09.csv,321,quantity,2,2,N01-field-alias-or-whitespace
amazon-2025-09.csv,321,unit_price_usd,59.99,59.99,N01-field-alias-or-whitespace
amazon-2025-09.csv,322,order_date,2025-09-22,2025-09-22,N01-field-alias-or-whitespace
amazon-2025-09.csv,322,quantity,1,1,N01-field-alias-or-whitespace
amazon-2025-09.csv,322,unit_price_usd,39.99,39.99,N01-field-alias-or-whitespace
amazon-2025-09.csv,323,order_date,2025-09-22,2025-09-22,N01-field-alias-or-whitespace
amazon-2025-09.csv,323,quantity,2,2,N01-field-alias-or-whitespace
amazon-2025-09.csv,323,unit_price_usd,79.99,79.99,N01-field-alias-or-whitespace
amazon-2025-09.csv,324,order_date,2025-09-22,2025-09-22,N01-field-alias-or-whitespace
amazon-2025-09.csv,324,quantity,2,2,N01-field-alias-or-whitespace
amazon-2025-09.csv,324,unit_price_usd,59.99,59.99,N01-field-alias-or-whitespace
amazon-2025-09.csv,325,order_date,2025/09/22,2025/09/22,N01-field-alias-or-whitespace
amazon-2025-09.csv,325,quantity,2,2,N01-field-alias-or-whitespace
amazon-2025-09.csv,325,unit_price_usd,39.99,39.99,N01-field-alias-or-whitespace
amazon-2025-09.csv,326,order_date,2025-09-22,2025-09-22,N01-field-alias-or-whitespace
amazon-2025-09.csv,326,quantity,2,2,N01-field-alias-or-whitespace
amazon-2025-09.csv,326,unit_price_usd,79.99,79.99,N01-field-alias-or-whitespace
amazon-2025-09.csv,327,order_date,2025-09-23,2025-09-23,N01-field-alias-or-whitespace
amazon-2025-09.csv,327,quantity,2,2,N01-field-alias-or-whitespace
amazon-2025-09.csv,327,unit_price_usd,59.99,59.99,N01-field-alias-or-whitespace
amazon-2025-09.csv,328,order_date,2025-09-23,2025-09-23,N01-field-alias-or-whitespace
amazon-2025-09.csv,328,quantity,3,3,N01-field-alias-or-whitespace
amazon-2025-09.csv,328,unit_price_usd,79.99,79.99,N01-field-alias-or-whitespace
amazon-2025-09.csv,329,order_date,2025-09-23,2025-09-23,N01-field-alias-or-whitespace
amazon-2025-09.csv,329,country, de ,de,N01-field-alias-or-whitespace
amazon-2025-09.csv,329,quantity,2,2,N01-field-alias-or-whitespace
amazon-2025-09.csv,329,unit_price_usd,24.99,24.99,N01-field-alias-or-whitespace
amazon-2025-09.csv,330,order_date,2025-09-23,2025-09-23,N01-field-alias-or-whitespace
amazon-2025-09.csv,330,quantity,3,3,N01-field-alias-or-whitespace
amazon-2025-09.csv,330,unit_price_usd,39.99,39.99,N01-field-alias-or-whitespace
amazon-2025-09.csv,331,order_date,2025/09/23,2025/09/23,N01-field-alias-or-whitespace
amazon-2025-09.csv,331,quantity,1,1,N01-field-alias-or-whitespace
amazon-2025-09.csv,331,unit_price_usd,24.99,24.99,N01-field-alias-or-whitespace
amazon-2025-09.csv,332,order_date,2025-09-23,2025-09-23,N01-field-alias-or-whitespace
amazon-2025-09.csv,332,quantity,2,2,N01-field-alias-or-whitespace
amazon-2025-09.csv,332,unit_price_usd,59.99,59.99,N01-field-alias-or-whitespace
amazon-2025-09.csv,333,order_date,2025-09-23,2025-09-23,N01-field-alias-or-whitespace
amazon-2025-09.csv,333,quantity,2,2,N01-field-alias-or-whitespace
amazon-2025-09.csv,333,unit_price_usd,39.99,39.99,N01-field-alias-or-whitespace
amazon-2025-09.csv,334,order_date,2025-09-23,2025-09-23,N01-field-alias-or-whitespace
amazon-2025-09.csv,334,quantity,1,1,N01-field-alias-or-whitespace
amazon-2025-09.csv,334,unit_price_usd,24.99,24.99,N01-field-alias-or-whitespace
amazon-2025-09.csv,335,order_date,2025-09-23,2025-09-23,N01-field-alias-or-whitespace
amazon-2025-09.csv,335,quantity,1,1,N01-field-alias-or-whitespace
amazon-2025-09.csv,335,unit_price_usd,24.99,24.99,N01-field-alias-or-whitespace
amazon-2025-09.csv,336,order_date,2025-09-23,2025-09-23,N01-field-alias-or-whitespace
amazon-2025-09.csv,336,quantity,2,2,N01-field-alias-or-whitespace
amazon-2025-09.csv,336,unit_price_usd,$39.99,$39.99,N01-field-alias-or-whitespace
amazon-2025-09.csv,337,order_date,2025-09-23,2025-09-23,N01-field-alias-or-whitespace
amazon-2025-09.csv,337,quantity,3,3,N01-field-alias-or-whitespace
amazon-2025-09.csv,337,unit_price_usd,59.99,59.99,N01-field-alias-or-whitespace
amazon-2025-09.csv,338,order_date,2025-09-23,2025-09-23,N01-field-alias-or-whitespace
amazon-2025-09.csv,338,quantity,1,1,N01-field-alias-or-whitespace
amazon-2025-09.csv,338,unit_price_usd,39.99,39.99,N01-field-alias-or-whitespace
amazon-2025-09.csv,339,order_date,2025-09-23,2025-09-23,N01-field-alias-or-whitespace
amazon-2025-09.csv,339,quantity,3,3,N01-field-alias-or-whitespace
amazon-2025-09.csv,339,unit_price_usd,24.99,24.99,N01-field-alias-or-whitespace
amazon-2025-09.csv,340,order_date,2025-09-23,2025-09-23,N01-field-alias-or-whitespace
amazon-2025-09.csv,340,quantity,2,2,N01-field-alias-or-whitespace
amazon-2025-09.csv,340,unit_price_usd,79.99,79.99,N01-field-alias-or-whitespace
amazon-2025-09.csv,341,order_date,2025-09-23,2025-09-23,N01-field-alias-or-whitespace
amazon-2025-09.csv,341,quantity,1,1,N01-field-alias-or-whitespace
amazon-2025-09.csv,341,unit_price_usd,39.99,39.99,N01-field-alias-or-whitespace
amazon-2025-09.csv,342,order_date,2025-09-23,2025-09-23,N01-field-alias-or-whitespace
amazon-2025-09.csv,342,quantity,3,3,N01-field-alias-or-whitespace
amazon-2025-09.csv,342,unit_price_usd,24.99,24.99,N01-field-alias-or-whitespace
amazon-2025-09.csv,343,order_date,2025-09-24,2025-09-24,N01-field-alias-or-whitespace
amazon-2025-09.csv,343,quantity,1,1,N01-field-alias-or-whitespace
amazon-2025-09.csv,343,unit_price_usd,79.99,79.99,N01-field-alias-or-whitespace
amazon-2025-09.csv,344,order_date,2025-09-24,2025-09-24,N01-field-alias-or-whitespace
amazon-2025-09.csv,344,quantity,3,3,N01-field-alias-or-whitespace
amazon-2025-09.csv,344,unit_price_usd,79.99,79.99,N01-field-alias-or-whitespace
amazon-2025-09.csv,345,order_date,2025-09-24,2025-09-24,N01-field-alias-or-whitespace
amazon-2025-09.csv,345,quantity,3,3,N01-field-alias-or-whitespace
amazon-2025-09.csv,345,unit_price_usd,39.99,39.99,N01-field-alias-or-whitespace
amazon-2025-09.csv,346,order_date,2025-09-24,2025-09-24,N01-field-alias-or-whitespace
amazon-2025-09.csv,346,country, us ,us,N01-field-alias-or-whitespace
amazon-2025-09.csv,346,quantity,1,1,N01-field-alias-or-whitespace
amazon-2025-09.csv,346,unit_price_usd,24.99,24.99,N01-field-alias-or-whitespace
amazon-2025-09.csv,347,order_date,2025-09-24,2025-09-24,N01-field-alias-or-whitespace
amazon-2025-09.csv,347,quantity,1,1,N01-field-alias-or-whitespace
amazon-2025-09.csv,347,unit_price_usd,14.99,14.99,N01-field-alias-or-whitespace
amazon-2025-09.csv,348,order_date,2025-09-24,2025-09-24,N01-field-alias-or-whitespace
amazon-2025-09.csv,348,quantity,1,1,N01-field-alias-or-whitespace
amazon-2025-09.csv,348,unit_price_usd,24.99,24.99,N01-field-alias-or-whitespace
amazon-2025-09.csv,349,order_date,2025-09-24,2025-09-24,N01-field-alias-or-whitespace
amazon-2025-09.csv,349,quantity,3,3,N01-field-alias-or-whitespace
amazon-2025-09.csv,349,unit_price_usd,59.99,59.99,N01-field-alias-or-whitespace
amazon-2025-09.csv,350,order_date,2025-09-24,2025-09-24,N01-field-alias-or-whitespace
amazon-2025-09.csv,350,quantity,1,1,N01-field-alias-or-whitespace
amazon-2025-09.csv,350,unit_price_usd,79.99,79.99,N01-field-alias-or-whitespace
amazon-2025-09.csv,351,order_date,2025-09-24,2025-09-24,N01-field-alias-or-whitespace
amazon-2025-09.csv,351,quantity,3,3,N01-field-alias-or-whitespace
amazon-2025-09.csv,351,unit_price_usd,39.99,39.99,N01-field-alias-or-whitespace
amazon-2025-09.csv,352,order_date,2025-09-24,2025-09-24,N01-field-alias-or-whitespace
amazon-2025-09.csv,352,quantity,3,3,N01-field-alias-or-whitespace
amazon-2025-09.csv,352,unit_price_usd,59.99,59.99,N01-field-alias-or-whitespace
amazon-2025-09.csv,353,order_date,2025-09-24,2025-09-24,N01-field-alias-or-whitespace
amazon-2025-09.csv,353,quantity,1,1,N01-field-alias-or-whitespace
amazon-2025-09.csv,353,unit_price_usd,79.99,79.99,N01-field-alias-or-whitespace
amazon-2025-09.csv,354,order_date,2025-09-24,2025-09-24,N01-field-alias-or-whitespace
amazon-2025-09.csv,354,quantity,3,3,N01-field-alias-or-whitespace
amazon-2025-09.csv,354,unit_price_usd,14.99,14.99,N01-field-alias-or-whitespace
amazon-2025-09.csv,355,order_date,2025-09-24,2025-09-24,N01-field-alias-or-whitespace
amazon-2025-09.csv,355,quantity,1,1,N01-field-alias-or-whitespace
amazon-2025-09.csv,355,unit_price_usd,59.99,59.99,N01-field-alias-or-whitespace
amazon-2025-09.csv,356,order_date,2025-09-24,2025-09-24,N01-field-alias-or-whitespace
amazon-2025-09.csv,356,quantity,1,1,N01-field-alias-or-whitespace
amazon-2025-09.csv,356,unit_price_usd,39.99,39.99,N01-field-alias-or-whitespace
amazon-2025-09.csv,357,order_date,2025-09-25,2025-09-25,N01-field-alias-or-whitespace
amazon-2025-09.csv,357,quantity,2,2,N01-field-alias-or-whitespace
amazon-2025-09.csv,357,unit_price_usd,39.99,39.99,N01-field-alias-or-whitespace
amazon-2025-09.csv,358,order_date,2025-09-25,2025-09-25,N01-field-alias-or-whitespace
amazon-2025-09.csv,358,quantity,2,2,N01-field-alias-or-whitespace
amazon-2025-09.csv,358,unit_price_usd,59.99,59.99,N01-field-alias-or-whitespace
amazon-2025-09.csv,359,order_date,2025-09-25,2025-09-25,N01-field-alias-or-whitespace
amazon-2025-09.csv,359,quantity,3,3,N01-field-alias-or-whitespace
amazon-2025-09.csv,359,unit_price_usd,39.99,39.99,N01-field-alias-or-whitespace
amazon-2025-09.csv,360,order_date,2025-09-25,2025-09-25,N01-field-alias-or-whitespace
amazon-2025-09.csv,360,quantity,1,1,N01-field-alias-or-whitespace
amazon-2025-09.csv,360,unit_price_usd,14.99,14.99,N01-field-alias-or-whitespace
amazon-2025-09.csv,361,order_date,2025-09-25,2025-09-25,N01-field-alias-or-whitespace
amazon-2025-09.csv,361,quantity,3,3,N01-field-alias-or-whitespace
amazon-2025-09.csv,361,unit_price_usd,$59.99,$59.99,N01-field-alias-or-whitespace
amazon-2025-09.csv,362,order_date,2025-09-25,2025-09-25,N01-field-alias-or-whitespace
amazon-2025-09.csv,362,quantity,3,3,N01-field-alias-or-whitespace
amazon-2025-09.csv,362,unit_price_usd,24.99,24.99,N01-field-alias-or-whitespace
amazon-2025-09.csv,363,order_date,2025-09-25,2025-09-25,N01-field-alias-or-whitespace
amazon-2025-09.csv,363,quantity,1,1,N01-field-alias-or-whitespace
amazon-2025-09.csv,363,unit_price_usd,24.99,24.99,N01-field-alias-or-whitespace
amazon-2025-09.csv,364,order_date,2025-09-25,2025-09-25,N01-field-alias-or-whitespace
amazon-2025-09.csv,364,quantity,3,3,N01-field-alias-or-whitespace
amazon-2025-09.csv,364,unit_price_usd,14.99,14.99,N01-field-alias-or-whitespace
amazon-2025-09.csv,365,order_date,2025-09-25,2025-09-25,N01-field-alias-or-whitespace
amazon-2025-09.csv,365,country, ca ,ca,N01-field-alias-or-whitespace
amazon-2025-09.csv,365,quantity,3,3,N01-field-alias-or-whitespace
amazon-2025-09.csv,365,unit_price_usd,79.99,79.99,N01-field-alias-or-whitespace
amazon-2025-09.csv,366,order_date,2025-09-25,2025-09-25,N01-field-alias-or-whitespace
amazon-2025-09.csv,366,quantity,1,1,N01-field-alias-or-whitespace
amazon-2025-09.csv,366,unit_price_usd,59.99,59.99,N01-field-alias-or-whitespace
amazon-2025-09.csv,367,order_date,2025-09-25,2025-09-25,N01-field-alias-or-whitespace
amazon-2025-09.csv,367,quantity,2,2,N01-field-alias-or-whitespace
amazon-2025-09.csv,367,unit_price_usd,24.99,24.99,N01-field-alias-or-whitespace
amazon-2025-09.csv,368,order_date,2025/09/25,2025/09/25,N01-field-alias-or-whitespace
amazon-2025-09.csv,368,quantity,1,1,N01-field-alias-or-whitespace
amazon-2025-09.csv,368,unit_price_usd,39.99,39.99,N01-field-alias-or-whitespace
amazon-2025-09.csv,369,order_date,2025-09-25,2025-09-25,N01-field-alias-or-whitespace
amazon-2025-09.csv,369,quantity,3,3,N01-field-alias-or-whitespace
amazon-2025-09.csv,369,unit_price_usd,59.99,59.99,N01-field-alias-or-whitespace
amazon-2025-09.csv,370,order_date,2025-09-25,2025-09-25,N01-field-alias-or-whitespace
amazon-2025-09.csv,370,quantity,3,3,N01-field-alias-or-whitespace
amazon-2025-09.csv,370,unit_price_usd,59.99,59.99,N01-field-alias-or-whitespace
amazon-2025-09.csv,371,order_date,2025-09-25,2025-09-25,N01-field-alias-or-whitespace
amazon-2025-09.csv,371,quantity,3,3,N01-field-alias-or-whitespace
amazon-2025-09.csv,371,unit_price_usd,24.99,24.99,N01-field-alias-or-whitespace
amazon-2025-09.csv,372,order_date,2025-09-25,2025-09-25,N01-field-alias-or-whitespace
amazon-2025-09.csv,372,quantity,1,1,N01-field-alias-or-whitespace
amazon-2025-09.csv,372,unit_price_usd,24.99,24.99,N01-field-alias-or-whitespace
amazon-2025-09.csv,373,order_date,2025-09-25,2025-09-25,N01-field-alias-or-whitespace
amazon-2025-09.csv,373,quantity,1,1,N01-field-alias-or-whitespace
amazon-2025-09.csv,373,unit_price_usd,59.99,59.99,N01-field-alias-or-whitespace
amazon-2025-09.csv,374,order_date,2025-09-25,2025-09-25,N01-field-alias-or-whitespace
amazon-2025-09.csv,374,quantity,3,3,N01-field-alias-or-whitespace
amazon-2025-09.csv,374,unit_price_usd,14.99,14.99,N01-field-alias-or-whitespace
amazon-2025-09.csv,375,order_date,2025-09-26,2025-09-26,N01-field-alias-or-whitespace
amazon-2025-09.csv,375,quantity,2,2,N01-field-alias-or-whitespace
amazon-2025-09.csv,375,unit_price_usd,39.99,39.99,N01-field-alias-or-whitespace
amazon-2025-09.csv,376,order_date,2025-09-26,2025-09-26,N01-field-alias-or-whitespace
amazon-2025-09.csv,376,quantity,3,3,N01-field-alias-or-whitespace
amazon-2025-09.csv,376,unit_price_usd,59.99,59.99,N01-field-alias-or-whitespace
amazon-2025-09.csv,377,order_date,2025/09/26,2025/09/26,N01-field-alias-or-whitespace
amazon-2025-09.csv,377,quantity,1,1,N01-field-alias-or-whitespace
amazon-2025-09.csv,377,unit_price_usd,14.99,14.99,N01-field-alias-or-whitespace
amazon-2025-09.csv,378,order_date,2025-09-26,2025-09-26,N01-field-alias-or-whitespace
amazon-2025-09.csv,378,quantity,3,3,N01-field-alias-or-whitespace
amazon-2025-09.csv,378,unit_price_usd,24.99,24.99,N01-field-alias-or-whitespace
amazon-2025-09.csv,379,order_date,2025-09-26,2025-09-26,N01-field-alias-or-whitespace
amazon-2025-09.csv,379,quantity,3,3,N01-field-alias-or-whitespace
amazon-2025-09.csv,379,unit_price_usd,24.99,24.99,N01-field-alias-or-whitespace
amazon-2025-09.csv,380,order_date,2025-09-26,2025-09-26,N01-field-alias-or-whitespace
amazon-2025-09.csv,380,quantity,3,3,N01-field-alias-or-whitespace
amazon-2025-09.csv,380,unit_price_usd,14.99,14.99,N01-field-alias-or-whitespace
amazon-2025-09.csv,381,order_date,2025-09-26,2025-09-26,N01-field-alias-or-whitespace
amazon-2025-09.csv,381,quantity,2,2,N01-field-alias-or-whitespace
amazon-2025-09.csv,381,unit_price_usd,79.99,79.99,N01-field-alias-or-whitespace
amazon-2025-09.csv,382,order_date,2025-09-26,2025-09-26,N01-field-alias-or-whitespace
amazon-2025-09.csv,382,quantity,3,3,N01-field-alias-or-whitespace
amazon-2025-09.csv,382,unit_price_usd,79.99,79.99,N01-field-alias-or-whitespace
amazon-2025-09.csv,383,order_date,2025-09-26,2025-09-26,N01-field-alias-or-whitespace
amazon-2025-09.csv,383,quantity,1,1,N01-field-alias-or-whitespace
amazon-2025-09.csv,383,unit_price_usd,24.99,24.99,N01-field-alias-or-whitespace
amazon-2025-09.csv,384,order_date,2025-09-26,2025-09-26,N01-field-alias-or-whitespace
amazon-2025-09.csv,384,quantity,2,2,N01-field-alias-or-whitespace
amazon-2025-09.csv,384,unit_price_usd,24.99,24.99,N01-field-alias-or-whitespace
amazon-2025-09.csv,385,order_date,2025-09-26,2025-09-26,N01-field-alias-or-whitespace
amazon-2025-09.csv,385,country, de ,de,N01-field-alias-or-whitespace
amazon-2025-09.csv,385,quantity,2,2,N01-field-alias-or-whitespace
amazon-2025-09.csv,385,unit_price_usd,$79.99,$79.99,N01-field-alias-or-whitespace
amazon-2025-09.csv,386,order_date,2025-09-26,2025-09-26,N01-field-alias-or-whitespace
amazon-2025-09.csv,386,quantity,1,1,N01-field-alias-or-whitespace
amazon-2025-09.csv,386,unit_price_usd,79.99,79.99,N01-field-alias-or-whitespace
amazon-2025-09.csv,387,order_date,2025-09-26,2025-09-26,N01-field-alias-or-whitespace
amazon-2025-09.csv,387,quantity,2,2,N01-field-alias-or-whitespace
amazon-2025-09.csv,387,unit_price_usd,79.99,79.99,N01-field-alias-or-whitespace
amazon-2025-09.csv,388,order_date,2025-09-26,2025-09-26,N01-field-alias-or-whitespace
amazon-2025-09.csv,388,quantity,3,3,N01-field-alias-or-whitespace
amazon-2025-09.csv,388,unit_price_usd,14.99,14.99,N01-field-alias-or-whitespace
amazon-2025-09.csv,389,order_date,2025-09-27,2025-09-27,N01-field-alias-or-whitespace
amazon-2025-09.csv,389,quantity,1,1,N01-field-alias-or-whitespace
amazon-2025-09.csv,389,unit_price_usd,24.99,24.99,N01-field-alias-or-whitespace
amazon-2025-09.csv,390,order_date,2025-09-27,2025-09-27,N01-field-alias-or-whitespace
amazon-2025-09.csv,390,quantity,3,3,N01-field-alias-or-whitespace
amazon-2025-09.csv,390,unit_price_usd,$14.99,$14.99,N01-field-alias-or-whitespace
amazon-2025-09.csv,391,order_date,2025-09-27,2025-09-27,N01-field-alias-or-whitespace
amazon-2025-09.csv,391,quantity,2,2,N01-field-alias-or-whitespace
amazon-2025-09.csv,391,unit_price_usd,59.99,59.99,N01-field-alias-or-whitespace
amazon-2025-09.csv,392,order_date,2025-09-27,2025-09-27,N01-field-alias-or-whitespace
amazon-2025-09.csv,392,quantity,2,2,N01-field-alias-or-whitespace
amazon-2025-09.csv,392,unit_price_usd,79.99,79.99,N01-field-alias-or-whitespace
amazon-2025-09.csv,393,order_date,2025-09-27,2025-09-27,N01-field-alias-or-whitespace
amazon-2025-09.csv,393,quantity,2,2,N01-field-alias-or-whitespace
amazon-2025-09.csv,393,unit_price_usd,59.99,59.99,N01-field-alias-or-whitespace
amazon-2025-09.csv,394,order_date,2025-09-27,2025-09-27,N01-field-alias-or-whitespace
amazon-2025-09.csv,394,quantity,1,1,N01-field-alias-or-whitespace
amazon-2025-09.csv,394,unit_price_usd,24.99,24.99,N01-field-alias-or-whitespace
amazon-2025-09.csv,395,order_date,2025-09-27,2025-09-27,N01-field-alias-or-whitespace
amazon-2025-09.csv,395,quantity,3,3,N01-field-alias-or-whitespace
amazon-2025-09.csv,395,unit_price_usd,39.99,39.99,N01-field-alias-or-whitespace
amazon-2025-09.csv,396,order_date,2025-09-27,2025-09-27,N01-field-alias-or-whitespace
amazon-2025-09.csv,396,quantity,3,3,N01-field-alias-or-whitespace
amazon-2025-09.csv,396,unit_price_usd,39.99,39.99,N01-field-alias-or-whitespace
amazon-2025-09.csv,397,order_date,2025-09-27,2025-09-27,N01-field-alias-or-whitespace
amazon-2025-09.csv,397,quantity,2,2,N01-field-alias-or-whitespace
amazon-2025-09.csv,397,unit_price_usd,24.99,24.99,N01-field-alias-or-whitespace
amazon-2025-09.csv,398,order_date,2025-09-27,2025-09-27,N01-field-alias-or-whitespace
amazon-2025-09.csv,398,quantity,2,2,N01-field-alias-or-whitespace
amazon-2025-09.csv,398,unit_price_usd,59.99,59.99,N01-field-alias-or-whitespace
amazon-2025-09.csv,399,order_date,2025-09-27,2025-09-27,N01-field-alias-or-whitespace
amazon-2025-09.csv,399,quantity,2,2,N01-field-alias-or-whitespace
amazon-2025-09.csv,399,unit_price_usd,39.99,39.99,N01-field-alias-or-whitespace
amazon-2025-09.csv,400,order_date,2025-09-27,2025-09-27,N01-field-alias-or-whitespace
amazon-2025-09.csv,400,quantity,3,3,N01-field-alias-or-whitespace
amazon-2025-09.csv,400,unit_price_usd,59.99,59.99,N01-field-alias-or-whitespace
amazon-2025-09.csv,401,order_date,2025-09-27,2025-09-27,N01-field-alias-or-whitespace
amazon-2025-09.csv,401,quantity,2,2,N01-field-alias-or-whitespace
amazon-2025-09.csv,401,unit_price_usd,59.99,59.99,N01-field-alias-or-whitespace
amazon-2025-09.csv,402,order_date,2025-09-27,2025-09-27,N01-field-alias-or-whitespace
amazon-2025-09.csv,402,quantity,2,2,N01-field-alias-or-whitespace
amazon-2025-09.csv,402,unit_price_usd,39.99,39.99,N01-field-alias-or-whitespace
amazon-2025-09.csv,403,order_date,2025-09-27,2025-09-27,N01-field-alias-or-whitespace
amazon-2025-09.csv,403,quantity,1,1,N01-field-alias-or-whitespace
amazon-2025-09.csv,403,unit_price_usd,14.99,14.99,N01-field-alias-or-whitespace
amazon-2025-09.csv,404,order_date,2025-09-27,2025-09-27,N01-field-alias-or-whitespace
amazon-2025-09.csv,404,quantity,1,1,N01-field-alias-or-whitespace
amazon-2025-09.csv,404,unit_price_usd,79.99,79.99,N01-field-alias-or-whitespace
amazon-2025-09.csv,405,order_date,2025-09-28,2025-09-28,N01-field-alias-or-whitespace
amazon-2025-09.csv,405,quantity,2,2,N01-field-alias-or-whitespace
amazon-2025-09.csv,405,unit_price_usd,14.99,14.99,N01-field-alias-or-whitespace
amazon-2025-09.csv,406,order_date,2025-09-28,2025-09-28,N01-field-alias-or-whitespace
amazon-2025-09.csv,406,quantity,1,1,N01-field-alias-or-whitespace
amazon-2025-09.csv,406,unit_price_usd,24.99,24.99,N01-field-alias-or-whitespace
amazon-2025-09.csv,407,order_date,2025-09-28,2025-09-28,N01-field-alias-or-whitespace
amazon-2025-09.csv,407,quantity,2,2,N01-field-alias-or-whitespace
amazon-2025-09.csv,407,unit_price_usd,24.99,24.99,N01-field-alias-or-whitespace
amazon-2025-09.csv,408,order_date,2025-09-28,2025-09-28,N01-field-alias-or-whitespace
amazon-2025-09.csv,408,quantity,3,3,N01-field-alias-or-whitespace
amazon-2025-09.csv,408,unit_price_usd,14.99,14.99,N01-field-alias-or-whitespace
amazon-2025-09.csv,409,order_date,2025-09-28,2025-09-28,N01-field-alias-or-whitespace
amazon-2025-09.csv,409,country, de ,de,N01-field-alias-or-whitespace
amazon-2025-09.csv,409,quantity,1,1,N01-field-alias-or-whitespace
amazon-2025-09.csv,409,unit_price_usd,24.99,24.99,N01-field-alias-or-whitespace
amazon-2025-09.csv,410,order_date,2025-09-28,2025-09-28,N01-field-alias-or-whitespace
amazon-2025-09.csv,410,quantity,2,2,N01-field-alias-or-whitespace
amazon-2025-09.csv,410,unit_price_usd,14.99,14.99,N01-field-alias-or-whitespace
amazon-2025-09.csv,411,order_date,2025-09-28,2025-09-28,N01-field-alias-or-whitespace
amazon-2025-09.csv,411,quantity,1,1,N01-field-alias-or-whitespace
amazon-2025-09.csv,411,unit_price_usd,14.99,14.99,N01-field-alias-or-whitespace
amazon-2025-09.csv,412,order_date,2025-09-28,2025-09-28,N01-field-alias-or-whitespace
amazon-2025-09.csv,412,quantity,1,1,N01-field-alias-or-whitespace
amazon-2025-09.csv,412,unit_price_usd,14.99,14.99,N01-field-alias-or-whitespace
amazon-2025-09.csv,413,order_date,2025-09-28,2025-09-28,N01-field-alias-or-whitespace
amazon-2025-09.csv,413,quantity,2,2,N01-field-alias-or-whitespace
amazon-2025-09.csv,413,unit_price_usd,39.99,39.99,N01-field-alias-or-whitespace
amazon-2025-09.csv,414,order_date,2025-09-28,2025-09-28,N01-field-alias-or-whitespace
amazon-2025-09.csv,414,quantity,1,1,N01-field-alias-or-whitespace
amazon-2025-09.csv,414,unit_price_usd,24.99,24.99,N01-field-alias-or-whitespace
amazon-2025-09.csv,415,order_date,2025-09-28,2025-09-28,N01-field-alias-or-whitespace
amazon-2025-09.csv,415,quantity,2,2,N01-field-alias-or-whitespace
amazon-2025-09.csv,415,unit_price_usd,$24.99,$24.99,N01-field-alias-or-whitespace
amazon-2025-09.csv,416,order_date,2025-09-28,2025-09-28,N01-field-alias-or-whitespace
amazon-2025-09.csv,416,quantity,2,2,N01-field-alias-or-whitespace
amazon-2025-09.csv,416,unit_price_usd,59.99,59.99,N01-field-alias-or-whitespace
amazon-2025-09.csv,417,order_date,2025-09-28,2025-09-28,N01-field-alias-or-whitespace
amazon-2025-09.csv,417,quantity,3,3,N01-field-alias-or-whitespace
amazon-2025-09.csv,417,unit_price_usd,39.99,39.99,N01-field-alias-or-whitespace
amazon-2025-09.csv,418,order_date,2025-09-28,2025-09-28,N01-field-alias-or-whitespace
amazon-2025-09.csv,418,quantity,2,2,N01-field-alias-or-whitespace
amazon-2025-09.csv,418,unit_price_usd,14.99,14.99,N01-field-alias-or-whitespace
amazon-2025-09.csv,419,order_date,2025-09-29,2025-09-29,N01-field-alias-or-whitespace
amazon-2025-09.csv,419,quantity,3,3,N01-field-alias-or-whitespace
amazon-2025-09.csv,419,unit_price_usd,$59.99,$59.99,N01-field-alias-or-whitespace
amazon-2025-09.csv,420,order_date,2025-09-29,2025-09-29,N01-field-alias-or-whitespace
amazon-2025-09.csv,420,quantity,3,3,N01-field-alias-or-whitespace
amazon-2025-09.csv,420,unit_price_usd,79.99,79.99,N01-field-alias-or-whitespace
amazon-2025-09.csv,421,order_date,2025-09-29,2025-09-29,N01-field-alias-or-whitespace
amazon-2025-09.csv,421,quantity,2,2,N01-field-alias-or-whitespace
amazon-2025-09.csv,421,unit_price_usd,59.99,59.99,N01-field-alias-or-whitespace
amazon-2025-09.csv,422,order_date,2025-09-29,2025-09-29,N01-field-alias-or-whitespace
amazon-2025-09.csv,422,quantity,2,2,N01-field-alias-or-whitespace
amazon-2025-09.csv,422,unit_price_usd,79.99,79.99,N01-field-alias-or-whitespace
amazon-2025-09.csv,423,order_date,2025-09-29,2025-09-29,N01-field-alias-or-whitespace
amazon-2025-09.csv,423,quantity,1,1,N01-field-alias-or-whitespace
amazon-2025-09.csv,423,unit_price_usd,59.99,59.99,N01-field-alias-or-whitespace
amazon-2025-09.csv,424,order_date,2025-09-29,2025-09-29,N01-field-alias-or-whitespace
amazon-2025-09.csv,424,quantity,1,1,N01-field-alias-or-whitespace
amazon-2025-09.csv,424,unit_price_usd,14.99,14.99,N01-field-alias-or-whitespace
amazon-2025-09.csv,425,order_date,2025-09-29,2025-09-29,N01-field-alias-or-whitespace
amazon-2025-09.csv,425,quantity,1,1,N01-field-alias-or-whitespace
amazon-2025-09.csv,425,unit_price_usd,59.99,59.99,N01-field-alias-or-whitespace
amazon-2025-09.csv,426,order_date,2025-09-29,2025-09-29,N01-field-alias-or-whitespace
amazon-2025-09.csv,426,quantity,2,2,N01-field-alias-or-whitespace
amazon-2025-09.csv,426,unit_price_usd,79.99,79.99,N01-field-alias-or-whitespace
amazon-2025-09.csv,427,order_date,2025/09/29,2025/09/29,N01-field-alias-or-whitespace
amazon-2025-09.csv,427,quantity,3,3,N01-field-alias-or-whitespace
amazon-2025-09.csv,427,unit_price_usd,24.99,24.99,N01-field-alias-or-whitespace
amazon-2025-09.csv,428,order_date,2025-09-29,2025-09-29,N01-field-alias-or-whitespace
amazon-2025-09.csv,428,country, de ,de,N01-field-alias-or-whitespace
amazon-2025-09.csv,428,quantity,1,1,N01-field-alias-or-whitespace
amazon-2025-09.csv,428,unit_price_usd,24.99,24.99,N01-field-alias-or-whitespace
amazon-2025-09.csv,429,order_date,2025-09-29,2025-09-29,N01-field-alias-or-whitespace
amazon-2025-09.csv,429,quantity,2,2,N01-field-alias-or-whitespace
amazon-2025-09.csv,429,unit_price_usd,14.99,14.99,N01-field-alias-or-whitespace
amazon-2025-09.csv,430,order_date,2025-09-29,2025-09-29,N01-field-alias-or-whitespace
amazon-2025-09.csv,430,quantity,2,2,N01-field-alias-or-whitespace
amazon-2025-09.csv,430,unit_price_usd,79.99,79.99,N01-field-alias-or-whitespace
amazon-2025-09.csv,431,order_date,2025-09-29,2025-09-29,N01-field-alias-or-whitespace
amazon-2025-09.csv,431,quantity,2,2,N01-field-alias-or-whitespace
amazon-2025-09.csv,431,unit_price_usd,79.99,79.99,N01-field-alias-or-whitespace
amazon-2025-09.csv,432,order_date,2025-09-29,2025-09-29,N01-field-alias-or-whitespace
amazon-2025-09.csv,432,quantity,1,1,N01-field-alias-or-whitespace
amazon-2025-09.csv,432,unit_price_usd,24.99,24.99,N01-field-alias-or-whitespace
amazon-2025-09.csv,433,order_date,2025-09-30,2025-09-30,N01-field-alias-or-whitespace
amazon-2025-09.csv,433,quantity,3,3,N01-field-alias-or-whitespace
amazon-2025-09.csv,433,unit_price_usd,39.99,39.99,N01-field-alias-or-whitespace
amazon-2025-09.csv,434,order_date,2025-09-30,2025-09-30,N01-field-alias-or-whitespace
amazon-2025-09.csv,434,quantity,2,2,N01-field-alias-or-whitespace
amazon-2025-09.csv,434,unit_price_usd,14.99,14.99,N01-field-alias-or-whitespace
amazon-2025-09.csv,435,order_date,2025-09-30,2025-09-30,N01-field-alias-or-whitespace
amazon-2025-09.csv,435,quantity,1,1,N01-field-alias-or-whitespace
amazon-2025-09.csv,435,unit_price_usd,59.99,59.99,N01-field-alias-or-whitespace
amazon-2025-09.csv,436,order_date,2025/09/30,2025/09/30,N01-field-alias-or-whitespace
amazon-2025-09.csv,436,quantity,2,2,N01-field-alias-or-whitespace
amazon-2025-09.csv,436,unit_price_usd,59.99,59.99,N01-field-alias-or-whitespace
amazon-2025-09.csv,437,order_date,2025-09-30,2025-09-30,N01-field-alias-or-whitespace
amazon-2025-09.csv,437,quantity,2,2,N01-field-alias-or-whitespace
amazon-2025-09.csv,437,unit_price_usd,24.99,24.99,N01-field-alias-or-whitespace
amazon-2025-09.csv,438,order_date,2025-09-30,2025-09-30,N01-field-alias-or-whitespace
amazon-2025-09.csv,438,quantity,3,3,N01-field-alias-or-whitespace
amazon-2025-09.csv,438,unit_price_usd,39.99,39.99,N01-field-alias-or-whitespace
amazon-2025-09.csv,439,order_date,2025-09-30,2025-09-30,N01-field-alias-or-whitespace
amazon-2025-09.csv,439,quantity,2,2,N01-field-alias-or-whitespace
amazon-2025-09.csv,439,unit_price_usd,59.99,59.99,N01-field-alias-or-whitespace
amazon-2025-09.csv,440,order_date,2025-09-30,2025-09-30,N01-field-alias-or-whitespace
amazon-2025-09.csv,440,quantity,2,2,N01-field-alias-or-whitespace
amazon-2025-09.csv,440,unit_price_usd,39.99,39.99,N01-field-alias-or-whitespace
amazon-2025-09.csv,441,order_date,2025-09-30,2025-09-30,N01-field-alias-or-whitespace
amazon-2025-09.csv,441,quantity,2,2,N01-field-alias-or-whitespace
amazon-2025-09.csv,441,unit_price_usd,39.99,39.99,N01-field-alias-or-whitespace
amazon-2025-09.csv,442,order_date,2025-09-30,2025-09-30,N01-field-alias-or-whitespace
amazon-2025-09.csv,442,quantity,1,1,N01-field-alias-or-whitespace
amazon-2025-09.csv,442,unit_price_usd,39.99,39.99,N01-field-alias-or-whitespace
amazon-2025-09.csv,443,order_date,2025-09-30,2025-09-30,N01-field-alias-or-whitespace
amazon-2025-09.csv,443,quantity,1,1,N01-field-alias-or-whitespace
amazon-2025-09.csv,443,unit_price_usd,$79.99,$79.99,N01-field-alias-or-whitespace
amazon-2025-09.csv,444,order_date,2025-09-30,2025-09-30,N01-field-alias-or-whitespace
amazon-2025-09.csv,444,quantity,3,3,N01-field-alias-or-whitespace
amazon-2025-09.csv,444,unit_price_usd,79.99,79.99,N01-field-alias-or-whitespace
amazon-2025-09.csv,445,order_date,2025-09-30,2025-09-30,N01-field-alias-or-whitespace
amazon-2025-09.csv,445,quantity,2,2,N01-field-alias-or-whitespace
amazon-2025-09.csv,445,unit_price_usd,14.99,14.99,N01-field-alias-or-whitespace
amazon-2025-09.csv,446,order_date,2025-09-30,2025-09-30,N01-field-alias-or-whitespace
amazon-2025-09.csv,446,quantity,2,2,N01-field-alias-or-whitespace
amazon-2025-09.csv,446,unit_price_usd,79.99,79.99,N01-field-alias-or-whitespace
amazon-2025-09.csv,447,order_date,2025-09-30,2025-09-30,N01-field-alias-or-whitespace
amazon-2025-09.csv,447,quantity,2,2,N01-field-alias-or-whitespace
amazon-2025-09.csv,447,unit_price_usd,59.99,59.99,N01-field-alias-or-whitespace
amazon-2025-09.csv,448,order_date,2025/09/07,2025/09/07,N01-field-alias-or-whitespace
amazon-2025-09.csv,448,quantity,1,1,N01-field-alias-or-whitespace
amazon-2025-09.csv,448,unit_price_usd,24.99,24.99,N01-field-alias-or-whitespace
shopify-2025-07.csv,2,country, us ,us,N01-field-alias-or-whitespace
shopify-2025-07.csv,20,country, de ,de,N01-field-alias-or-whitespace
shopify-2025-07.csv,42,country, us ,us,N01-field-alias-or-whitespace
shopify-2025-07.csv,63,country, uk ,uk,N01-field-alias-or-whitespace
shopify-2025-07.csv,85,country, uk ,uk,N01-field-alias-or-whitespace
shopify-2025-07.csv,106,country, us ,us,N01-field-alias-or-whitespace
shopify-2025-07.csv,111,country, us ,us,N01-field-alias-or-whitespace
shopify-2025-07.csv,128,country, us ,us,N01-field-alias-or-whitespace
shopify-2025-07.csv,147,country, us ,us,N01-field-alias-or-whitespace
shopify-2025-07.csv,167,country, de ,de,N01-field-alias-or-whitespace
shopify-2025-07.csv,187,country, de ,de,N01-field-alias-or-whitespace
shopify-2025-07.csv,209,country, uk ,uk,N01-field-alias-or-whitespace
shopify-2025-07.csv,229,country, de ,de,N01-field-alias-or-whitespace
shopify-2025-07.csv,233,country, us ,us,N01-field-alias-or-whitespace
shopify-2025-07.csv,254,country, us ,us,N01-field-alias-or-whitespace
shopify-2025-07.csv,271,country, de ,de,N01-field-alias-or-whitespace
shopify-2025-07.csv,288,country, us ,us,N01-field-alias-or-whitespace
shopify-2025-07.csv,292,country, de ,de,N01-field-alias-or-whitespace
shopify-2025-07.csv,308,country, us ,us,N01-field-alias-or-whitespace
shopify-2025-07.csv,329,country, de ,de,N01-field-alias-or-whitespace
shopify-2025-07.csv,349,country, us ,us,N01-field-alias-or-whitespace
shopify-2025-07.csv,353,country, de ,de,N01-field-alias-or-whitespace
shopify-2025-07.csv,374,country, uk ,uk,N01-field-alias-or-whitespace
shopify-2025-07.csv,377,country, us ,us,N01-field-alias-or-whitespace
shopify-2025-07.csv,395,country, us ,us,N01-field-alias-or-whitespace
shopify-2025-07.csv,415,country, us ,us,N01-field-alias-or-whitespace
shopify-2025-07.csv,418,country, us ,us,N01-field-alias-or-whitespace
shopify-2025-07.csv,435,country, de ,de,N01-field-alias-or-whitespace
shopify-2025-07.csv,447,country, de ,de,N01-field-alias-or-whitespace
shopify-2025-08.csv,13,country, de ,de,N01-field-alias-or-whitespace
shopify-2025-08.csv,35,country, ca ,ca,N01-field-alias-or-whitespace
shopify-2025-08.csv,52,country, de ,de,N01-field-alias-or-whitespace
shopify-2025-08.csv,70,country, de ,de,N01-field-alias-or-whitespace
shopify-2025-08.csv,87,country, us ,us,N01-field-alias-or-whitespace
shopify-2025-08.csv,91,country, uk ,uk,N01-field-alias-or-whitespace
shopify-2025-08.csv,110,country, ca ,ca,N01-field-alias-or-whitespace
shopify-2025-08.csv,132,country, uk ,uk,N01-field-alias-or-whitespace
shopify-2025-08.csv,133,country, us ,us,N01-field-alias-or-whitespace
shopify-2025-08.csv,150,country, de ,de,N01-field-alias-or-whitespace
shopify-2025-08.csv,152,country, de ,de,N01-field-alias-or-whitespace
shopify-2025-08.csv,170,country, us ,us,N01-field-alias-or-whitespace
shopify-2025-08.csv,188,country, de ,de,N01-field-alias-or-whitespace
shopify-2025-08.csv,206,country, uk ,uk,N01-field-alias-or-whitespace
shopify-2025-08.csv,210,country, ca ,ca,N01-field-alias-or-whitespace
shopify-2025-08.csv,228,country, uk ,uk,N01-field-alias-or-whitespace
shopify-2025-08.csv,248,country, de ,de,N01-field-alias-or-whitespace
shopify-2025-08.csv,264,country, de ,de,N01-field-alias-or-whitespace
shopify-2025-08.csv,283,country, uk ,uk,N01-field-alias-or-whitespace
shopify-2025-08.csv,305,country, us ,us,N01-field-alias-or-whitespace
shopify-2025-08.csv,322,country, ca ,ca,N01-field-alias-or-whitespace
shopify-2025-08.csv,340,country, ca ,ca,N01-field-alias-or-whitespace
shopify-2025-08.csv,360,country, us ,us,N01-field-alias-or-whitespace
shopify-2025-08.csv,380,country, us ,us,N01-field-alias-or-whitespace
shopify-2025-08.csv,400,country, ca ,ca,N01-field-alias-or-whitespace
shopify-2025-08.csv,406,country, ca ,ca,N01-field-alias-or-whitespace
shopify-2025-08.csv,424,country, ca ,ca,N01-field-alias-or-whitespace
shopify-2025-08.csv,449,country, uk ,uk,N01-field-alias-or-whitespace
shopify-2025-09.csv,9,country, us ,us,N01-field-alias-or-whitespace
shopify-2025-09.csv,28,country, ca ,ca,N01-field-alias-or-whitespace
shopify-2025-09.csv,32,country, de ,de,N01-field-alias-or-whitespace
shopify-2025-09.csv,52,country, uk ,uk,N01-field-alias-or-whitespace
shopify-2025-09.csv,73,country, ca ,ca,N01-field-alias-or-whitespace
shopify-2025-09.csv,75,country, ca ,ca,N01-field-alias-or-whitespace
shopify-2025-09.csv,96,country, ca ,ca,N01-field-alias-or-whitespace
shopify-2025-09.csv,113,country, uk ,uk,N01-field-alias-or-whitespace
shopify-2025-09.csv,116,country, de ,de,N01-field-alias-or-whitespace
shopify-2025-09.csv,138,country, ca ,ca,N01-field-alias-or-whitespace
shopify-2025-09.csv,141,country, ca ,ca,N01-field-alias-or-whitespace
shopify-2025-09.csv,162,country, uk ,uk,N01-field-alias-or-whitespace
shopify-2025-09.csv,179,country, de ,de,N01-field-alias-or-whitespace
shopify-2025-09.csv,200,country, us ,us,N01-field-alias-or-whitespace
shopify-2025-09.csv,218,country, us ,us,N01-field-alias-or-whitespace
shopify-2025-09.csv,236,country, uk ,uk,N01-field-alias-or-whitespace
shopify-2025-09.csv,253,country, ca ,ca,N01-field-alias-or-whitespace
shopify-2025-09.csv,274,country, us ,us,N01-field-alias-or-whitespace
shopify-2025-09.csv,291,country, ca ,ca,N01-field-alias-or-whitespace
shopify-2025-09.csv,310,country, us ,us,N01-field-alias-or-whitespace
shopify-2025-09.csv,330,country, uk ,uk,N01-field-alias-or-whitespace
shopify-2025-09.csv,348,country, uk ,uk,N01-field-alias-or-whitespace
shopify-2025-09.csv,368,country, de ,de,N01-field-alias-or-whitespace
shopify-2025-09.csv,384,country, uk ,uk,N01-field-alias-or-whitespace
shopify-2025-09.csv,404,country, us ,us,N01-field-alias-or-whitespace
shopify-2025-09.csv,405,country, ca ,ca,N01-field-alias-or-whitespace
shopify-2025-09.csv,425,country, us ,us,N01-field-alias-or-whitespace
shopify-2025-09.csv,445,country, us ,us,N01-field-alias-or-whitespace
refunds.csv,179,refund_amount_usd,10,10.00,N02-approved-normalization
refunds.csv,180,refund_amount_usd,99999,99999.00,N02-approved-normalization
amazon-2025-07.csv,3,country,us,US,N02-approved-normalization
amazon-2025-07.csv,5,unit_price_usd,$79.99,79.99,N02-approved-normalization
amazon-2025-07.csv,9,order_date,2025/07/01,2025-07-01,N02-approved-normalization
amazon-2025-07.csv,10,discount_rate,0.10,0.1,N02-approved-normalization
amazon-2025-07.csv,12,discount_rate,0.10,0.1,N02-approved-normalization
amazon-2025-07.csv,16,discount_rate,0.10,0.1,N02-approved-normalization
amazon-2025-07.csv,17,discount_rate,0.10,0.1,N02-approved-normalization
amazon-2025-07.csv,21,country,us,US,N02-approved-normalization
amazon-2025-07.csv,25,discount_rate,0.10,0.1,N02-approved-normalization
amazon-2025-07.csv,27,unit_price_usd,$14.99,14.99,N02-approved-normalization
amazon-2025-07.csv,29,discount_rate,0.10,0.1,N02-approved-normalization
amazon-2025-07.csv,31,discount_rate,0.10,0.1,N02-approved-normalization
amazon-2025-07.csv,32,discount_rate,0.10,0.1,N02-approved-normalization
amazon-2025-07.csv,34,unit_price_usd,$39.99,39.99,N02-approved-normalization
amazon-2025-07.csv,36,discount_rate,0.10,0.1,N02-approved-normalization
amazon-2025-07.csv,38,discount_rate,0.10,0.1,N02-approved-normalization
amazon-2025-07.csv,43,country,us,US,N02-approved-normalization
amazon-2025-07.csv,45,country,us,US,N02-approved-normalization
amazon-2025-07.csv,46,discount_rate,0.10,0.1,N02-approved-normalization
amazon-2025-07.csv,47,discount_rate,0.10,0.1,N02-approved-normalization
amazon-2025-07.csv,49,discount_rate,0.10,0.1,N02-approved-normalization
amazon-2025-07.csv,52,discount_rate,0.10,0.1,N02-approved-normalization
amazon-2025-07.csv,57,unit_price_usd,$39.99,39.99,N02-approved-normalization
amazon-2025-07.csv,57,discount_rate,0.10,0.1,N02-approved-normalization
amazon-2025-07.csv,58,order_date,2025/07/04,2025-07-04,N02-approved-normalization
amazon-2025-07.csv,61,country,uk,UK,N02-approved-normalization
amazon-2025-07.csv,63,order_date,2025/07/05,2025-07-05,N02-approved-normalization
amazon-2025-07.csv,70,discount_rate,0.10,0.1,N02-approved-normalization
amazon-2025-07.csv,80,country,us,US,N02-approved-normalization
amazon-2025-07.csv,81,unit_price_usd,$24.99,24.99,N02-approved-normalization
amazon-2025-07.csv,82,discount_rate,0.10,0.1,N02-approved-normalization
amazon-2025-07.csv,85,unit_price_usd,$39.99,39.99,N02-approved-normalization
amazon-2025-07.csv,87,discount_rate,0.10,0.1,N02-approved-normalization
amazon-2025-07.csv,88,discount_rate,0.10,0.1,N02-approved-normalization
amazon-2025-07.csv,93,discount_rate,0.10,0.1,N02-approved-normalization
amazon-2025-07.csv,99,discount_rate,0.10,0.1,N02-approved-normalization
amazon-2025-07.csv,100,country,us,US,N02-approved-normalization
amazon-2025-07.csv,103,discount_rate,0.10,0.1,N02-approved-normalization
amazon-2025-07.csv,105,discount_rate,0.10,0.1,N02-approved-normalization
amazon-2025-07.csv,107,unit_price_usd,$14.99,14.99,N02-approved-normalization
amazon-2025-07.csv,109,order_date,2025/07/08,2025-07-08,N02-approved-normalization
amazon-2025-07.csv,111,discount_rate,0.10,0.1,N02-approved-normalization
amazon-2025-07.csv,113,discount_rate,0.10,0.1,N02-approved-normalization
amazon-2025-07.csv,119,order_date,2025/07/09,2025-07-09,N02-approved-normalization
amazon-2025-07.csv,120,discount_rate,0.10,0.1,N02-approved-normalization
amazon-2025-07.csv,121,country,us,US,N02-approved-normalization
amazon-2025-07.csv,124,discount_rate,0.10,0.1,N02-approved-normalization
amazon-2025-07.csv,125,discount_rate,0.10,0.1,N02-approved-normalization
amazon-2025-07.csv,129,order_date,2025/07/10,2025-07-10,N02-approved-normalization
amazon-2025-07.csv,129,discount_rate,0.10,0.1,N02-approved-normalization
amazon-2025-07.csv,134,discount_rate,0.10,0.1,N02-approved-normalization
amazon-2025-07.csv,138,unit_price_usd,$14.99,14.99,N02-approved-normalization
amazon-2025-07.csv,138,discount_rate,0.10,0.1,N02-approved-normalization
amazon-2025-07.csv,140,discount_rate,0.10,0.1,N02-approved-normalization
amazon-2025-07.csv,141,discount_rate,0.10,0.1,N02-approved-normalization
amazon-2025-07.csv,142,country,ca,CA,N02-approved-normalization
amazon-2025-07.csv,145,country,us,US,N02-approved-normalization
amazon-2025-07.csv,145,discount_rate,0.10,0.1,N02-approved-normalization
amazon-2025-07.csv,146,discount_rate,0.10,0.1,N02-approved-normalization
amazon-2025-07.csv,148,discount_rate,0.10,0.1,N02-approved-normalization
amazon-2025-07.csv,149,discount_rate,0.10,0.1,N02-approved-normalization
amazon-2025-07.csv,150,discount_rate,0.10,0.1,N02-approved-normalization
amazon-2025-07.csv,156,discount_rate,0.10,0.1,N02-approved-normalization
amazon-2025-07.csv,161,discount_rate,0.10,0.1,N02-approved-normalization
amazon-2025-07.csv,166,country,uk,UK,N02-approved-normalization
amazon-2025-07.csv,168,unit_price_usd,$59.99,59.99,N02-approved-normalization
amazon-2025-07.csv,170,discount_rate,0.10,0.1,N02-approved-normalization
amazon-2025-07.csv,171,order_date,2025/07/12,2025-07-12,N02-approved-normalization
amazon-2025-07.csv,178,discount_rate,0.10,0.1,N02-approved-normalization
amazon-2025-07.csv,179,discount_rate,0.10,0.1,N02-approved-normalization
amazon-2025-07.csv,180,order_date,2025/07/13,2025-07-13,N02-approved-normalization
amazon-2025-07.csv,180,discount_rate,0.10,0.1,N02-approved-normalization
amazon-2025-07.csv,181,discount_rate,0.10,0.1,N02-approved-normalization
amazon-2025-07.csv,186,country,ca,CA,N02-approved-normalization
amazon-2025-07.csv,188,discount_rate,0.10,0.1,N02-approved-normalization
amazon-2025-07.csv,189,discount_rate,0.10,0.1,N02-approved-normalization
amazon-2025-07.csv,190,order_date,2025/07/14,2025-07-14,N02-approved-normalization
amazon-2025-07.csv,190,country,us,US,N02-approved-normalization
amazon-2025-07.csv,193,discount_rate,0.10,0.1,N02-approved-normalization
amazon-2025-07.csv,195,discount_rate,0.10,0.1,N02-approved-normalization
amazon-2025-07.csv,198,unit_price_usd,$39.99,39.99,N02-approved-normalization
amazon-2025-07.csv,200,discount_rate,0.10,0.1,N02-approved-normalization
amazon-2025-07.csv,201,discount_rate,0.10,0.1,N02-approved-normalization
amazon-2025-07.csv,204,discount_rate,0.10,0.1,N02-approved-normalization
amazon-2025-07.csv,205,unit_price_usd,$59.99,59.99,N02-approved-normalization
amazon-2025-07.csv,207,discount_rate,0.10,0.1,N02-approved-normalization
amazon-2025-07.csv,211,discount_rate,0.10,0.1,N02-approved-normalization
amazon-2025-07.csv,212,country,us,US,N02-approved-normalization
amazon-2025-07.csv,224,discount_rate,0.10,0.1,N02-approved-normalization
amazon-2025-07.csv,226,discount_rate,0.10,0.1,N02-approved-normalization
amazon-2025-07.csv,229,unit_price_usd,$14.99,14.99,N02-approved-normalization
amazon-2025-07.csv,231,discount_rate,0.10,0.1,N02-approved-normalization
amazon-2025-07.csv,233,unit_price_usd,$24.99,24.99,N02-approved-normalization
amazon-2025-07.csv,234,country,us,US,N02-approved-normalization
amazon-2025-07.csv,239,discount_rate,0.10,0.1,N02-approved-normalization
amazon-2025-07.csv,241,order_date,2025/07/17,2025-07-17,N02-approved-normalization
amazon-2025-07.csv,243,discount_rate,0.10,0.1,N02-approved-normalization
amazon-2025-07.csv,244,discount_rate,0.10,0.1,N02-approved-normalization
amazon-2025-07.csv,245,discount_rate,0.10,0.1,N02-approved-normalization
amazon-2025-07.csv,246,discount_rate,0.10,0.1,N02-approved-normalization
amazon-2025-07.csv,248,order_date,2025/07/18,2025-07-18,N02-approved-normalization
amazon-2025-07.csv,248,discount_rate,0.10,0.1,N02-approved-normalization
amazon-2025-07.csv,252,country,ca,CA,N02-approved-normalization
amazon-2025-07.csv,253,discount_rate,0.10,0.1,N02-approved-normalization
amazon-2025-07.csv,255,unit_price_usd,$24.99,24.99,N02-approved-normalization
amazon-2025-07.csv,255,discount_rate,0.10,0.1,N02-approved-normalization
amazon-2025-07.csv,258,discount_rate,0.10,0.1,N02-approved-normalization
amazon-2025-07.csv,260,unit_price_usd,$79.99,79.99,N02-approved-normalization
amazon-2025-07.csv,261,discount_rate,0.10,0.1,N02-approved-normalization
amazon-2025-07.csv,271,discount_rate,0.10,0.1,N02-approved-normalization
amazon-2025-07.csv,272,country,uk,UK,N02-approved-normalization
amazon-2025-07.csv,278,discount_rate,0.10,0.1,N02-approved-normalization
amazon-2025-07.csv,279,discount_rate,0.10,0.1,N02-approved-normalization
amazon-2025-07.csv,283,discount_rate,0.10,0.1,N02-approved-normalization
amazon-2025-07.csv,284,unit_price_usd,$39.99,39.99,N02-approved-normalization
amazon-2025-07.csv,289,order_date,2025/07/20,2025-07-20,N02-approved-normalization
amazon-2025-07.csv,291,discount_rate,0.10,0.1,N02-approved-normalization
amazon-2025-07.csv,294,country,us,US,N02-approved-normalization
amazon-2025-07.csv,294,discount_rate,0.10,0.1,N02-approved-normalization
amazon-2025-07.csv,297,order_date,2025/07/21,2025-07-21,N02-approved-normalization
amazon-2025-07.csv,297,discount_rate,0.10,0.1,N02-approved-normalization
amazon-2025-07.csv,301,discount_rate,0.10,0.1,N02-approved-normalization
amazon-2025-07.csv,302,discount_rate,0.10,0.1,N02-approved-normalization
amazon-2025-07.csv,304,discount_rate,0.10,0.1,N02-approved-normalization
amazon-2025-07.csv,307,unit_price_usd,$24.99,24.99,N02-approved-normalization
amazon-2025-07.csv,307,discount_rate,0.10,0.1,N02-approved-normalization
amazon-2025-07.csv,311,unit_price_usd,$39.99,39.99,N02-approved-normalization
amazon-2025-07.csv,313,country,ca,CA,N02-approved-normalization
amazon-2025-07.csv,317,discount_rate,0.10,0.1,N02-approved-normalization
amazon-2025-07.csv,318,discount_rate,0.10,0.1,N02-approved-normalization
amazon-2025-07.csv,322,discount_rate,0.10,0.1,N02-approved-normalization
amazon-2025-07.csv,323,discount_rate,0.10,0.1,N02-approved-normalization
amazon-2025-07.csv,327,discount_rate,0.10,0.1,N02-approved-normalization
amazon-2025-07.csv,328,discount_rate,0.10,0.1,N02-approved-normalization
amazon-2025-07.csv,332,discount_rate,0.10,0.1,N02-approved-normalization
amazon-2025-07.csv,333,country,us,US,N02-approved-normalization
amazon-2025-07.csv,336,discount_rate,0.10,0.1,N02-approved-normalization
amazon-2025-07.csv,338,unit_price_usd,$79.99,79.99,N02-approved-normalization
amazon-2025-07.csv,344,order_date,2025/07/24,2025-07-24,N02-approved-normalization
amazon-2025-07.csv,347,discount_rate,0.10,0.1,N02-approved-normalization
amazon-2025-07.csv,348,discount_rate,0.10,0.1,N02-approved-normalization
amazon-2025-07.csv,349,discount_rate,0.10,0.1,N02-approved-normalization
amazon-2025-07.csv,352,order_date,2025/07/25,2025-07-25,N02-approved-normalization
amazon-2025-07.csv,353,country,us,US,N02-approved-normalization
amazon-2025-07.csv,353,discount_rate,0.10,0.1,N02-approved-normalization
amazon-2025-07.csv,359,discount_rate,0.10,0.1,N02-approved-normalization
amazon-2025-07.csv,361,discount_rate,0.10,0.1,N02-approved-normalization
amazon-2025-07.csv,362,discount_rate,0.10,0.1,N02-approved-normalization
amazon-2025-07.csv,364,order_date,2025/07/26,2025-07-26,N02-approved-normalization
amazon-2025-07.csv,365,discount_rate,0.10,0.1,N02-approved-normalization
amazon-2025-07.csv,366,discount_rate,0.10,0.1,N02-approved-normalization
amazon-2025-07.csv,369,unit_price_usd,$79.99,79.99,N02-approved-normalization
amazon-2025-07.csv,372,discount_rate,0.10,0.1,N02-approved-normalization
amazon-2025-07.csv,377,discount_rate,0.10,0.1,N02-approved-normalization
amazon-2025-07.csv,378,discount_rate,0.10,0.1,N02-approved-normalization
amazon-2025-07.csv,379,country,uk,UK,N02-approved-normalization
amazon-2025-07.csv,385,discount_rate,0.10,0.1,N02-approved-normalization
amazon-2025-07.csv,386,discount_rate,0.10,0.1,N02-approved-normalization
amazon-2025-07.csv,392,discount_rate,0.10,0.1,N02-approved-normalization
amazon-2025-07.csv,394,discount_rate,0.10,0.1,N02-approved-normalization
amazon-2025-07.csv,397,unit_price_usd,$39.99,39.99,N02-approved-normalization
amazon-2025-07.csv,398,country,ca,CA,N02-approved-normalization
amazon-2025-07.csv,404,order_date,2025/07/28,2025-07-28,N02-approved-normalization
amazon-2025-07.csv,404,discount_rate,0.10,0.1,N02-approved-normalization
amazon-2025-07.csv,405,discount_rate,0.10,0.1,N02-approved-normalization
amazon-2025-07.csv,406,discount_rate,0.10,0.1,N02-approved-normalization
amazon-2025-07.csv,408,discount_rate,0.10,0.1,N02-approved-normalization
amazon-2025-07.csv,412,discount_rate,0.10,0.1,N02-approved-normalization
amazon-2025-07.csv,413,discount_rate,0.10,0.1,N02-approved-normalization
amazon-2025-07.csv,415,order_date,2025/07/29,2025-07-29,N02-approved-normalization
amazon-2025-07.csv,416,discount_rate,0.10,0.1,N02-approved-normalization
amazon-2025-07.csv,421,discount_rate,0.10,0.1,N02-approved-normalization
amazon-2025-07.csv,422,discount_rate,0.10,0.1,N02-approved-normalization
amazon-2025-07.csv,423,country,de,DE,N02-approved-normalization
amazon-2025-07.csv,424,order_date,2025/07/30,2025-07-30,N02-approved-normalization
amazon-2025-07.csv,425,discount_rate,0.10,0.1,N02-approved-normalization
amazon-2025-07.csv,428,unit_price_usd,$39.99,39.99,N02-approved-normalization
amazon-2025-07.csv,428,discount_rate,0.10,0.1,N02-approved-normalization
amazon-2025-07.csv,431,discount_rate,0.10,0.1,N02-approved-normalization
amazon-2025-07.csv,436,discount_rate,0.10,0.1,N02-approved-normalization
amazon-2025-07.csv,439,discount_rate,0.10,0.1,N02-approved-normalization
amazon-2025-07.csv,441,country,ca,CA,N02-approved-normalization
amazon-2025-07.csv,441,discount_rate,0.10,0.1,N02-approved-normalization
amazon-2025-08.csv,6,discount_rate,0.10,0.1,N02-approved-normalization
amazon-2025-08.csv,9,discount_rate,0.10,0.1,N02-approved-normalization
amazon-2025-08.csv,10,unit_price_usd,$59.99,59.99,N02-approved-normalization
amazon-2025-08.csv,10,discount_rate,0.10,0.1,N02-approved-normalization
amazon-2025-08.csv,16,country,us,US,N02-approved-normalization
amazon-2025-08.csv,19,country,de,DE,N02-approved-normalization
amazon-2025-08.csv,19,discount_rate,0.10,0.1,N02-approved-normalization
amazon-2025-08.csv,24,discount_rate,0.10,0.1,N02-approved-normalization
amazon-2025-08.csv,27,order_date,2025/08/02,2025-08-02,N02-approved-normalization
amazon-2025-08.csv,27,discount_rate,0.10,0.1,N02-approved-normalization
amazon-2025-08.csv,35,discount_rate,0.10,0.1,N02-approved-normalization
amazon-2025-08.csv,36,order_date,2025/08/03,2025-08-03,N02-approved-normalization
amazon-2025-08.csv,37,discount_rate,0.10,0.1,N02-approved-normalization
amazon-2025-08.csv,39,country,us,US,N02-approved-normalization
amazon-2025-08.csv,39,unit_price_usd,$24.99,24.99,N02-approved-normalization
amazon-2025-08.csv,41,discount_rate,0.10,0.1,N02-approved-normalization
amazon-2025-08.csv,43,discount_rate,0.10,0.1,N02-approved-normalization
amazon-2025-08.csv,45,discount_rate,0.10,0.1,N02-approved-normalization
amazon-2025-08.csv,46,discount_rate,0.10,0.1,N02-approved-normalization
amazon-2025-08.csv,49,discount_rate,0.10,0.1,N02-approved-normalization
amazon-2025-08.csv,51,discount_rate,0.10,0.1,N02-approved-normalization
amazon-2025-08.csv,54,discount_rate,0.10,0.1,N02-approved-normalization
amazon-2025-08.csv,56,discount_rate,0.10,0.1,N02-approved-normalization
amazon-2025-08.csv,58,country,us,US,N02-approved-normalization
amazon-2025-08.csv,59,discount_rate,0.10,0.1,N02-approved-normalization
amazon-2025-08.csv,61,discount_rate,0.10,0.1,N02-approved-normalization
amazon-2025-08.csv,62,unit_price_usd,$14.99,14.99,N02-approved-normalization
amazon-2025-08.csv,62,discount_rate,0.10,0.1,N02-approved-normalization
amazon-2025-08.csv,63,discount_rate,0.10,0.1,N02-approved-normalization
amazon-2025-08.csv,65,unit_price_usd,$59.99,59.99,N02-approved-normalization
amazon-2025-08.csv,65,discount_rate,0.10,0.1,N02-approved-normalization
amazon-2025-08.csv,67,discount_rate,0.10,0.1,N02-approved-normalization
amazon-2025-08.csv,71,discount_rate,0.10,0.1,N02-approved-normalization
amazon-2025-08.csv,74,order_date,2025/08/05,2025-08-05,N02-approved-normalization
amazon-2025-08.csv,75,discount_rate,0.10,0.1,N02-approved-normalization
amazon-2025-08.csv,76,country,de,DE,N02-approved-normalization
amazon-2025-08.csv,78,discount_rate,0.10,0.1,N02-approved-normalization
amazon-2025-08.csv,83,order_date,2025/08/06,2025-08-06,N02-approved-normalization
amazon-2025-08.csv,83,discount_rate,0.10,0.1,N02-approved-normalization
amazon-2025-08.csv,84,discount_rate,0.10,0.1,N02-approved-normalization
amazon-2025-08.csv,89,unit_price_usd,$14.99,14.99,N02-approved-normalization
amazon-2025-08.csv,89,discount_rate,0.10,0.1,N02-approved-normalization
amazon-2025-08.csv,90,discount_rate,0.10,0.1,N02-approved-normalization
amazon-2025-08.csv,91,discount_rate,0.10,0.1,N02-approved-normalization
amazon-2025-08.csv,97,country,us,US,N02-approved-normalization
amazon-2025-08.csv,100,discount_rate,0.10,0.1,N02-approved-normalization
amazon-2025-08.csv,101,discount_rate,0.10,0.1,N02-approved-normalization
amazon-2025-08.csv,103,discount_rate,0.10,0.1,N02-approved-normalization
amazon-2025-08.csv,107,discount_rate,0.10,0.1,N02-approved-normalization
amazon-2025-08.csv,108,discount_rate,0.10,0.1,N02-approved-normalization
amazon-2025-08.csv,111,discount_rate,0.10,0.1,N02-approved-normalization
amazon-2025-08.csv,114,discount_rate,0.10,0.1,N02-approved-normalization
amazon-2025-08.csv,116,unit_price_usd,$14.99,14.99,N02-approved-normalization
amazon-2025-08.csv,117,country,uk,UK,N02-approved-normalization
amazon-2025-08.csv,119,discount_rate,0.10,0.1,N02-approved-normalization
amazon-2025-08.csv,121,unit_price_usd,$59.99,59.99,N02-approved-normalization
amazon-2025-08.csv,123,discount_rate,0.10,0.1,N02-approved-normalization
amazon-2025-08.csv,129,discount_rate,0.10,0.1,N02-approved-normalization
amazon-2025-08.csv,131,order_date,2025/08/09,2025-08-09,N02-approved-normalization
amazon-2025-08.csv,140,discount_rate,0.10,0.1,N02-approved-normalization
amazon-2025-08.csv,141,unit_price_usd,$59.99,59.99,N02-approved-normalization
amazon-2025-08.csv,152,discount_rate,0.10,0.1,N02-approved-normalization
amazon-2025-08.csv,155,country,de,DE,N02-approved-normalization
amazon-2025-08.csv,160,discount_rate,0.10,0.1,N02-approved-normalization
amazon-2025-08.csv,164,unit_price_usd,$24.99,24.99,N02-approved-normalization
amazon-2025-08.csv,167,order_date,2025/08/11,2025-08-11,N02-approved-normalization
amazon-2025-08.csv,168,unit_price_usd,$14.99,14.99,N02-approved-normalization
amazon-2025-08.csv,174,country,ca,CA,N02-approved-normalization
amazon-2025-08.csv,175,order_date,2025/08/12,2025-08-12,N02-approved-normalization
amazon-2025-08.csv,176,discount_rate,0.10,0.1,N02-approved-normalization
amazon-2025-08.csv,180,discount_rate,0.10,0.1,N02-approved-normalization
amazon-2025-08.csv,184,discount_rate,0.10,0.1,N02-approved-normalization
amazon-2025-08.csv,191,unit_price_usd,$39.99,39.99,N02-approved-normalization
amazon-2025-08.csv,192,discount_rate,0.10,0.1,N02-approved-normalization
amazon-2025-08.csv,193,country,de,DE,N02-approved-normalization
amazon-2025-08.csv,194,discount_rate,0.10,0.1,N02-approved-normalization
amazon-2025-08.csv,197,discount_rate,0.10,0.1,N02-approved-normalization
amazon-2025-08.csv,208,discount_rate,0.10,0.1,N02-approved-normalization
amazon-2025-08.csv,209,discount_rate,0.10,0.1,N02-approved-normalization
amazon-2025-08.csv,214,country,ca,CA,N02-approved-normalization
amazon-2025-08.csv,214,discount_rate,0.10,0.1,N02-approved-normalization
amazon-2025-08.csv,215,discount_rate,0.10,0.1,N02-approved-normalization
amazon-2025-08.csv,218,unit_price_usd,$39.99,39.99,N02-approved-normalization
amazon-2025-08.csv,222,order_date,2025/08/15,2025-08-15,N02-approved-normalization
amazon-2025-08.csv,224,discount_rate,0.10,0.1,N02-approved-normalization
amazon-2025-08.csv,226,discount_rate,0.10,0.1,N02-approved-normalization
amazon-2025-08.csv,231,country,us,US,N02-approved-normalization
amazon-2025-08.csv,235,discount_rate,0.10,0.1,N02-approved-normalization
amazon-2025-08.csv,239,unit_price_usd,$59.99,59.99,N02-approved-normalization
amazon-2025-08.csv,244,unit_price_usd,$59.99,59.99,N02-approved-normalization
amazon-2025-08.csv,251,country,de,DE,N02-approved-normalization
amazon-2025-08.csv,255,discount_rate,0.10,0.1,N02-approved-normalization
amazon-2025-08.csv,257,discount_rate,0.10,0.1,N02-approved-normalization
amazon-2025-08.csv,260,order_date,2025/08/17,2025-08-17,N02-approved-normalization
amazon-2025-08.csv,260,discount_rate,0.10,0.1,N02-approved-normalization
amazon-2025-08.csv,263,discount_rate,0.10,0.1,N02-approved-normalization
amazon-2025-08.csv,266,discount_rate,0.10,0.1,N02-approved-normalization
amazon-2025-08.csv,267,unit_price_usd,$24.99,24.99,N02-approved-normalization
amazon-2025-08.csv,268,order_date,2025/08/18,2025-08-18,N02-approved-normalization
amazon-2025-08.csv,270,country,uk,UK,N02-approved-normalization
amazon-2025-08.csv,276,discount_rate,0.10,0.1,N02-approved-normalization
amazon-2025-08.csv,277,order_date,2025/08/19,2025-08-19,N02-approved-normalization
amazon-2025-08.csv,280,discount_rate,0.10,0.1,N02-approved-normalization
amazon-2025-08.csv,290,country,de,DE,N02-approved-normalization
amazon-2025-08.csv,290,discount_rate,0.10,0.1,N02-approved-normalization
amazon-2025-08.csv,291,unit_price_usd,$39.99,39.99,N02-approved-normalization
amazon-2025-08.csv,291,discount_rate,0.10,0.1,N02-approved-normalization
amazon-2025-08.csv,292,discount_rate,0.10,0.1,N02-approved-normalization
amazon-2025-08.csv,293,country,de,DE,N02-approved-normalization
amazon-2025-08.csv,294,discount_rate,0.10,0.1,N02-approved-normalization
amazon-2025-08.csv,295,discount_rate,0.10,0.1,N02-approved-normalization
amazon-2025-08.csv,296,unit_price_usd,$39.99,39.99,N02-approved-normalization
amazon-2025-08.csv,299,discount_rate,0.10,0.1,N02-approved-normalization
amazon-2025-08.csv,303,discount_rate,0.10,0.1,N02-approved-normalization
amazon-2025-08.csv,312,discount_rate,0.10,0.1,N02-approved-normalization
amazon-2025-08.csv,313,country,us,US,N02-approved-normalization
amazon-2025-08.csv,317,discount_rate,0.10,0.1,N02-approved-normalization
amazon-2025-08.csv,318,order_date,2025/08/21,2025-08-21,N02-approved-normalization
amazon-2025-08.csv,318,discount_rate,0.10,0.1,N02-approved-normalization
amazon-2025-08.csv,320,unit_price_usd,$14.99,14.99,N02-approved-normalization
amazon-2025-08.csv,320,discount_rate,0.10,0.1,N02-approved-normalization
amazon-2025-08.csv,321,discount_rate,0.10,0.1,N02-approved-normalization
amazon-2025-08.csv,322,discount_rate,0.10,0.1,N02-approved-normalization
amazon-2025-08.csv,324,unit_price_usd,$39.99,39.99,N02-approved-normalization
amazon-2025-08.csv,326,order_date,2025/08/22,2025-08-22,N02-approved-normalization
amazon-2025-08.csv,331,discount_rate,0.10,0.1,N02-approved-normalization
amazon-2025-08.csv,332,country,us,US,N02-approved-normalization
amazon-2025-08.csv,346,discount_rate,0.10,0.1,N02-approved-normalization
amazon-2025-08.csv,347,unit_price_usd,$39.99,39.99,N02-approved-normalization
amazon-2025-08.csv,348,discount_rate,0.10,0.1,N02-approved-normalization
amazon-2025-08.csv,349,discount_rate,0.10,0.1,N02-approved-normalization
amazon-2025-08.csv,351,country,ca,CA,N02-approved-normalization
amazon-2025-08.csv,353,unit_price_usd,$79.99,79.99,N02-approved-normalization
amazon-2025-08.csv,355,country,us,US,N02-approved-normalization
amazon-2025-08.csv,355,discount_rate,0.10,0.1,N02-approved-normalization
amazon-2025-08.csv,356,discount_rate,0.10,0.1,N02-approved-normalization
amazon-2025-08.csv,367,order_date,2025/08/24,2025-08-24,N02-approved-normalization
amazon-2025-08.csv,373,discount_rate,0.10,0.1,N02-approved-normalization
amazon-2025-08.csv,374,country,ca,CA,N02-approved-normalization
amazon-2025-08.csv,375,order_date,2025/08/25,2025-08-25,N02-approved-normalization
amazon-2025-08.csv,376,unit_price_usd,$39.99,39.99,N02-approved-normalization
amazon-2025-08.csv,382,discount_rate,0.10,0.1,N02-approved-normalization
amazon-2025-08.csv,384,order_date,2025/08/26,2025-08-26,N02-approved-normalization
amazon-2025-08.csv,388,discount_rate,0.10,0.1,N02-approved-normalization
amazon-2025-08.csv,390,discount_rate,0.10,0.1,N02-approved-normalization
amazon-2025-08.csv,392,discount_rate,0.10,0.1,N02-approved-normalization
amazon-2025-08.csv,394,country,us,US,N02-approved-normalization
amazon-2025-08.csv,396,discount_rate,0.10,0.1,N02-approved-normalization
amazon-2025-08.csv,399,discount_rate,0.10,0.1,N02-approved-normalization
amazon-2025-08.csv,404,unit_price_usd,$39.99,39.99,N02-approved-normalization
amazon-2025-08.csv,404,discount_rate,0.10,0.1,N02-approved-normalization
amazon-2025-08.csv,405,discount_rate,0.10,0.1,N02-approved-normalization
amazon-2025-08.csv,408,unit_price_usd,$79.99,79.99,N02-approved-normalization
amazon-2025-08.csv,408,discount_rate,0.10,0.1,N02-approved-normalization
amazon-2025-08.csv,410,discount_rate,0.10,0.1,N02-approved-normalization
amazon-2025-08.csv,415,country,uk,UK,N02-approved-normalization
amazon-2025-08.csv,415,discount_rate,0.10,0.1,N02-approved-normalization
amazon-2025-08.csv,421,discount_rate,0.10,0.1,N02-approved-normalization
amazon-2025-08.csv,423,order_date,2025/08/28,2025-08-28,N02-approved-normalization
amazon-2025-08.csv,424,discount_rate,0.10,0.1,N02-approved-normalization
amazon-2025-08.csv,427,discount_rate,0.10,0.1,N02-approved-normalization
amazon-2025-08.csv,428,discount_rate,0.10,0.1,N02-approved-normalization
amazon-2025-08.csv,430,discount_rate,0.10,0.1,N02-approved-normalization
amazon-2025-08.csv,432,order_date,2025/08/29,2025-08-29,N02-approved-normalization
amazon-2025-08.csv,432,unit_price_usd,$79.99,79.99,N02-approved-normalization
amazon-2025-08.csv,435,country,us,US,N02-approved-normalization
amazon-2025-08.csv,435,discount_rate,0.10,0.1,N02-approved-normalization
amazon-2025-08.csv,437,unit_price_usd,$59.99,59.99,N02-approved-normalization
amazon-2025-08.csv,438,country,uk,UK,N02-approved-normalization
amazon-2025-08.csv,440,discount_rate,0.10,0.1,N02-approved-normalization
amazon-2025-08.csv,441,order_date,2025/08/30,2025-08-30,N02-approved-normalization
amazon-2025-08.csv,447,discount_rate,0.10,0.1,N02-approved-normalization
amazon-2025-08.csv,455,discount_rate,0.10,0.1,N02-approved-normalization
amazon-2025-08.csv,457,country,us,US,N02-approved-normalization
amazon-2025-08.csv,460,unit_price_usd,$39.99,39.99,N02-approved-normalization
amazon-2025-08.csv,468,discount_rate,0.10,0.1,N02-approved-normalization
amazon-2025-08.csv,470,discount_rate,0.10,0.1,N02-approved-normalization
amazon-2025-09.csv,10,discount_rate,0.10,0.1,N02-approved-normalization
amazon-2025-09.csv,13,country,de,DE,N02-approved-normalization
amazon-2025-09.csv,15,discount_rate,0.10,0.1,N02-approved-normalization
amazon-2025-09.csv,16,discount_rate,0.10,0.1,N02-approved-normalization
amazon-2025-09.csv,25,unit_price_usd,$14.99,14.99,N02-approved-normalization
amazon-2025-09.csv,25,discount_rate,0.10,0.1,N02-approved-normalization
amazon-2025-09.csv,26,order_date,2025/09/02,2025-09-02,N02-approved-normalization
amazon-2025-09.csv,26,discount_rate,0.10,0.1,N02-approved-normalization
amazon-2025-09.csv,27,discount_rate,0.10,0.1,N02-approved-normalization
amazon-2025-09.csv,31,unit_price_usd,$14.99,14.99,N02-approved-normalization
amazon-2025-09.csv,34,discount_rate,0.10,0.1,N02-approved-normalization
amazon-2025-09.csv,36,order_date,2025/09/03,2025-09-03,N02-approved-normalization
amazon-2025-09.csv,37,country,ca,CA,N02-approved-normalization
amazon-2025-09.csv,38,discount_rate,0.10,0.1,N02-approved-normalization
amazon-2025-09.csv,40,discount_rate,0.10,0.1,N02-approved-normalization
amazon-2025-09.csv,42,discount_rate,0.10,0.1,N02-approved-normalization
amazon-2025-09.csv,46,discount_rate,0.10,0.1,N02-approved-normalization
amazon-2025-09.csv,47,discount_rate,0.10,0.1,N02-approved-normalization
amazon-2025-09.csv,48,discount_rate,0.10,0.1,N02-approved-normalization
amazon-2025-09.csv,52,unit_price_usd,$14.99,14.99,N02-approved-normalization
amazon-2025-09.csv,52,discount_rate,0.10,0.1,N02-approved-normalization
amazon-2025-09.csv,53,discount_rate,0.10,0.1,N02-approved-normalization
amazon-2025-09.csv,54,country,us,US,N02-approved-normalization
amazon-2025-09.csv,57,discount_rate,0.10,0.1,N02-approved-normalization
amazon-2025-09.csv,60,discount_rate,0.10,0.1,N02-approved-normalization
amazon-2025-09.csv,63,discount_rate,0.10,0.1,N02-approved-normalization
amazon-2025-09.csv,71,discount_rate,0.10,0.1,N02-approved-normalization
amazon-2025-09.csv,74,discount_rate,0.10,0.1,N02-approved-normalization
amazon-2025-09.csv,75,discount_rate,0.10,0.1,N02-approved-normalization
amazon-2025-09.csv,76,country,ca,CA,N02-approved-normalization
amazon-2025-09.csv,77,discount_rate,0.10,0.1,N02-approved-normalization
amazon-2025-09.csv,80,unit_price_usd,$24.99,24.99,N02-approved-normalization
amazon-2025-09.csv,82,order_date,2025/09/06,2025-09-06,N02-approved-normalization
amazon-2025-09.csv,82,discount_rate,0.10,0.1,N02-approved-normalization
amazon-2025-09.csv,84,discount_rate,0.10,0.1,N02-approved-normalization
amazon-2025-09.csv,86,unit_price_usd,$39.99,39.99,N02-approved-normalization
amazon-2025-09.csv,86,discount_rate,0.10,0.1,N02-approved-normalization
amazon-2025-09.csv,87,discount_rate,0.10,0.1,N02-approved-normalization
amazon-2025-09.csv,89,discount_rate,0.10,0.1,N02-approved-normalization
amazon-2025-09.csv,92,order_date,2025/09/07,2025-09-07,N02-approved-normalization
amazon-2025-09.csv,92,discount_rate,0.10,0.1,N02-approved-normalization
amazon-2025-09.csv,97,country,us,US,N02-approved-normalization
amazon-2025-09.csv,98,discount_rate,0.10,0.1,N02-approved-normalization
amazon-2025-09.csv,100,discount_rate,0.10,0.1,N02-approved-normalization
amazon-2025-09.csv,102,discount_rate,0.10,0.1,N02-approved-normalization
amazon-2025-09.csv,104,discount_rate,0.10,0.1,N02-approved-normalization
amazon-2025-09.csv,106,discount_rate,0.10,0.1,N02-approved-normalization
amazon-2025-09.csv,107,discount_rate,0.10,0.1,N02-approved-normalization
amazon-2025-09.csv,109,unit_price_usd,$24.99,24.99,N02-approved-normalization
amazon-2025-09.csv,109,discount_rate,0.10,0.1,N02-approved-normalization
amazon-2025-09.csv,112,discount_rate,0.10,0.1,N02-approved-normalization
amazon-2025-09.csv,113,discount_rate,0.10,0.1,N02-approved-normalization
amazon-2025-09.csv,114,discount_rate,0.10,0.1,N02-approved-normalization
amazon-2025-09.csv,115,discount_rate,0.10,0.1,N02-approved-normalization
amazon-2025-09.csv,117,discount_rate,0.10,0.1,N02-approved-normalization
amazon-2025-09.csv,118,discount_rate,0.10,0.1,N02-approved-normalization
amazon-2025-09.csv,120,country,us,US,N02-approved-normalization
amazon-2025-09.csv,124,discount_rate,0.10,0.1,N02-approved-normalization
amazon-2025-09.csv,129,discount_rate,0.10,0.1,N02-approved-normalization
amazon-2025-09.csv,140,discount_rate,0.10,0.1,N02-approved-normalization
amazon-2025-09.csv,141,unit_price_usd,$59.99,59.99,N02-approved-normalization
amazon-2025-09.csv,141,discount_rate,0.10,0.1,N02-approved-normalization
amazon-2025-09.csv,142,country,uk,UK,N02-approved-normalization
amazon-2025-09.csv,142,discount_rate,0.10,0.1,N02-approved-normalization
amazon-2025-09.csv,143,unit_price_usd,$59.99,59.99,N02-approved-normalization
amazon-2025-09.csv,143,discount_rate,0.10,0.1,N02-approved-normalization
amazon-2025-09.csv,145,discount_rate,0.10,0.1,N02-approved-normalization
amazon-2025-09.csv,150,order_date,2025/09/11,2025-09-11,N02-approved-normalization
amazon-2025-09.csv,156,order_date,2025/09/12,2025-09-12,N02-approved-normalization
amazon-2025-09.csv,156,discount_rate,0.10,0.1,N02-approved-normalization
amazon-2025-09.csv,157,discount_rate,0.10,0.1,N02-approved-normalization
amazon-2025-09.csv,159,country,de,DE,N02-approved-normalization
amazon-2025-09.csv,164,unit_price_usd,$39.99,39.99,N02-approved-normalization
amazon-2025-09.csv,165,discount_rate,0.10,0.1,N02-approved-normalization
amazon-2025-09.csv,168,discount_rate,0.10,0.1,N02-approved-normalization
amazon-2025-09.csv,171,discount_rate,0.10,0.1,N02-approved-normalization
amazon-2025-09.csv,175,country,us,US,N02-approved-normalization
amazon-2025-09.csv,181,discount_rate,0.10,0.1,N02-approved-normalization
amazon-2025-09.csv,184,order_date,2025/09/13,2025-09-13,N02-approved-normalization
amazon-2025-09.csv,184,unit_price_usd,$24.99,24.99,N02-approved-normalization
amazon-2025-09.csv,184,discount_rate,0.10,0.1,N02-approved-normalization
amazon-2025-09.csv,187,discount_rate,0.10,0.1,N02-approved-normalization
amazon-2025-09.csv,188,unit_price_usd,$24.99,24.99,N02-approved-normalization
amazon-2025-09.csv,192,order_date,2025/09/14,2025-09-14,N02-approved-normalization
amazon-2025-09.csv,194,country,ca,CA,N02-approved-normalization
amazon-2025-09.csv,194,discount_rate,0.10,0.1,N02-approved-normalization
amazon-2025-09.csv,196,discount_rate,0.10,0.1,N02-approved-normalization
amazon-2025-09.csv,197,discount_rate,0.10,0.1,N02-approved-normalization
amazon-2025-09.csv,201,order_date,2025/09/15,2025-09-15,N02-approved-normalization
amazon-2025-09.csv,210,discount_rate,0.10,0.1,N02-approved-normalization
amazon-2025-09.csv,212,unit_price_usd,$39.99,39.99,N02-approved-normalization
amazon-2025-09.csv,214,country,us,US,N02-approved-normalization
amazon-2025-09.csv,215,discount_rate,0.10,0.1,N02-approved-normalization
amazon-2025-09.csv,216,discount_rate,0.10,0.1,N02-approved-normalization
amazon-2025-09.csv,217,discount_rate,0.10,0.1,N02-approved-normalization
amazon-2025-09.csv,220,discount_rate,0.10,0.1,N02-approved-normalization
amazon-2025-09.csv,223,discount_rate,0.10,0.1,N02-approved-normalization
amazon-2025-09.csv,224,discount_rate,0.10,0.1,N02-approved-normalization
amazon-2025-09.csv,225,discount_rate,0.10,0.1,N02-approved-normalization
amazon-2025-09.csv,227,discount_rate,0.10,0.1,N02-approved-normalization
amazon-2025-09.csv,228,discount_rate,0.10,0.1,N02-approved-normalization
amazon-2025-09.csv,230,discount_rate,0.10,0.1,N02-approved-normalization
amazon-2025-09.csv,231,order_date,2025/09/16,2025-09-16,N02-approved-normalization
amazon-2025-09.csv,231,discount_rate,0.10,0.1,N02-approved-normalization
amazon-2025-09.csv,232,country,uk,UK,N02-approved-normalization
amazon-2025-09.csv,236,unit_price_usd,$79.99,79.99,N02-approved-normalization
amazon-2025-09.csv,237,order_date,2025/09/17,2025-09-17,N02-approved-normalization
amazon-2025-09.csv,240,discount_rate,0.10,0.1,N02-approved-normalization
amazon-2025-09.csv,247,discount_rate,0.10,0.1,N02-approved-normalization
amazon-2025-09.csv,249,country,ca,CA,N02-approved-normalization
amazon-2025-09.csv,250,discount_rate,0.10,0.1,N02-approved-normalization
amazon-2025-09.csv,251,country,ca,CA,N02-approved-normalization
amazon-2025-09.csv,254,discount_rate,0.10,0.1,N02-approved-normalization
amazon-2025-09.csv,259,unit_price_usd,$14.99,14.99,N02-approved-normalization
amazon-2025-09.csv,262,discount_rate,0.10,0.1,N02-approved-normalization
amazon-2025-09.csv,265,unit_price_usd,$39.99,39.99,N02-approved-normalization
amazon-2025-09.csv,272,country,us,US,N02-approved-normalization
amazon-2025-09.csv,272,discount_rate,0.10,0.1,N02-approved-normalization
amazon-2025-09.csv,273,discount_rate,0.10,0.1,N02-approved-normalization
amazon-2025-09.csv,276,discount_rate,0.10,0.1,N02-approved-normalization
amazon-2025-09.csv,278,order_date,2025/09/19,2025-09-19,N02-approved-normalization
amazon-2025-09.csv,286,discount_rate,0.10,0.1,N02-approved-normalization
amazon-2025-09.csv,287,order_date,2025/09/20,2025-09-20,N02-approved-normalization
amazon-2025-09.csv,288,discount_rate,0.10,0.1,N02-approved-normalization
amazon-2025-09.csv,289,unit_price_usd,$14.99,14.99,N02-approved-normalization
amazon-2025-09.csv,292,country,ca,CA,N02-approved-normalization
amazon-2025-09.csv,295,discount_rate,0.10,0.1,N02-approved-normalization
amazon-2025-09.csv,307,discount_rate,0.10,0.1,N02-approved-normalization
amazon-2025-09.csv,309,country,uk,UK,N02-approved-normalization
amazon-2025-09.csv,310,unit_price_usd,$24.99,24.99,N02-approved-normalization
amazon-2025-09.csv,310,discount_rate,0.10,0.1,N02-approved-normalization
amazon-2025-09.csv,312,country,ca,CA,N02-approved-normalization
amazon-2025-09.csv,312,discount_rate,0.10,0.1,N02-approved-normalization
amazon-2025-09.csv,314,discount_rate,0.10,0.1,N02-approved-normalization
amazon-2025-09.csv,315,unit_price_usd,$14.99,14.99,N02-approved-normalization
amazon-2025-09.csv,320,discount_rate,0.10,0.1,N02-approved-normalization
amazon-2025-09.csv,325,order_date,2025/09/22,2025-09-22,N02-approved-normalization
amazon-2025-09.csv,329,country,de,DE,N02-approved-normalization
amazon-2025-09.csv,329,discount_rate,0.10,0.1,N02-approved-normalization
amazon-2025-09.csv,331,order_date,2025/09/23,2025-09-23,N02-approved-normalization
amazon-2025-09.csv,336,unit_price_usd,$39.99,39.99,N02-approved-normalization
amazon-2025-09.csv,336,discount_rate,0.10,0.1,N02-approved-normalization
amazon-2025-09.csv,338,discount_rate,0.10,0.1,N02-approved-normalization
amazon-2025-09.csv,339,discount_rate,0.10,0.1,N02-approved-normalization
amazon-2025-09.csv,341,discount_rate,0.10,0.1,N02-approved-normalization
amazon-2025-09.csv,342,discount_rate,0.10,0.1,N02-approved-normalization
amazon-2025-09.csv,346,country,us,US,N02-approved-normalization
amazon-2025-09.csv,347,discount_rate,0.10,0.1,N02-approved-normalization
amazon-2025-09.csv,355,discount_rate,0.10,0.1,N02-approved-normalization
amazon-2025-09.csv,356,discount_rate,0.10,0.1,N02-approved-normalization
amazon-2025-09.csv,361,unit_price_usd,$59.99,59.99,N02-approved-normalization
amazon-2025-09.csv,364,discount_rate,0.10,0.1,N02-approved-normalization
amazon-2025-09.csv,365,country,ca,CA,N02-approved-normalization
amazon-2025-09.csv,368,order_date,2025/09/25,2025-09-25,N02-approved-normalization
amazon-2025-09.csv,368,discount_rate,0.10,0.1,N02-approved-normalization
amazon-2025-09.csv,372,discount_rate,0.10,0.1,N02-approved-normalization
amazon-2025-09.csv,373,discount_rate,0.10,0.1,N02-approved-normalization
amazon-2025-09.csv,377,order_date,2025/09/26,2025-09-26,N02-approved-normalization
amazon-2025-09.csv,377,discount_rate,0.10,0.1,N02-approved-normalization
amazon-2025-09.csv,383,discount_rate,0.10,0.1,N02-approved-normalization
amazon-2025-09.csv,385,country,de,DE,N02-approved-normalization
amazon-2025-09.csv,385,unit_price_usd,$79.99,79.99,N02-approved-normalization
amazon-2025-09.csv,387,discount_rate,0.10,0.1,N02-approved-normalization
amazon-2025-09.csv,390,unit_price_usd,$14.99,14.99,N02-approved-normalization
amazon-2025-09.csv,391,discount_rate,0.10,0.1,N02-approved-normalization
amazon-2025-09.csv,392,discount_rate,0.10,0.1,N02-approved-normalization
amazon-2025-09.csv,397,discount_rate,0.10,0.1,N02-approved-normalization
amazon-2025-09.csv,405,discount_rate,0.10,0.1,N02-approved-normalization
amazon-2025-09.csv,409,country,de,DE,N02-approved-normalization
amazon-2025-09.csv,414,discount_rate,0.10,0.1,N02-approved-normalization
amazon-2025-09.csv,415,unit_price_usd,$24.99,24.99,N02-approved-normalization
amazon-2025-09.csv,419,unit_price_usd,$59.99,59.99,N02-approved-normalization
amazon-2025-09.csv,419,discount_rate,0.10,0.1,N02-approved-normalization
amazon-2025-09.csv,420,discount_rate,0.10,0.1,N02-approved-normalization
amazon-2025-09.csv,426,discount_rate,0.10,0.1,N02-approved-normalization
amazon-2025-09.csv,427,order_date,2025/09/29,2025-09-29,N02-approved-normalization
amazon-2025-09.csv,428,country,de,DE,N02-approved-normalization
amazon-2025-09.csv,428,discount_rate,0.10,0.1,N02-approved-normalization
amazon-2025-09.csv,431,discount_rate,0.10,0.1,N02-approved-normalization
amazon-2025-09.csv,436,order_date,2025/09/30,2025-09-30,N02-approved-normalization
amazon-2025-09.csv,437,discount_rate,0.10,0.1,N02-approved-normalization
amazon-2025-09.csv,440,discount_rate,0.10,0.1,N02-approved-normalization
amazon-2025-09.csv,441,discount_rate,0.10,0.1,N02-approved-normalization
amazon-2025-09.csv,443,unit_price_usd,$79.99,79.99,N02-approved-normalization
amazon-2025-09.csv,448,order_date,2025/09/07,2025-09-07,N02-approved-normalization
shopify-2025-07.csv,2,order_date,2025/07/01,2025-07-01,N02-approved-normalization
shopify-2025-07.csv,2,country,us,US,N02-approved-normalization
shopify-2025-07.csv,2,unit_price_usd,$59.99,59.99,N02-approved-normalization
shopify-2025-07.csv,4,discount_rate,0.10,0.1,N02-approved-normalization
shopify-2025-07.csv,7,discount_rate,0.10,0.1,N02-approved-normalization
shopify-2025-07.csv,9,discount_rate,0.10,0.1,N02-approved-normalization
shopify-2025-07.csv,17,discount_rate,0.10,0.1,N02-approved-normalization
shopify-2025-07.csv,20,country,de,DE,N02-approved-normalization
shopify-2025-07.csv,20,discount_rate,0.10,0.1,N02-approved-normalization
shopify-2025-07.csv,21,discount_rate,0.10,0.1,N02-approved-normalization
shopify-2025-07.csv,23,discount_rate,0.10,0.1,N02-approved-normalization
shopify-2025-07.csv,24,unit_price_usd,$59.99,59.99,N02-approved-normalization
shopify-2025-07.csv,24,discount_rate,0.10,0.1,N02-approved-normalization
shopify-2025-07.csv,25,discount_rate,0.10,0.1,N02-approved-normalization
shopify-2025-07.csv,32,order_date,2025/07/02,2025-07-02,N02-approved-normalization
shopify-2025-07.csv,40,discount_rate,0.10,0.1,N02-approved-normalization
shopify-2025-07.csv,42,country,us,US,N02-approved-normalization
shopify-2025-07.csv,43,order_date,2025/07/03,2025-07-03,N02-approved-normalization
shopify-2025-07.csv,43,discount_rate,0.10,0.1,N02-approved-normalization
shopify-2025-07.csv,46,discount_rate,0.10,0.1,N02-approved-normalization
shopify-2025-07.csv,51,order_date,2025/07/04,2025-07-04,N02-approved-normalization
shopify-2025-07.csv,54,unit_price_usd,$79.99,79.99,N02-approved-normalization
shopify-2025-07.csv,57,discount_rate,0.10,0.1,N02-approved-normalization
shopify-2025-07.csv,63,country,uk,UK,N02-approved-normalization
shopify-2025-07.csv,77,unit_price_usd,$14.99,14.99,N02-approved-normalization
shopify-2025-07.csv,78,discount_rate,0.10,0.1,N02-approved-normalization
shopify-2025-07.csv,83,discount_rate,0.10,0.1,N02-approved-normalization
shopify-2025-07.csv,84,unit_price_usd,$79.99,79.99,N02-approved-normalization
shopify-2025-07.csv,84,discount_rate,0.10,0.1,N02-approved-normalization
shopify-2025-07.csv,85,country,uk,UK,N02-approved-normalization
shopify-2025-07.csv,87,discount_rate,0.10,0.1,N02-approved-normalization
shopify-2025-07.csv,88,discount_rate,0.10,0.1,N02-approved-normalization
shopify-2025-07.csv,89,discount_rate,0.10,0.1,N02-approved-normalization
shopify-2025-07.csv,91,discount_rate,0.10,0.1,N02-approved-normalization
shopify-2025-07.csv,93,order_date,2025/07/06,2025-07-06,N02-approved-normalization
shopify-2025-07.csv,96,discount_rate,0.10,0.1,N02-approved-normalization
shopify-2025-07.csv,100,discount_rate,0.10,0.1,N02-approved-normalization
shopify-2025-07.csv,103,order_date,2025/07/07,2025-07-07,N02-approved-normalization
shopify-2025-07.csv,104,discount_rate,0.10,0.1,N02-approved-normalization
shopify-2025-07.csv,106,country,us,US,N02-approved-normalization
shopify-2025-07.csv,108,discount_rate,0.10,0.1,N02-approved-normalization
shopify-2025-07.csv,110,discount_rate,0.10,0.1,N02-approved-normalization
shopify-2025-07.csv,111,country,us,US,N02-approved-normalization
shopify-2025-07.csv,111,discount_rate,0.10,0.1,N02-approved-normalization
shopify-2025-07.csv,114,order_date,2025/07/08,2025-07-08,N02-approved-normalization
shopify-2025-07.csv,116,unit_price_usd,$59.99,59.99,N02-approved-normalization
shopify-2025-07.csv,117,discount_rate,0.10,0.1,N02-approved-normalization
shopify-2025-07.csv,122,discount_rate,0.10,0.1,N02-approved-normalization
shopify-2025-07.csv,128,country,us,US,N02-approved-normalization
shopify-2025-07.csv,132,discount_rate,0.10,0.1,N02-approved-normalization
shopify-2025-07.csv,133,discount_rate,0.10,0.1,N02-approved-normalization
shopify-2025-07.csv,137,unit_price_usd,$59.99,59.99,N02-approved-normalization
shopify-2025-07.csv,141,unit_price_usd,$14.99,14.99,N02-approved-normalization
shopify-2025-07.csv,142,discount_rate,0.10,0.1,N02-approved-normalization
shopify-2025-07.csv,146,discount_rate,0.10,0.1,N02-approved-normalization
shopify-2025-07.csv,147,country,us,US,N02-approved-normalization
shopify-2025-07.csv,152,discount_rate,0.10,0.1,N02-approved-normalization
shopify-2025-07.csv,153,discount_rate,0.10,0.1,N02-approved-normalization
shopify-2025-07.csv,155,discount_rate,0.10,0.1,N02-approved-normalization
shopify-2025-07.csv,159,order_date,2025/07/11,2025-07-11,N02-approved-normalization
shopify-2025-07.csv,159,discount_rate,0.10,0.1,N02-approved-normalization
shopify-2025-07.csv,162,discount_rate,0.10,0.1,N02-approved-normalization
shopify-2025-07.csv,163,discount_rate,0.10,0.1,N02-approved-normalization
shopify-2025-07.csv,164,unit_price_usd,$59.99,59.99,N02-approved-normalization
shopify-2025-07.csv,166,order_date,2025/07/12,2025-07-12,N02-approved-normalization
shopify-2025-07.csv,166,discount_rate,0.10,0.1,N02-approved-normalization
shopify-2025-07.csv,167,country,de,DE,N02-approved-normalization
shopify-2025-07.csv,167,unit_price_usd,$79.99,79.99,N02-approved-normalization
shopify-2025-07.csv,167,discount_rate,0.10,0.1,N02-approved-normalization
shopify-2025-07.csv,172,discount_rate,0.10,0.1,N02-approved-normalization
shopify-2025-07.csv,176,discount_rate,0.10,0.1,N02-approved-normalization
shopify-2025-07.csv,179,discount_rate,0.10,0.1,N02-approved-normalization
shopify-2025-07.csv,182,discount_rate,0.10,0.1,N02-approved-normalization
shopify-2025-07.csv,185,discount_rate,0.10,0.1,N02-approved-normalization
shopify-2025-07.csv,186,discount_rate,0.10,0.1,N02-approved-normalization
shopify-2025-07.csv,187,country,de,DE,N02-approved-normalization
shopify-2025-07.csv,190,discount_rate,0.10,0.1,N02-approved-normalization
shopify-2025-07.csv,191,unit_price_usd,$14.99,14.99,N02-approved-normalization
shopify-2025-07.csv,193,discount_rate,0.10,0.1,N02-approved-normalization
shopify-2025-07.csv,195,unit_price_usd,$24.99,24.99,N02-approved-normalization
shopify-2025-07.csv,201,discount_rate,0.10,0.1,N02-approved-normalization
shopify-2025-07.csv,203,discount_rate,0.10,0.1,N02-approved-normalization
shopify-2025-07.csv,209,country,uk,UK,N02-approved-normalization
shopify-2025-07.csv,209,discount_rate,0.10,0.1,N02-approved-normalization
shopify-2025-07.csv,211,discount_rate,0.10,0.1,N02-approved-normalization
shopify-2025-07.csv,212,discount_rate,0.10,0.1,N02-approved-normalization
shopify-2025-07.csv,214,discount_rate,0.10,0.1,N02-approved-normalization
shopify-2025-07.csv,215,order_date,2025/07/15,2025-07-15,N02-approved-normalization
shopify-2025-07.csv,215,discount_rate,0.10,0.1,N02-approved-normalization
shopify-2025-07.csv,216,discount_rate,0.10,0.1,N02-approved-normalization
shopify-2025-07.csv,217,discount_rate,0.10,0.1,N02-approved-normalization
shopify-2025-07.csv,220,discount_rate,0.10,0.1,N02-approved-normalization
shopify-2025-07.csv,223,discount_rate,0.10,0.1,N02-approved-normalization
shopify-2025-07.csv,224,order_date,2025/07/16,2025-07-16,N02-approved-normalization
shopify-2025-07.csv,224,unit_price_usd,$79.99,79.99,N02-approved-normalization
shopify-2025-07.csv,226,discount_rate,0.10,0.1,N02-approved-normalization
shopify-2025-07.csv,229,country,de,DE,N02-approved-normalization
shopify-2025-07.csv,232,discount_rate,0.10,0.1,N02-approved-normalization
shopify-2025-07.csv,233,country,us,US,N02-approved-normalization
shopify-2025-07.csv,234,order_date,2025/07/17,2025-07-17,N02-approved-normalization
shopify-2025-07.csv,234,discount_rate,0.10,0.1,N02-approved-normalization
shopify-2025-07.csv,244,discount_rate,0.10,0.1,N02-approved-normalization
shopify-2025-07.csv,246,discount_rate,0.10,0.1,N02-approved-normalization
shopify-2025-07.csv,254,country,us,US,N02-approved-normalization
shopify-2025-07.csv,254,discount_rate,0.10,0.1,N02-approved-normalization
shopify-2025-07.csv,255,unit_price_usd,$59.99,59.99,N02-approved-normalization
shopify-2025-07.csv,259,discount_rate,0.10,0.1,N02-approved-normalization
shopify-2025-07.csv,265,discount_rate,0.10,0.1,N02-approved-normalization
shopify-2025-07.csv,266,discount_rate,0.10,0.1,N02-approved-normalization
shopify-2025-07.csv,268,discount_rate,0.10,0.1,N02-approved-normalization
shopify-2025-07.csv,269,discount_rate,0.10,0.1,N02-approved-normalization
shopify-2025-07.csv,271,country,de,DE,N02-approved-normalization
shopify-2025-07.csv,273,order_date,2025/07/19,2025-07-19,N02-approved-normalization
shopify-2025-07.csv,278,unit_price_usd,$59.99,59.99,N02-approved-normalization
shopify-2025-07.csv,278,discount_rate,0.10,0.1,N02-approved-normalization
shopify-2025-07.csv,279,order_date,2025/07/20,2025-07-20,N02-approved-normalization
shopify-2025-07.csv,287,discount_rate,0.10,0.1,N02-approved-normalization
shopify-2025-07.csv,288,country,us,US,N02-approved-normalization
shopify-2025-07.csv,288,discount_rate,0.10,0.1,N02-approved-normalization
shopify-2025-07.csv,289,discount_rate,0.10,0.1,N02-approved-normalization
shopify-2025-07.csv,292,country,de,DE,N02-approved-normalization
shopify-2025-07.csv,300,discount_rate,0.10,0.1,N02-approved-normalization
shopify-2025-07.csv,303,unit_price_usd,$39.99,39.99,N02-approved-normalization
shopify-2025-07.csv,303,discount_rate,0.10,0.1,N02-approved-normalization
shopify-2025-07.csv,306,discount_rate,0.10,0.1,N02-approved-normalization
shopify-2025-07.csv,307,discount_rate,0.10,0.1,N02-approved-normalization
shopify-2025-07.csv,308,country,us,US,N02-approved-normalization
shopify-2025-07.csv,312,discount_rate,0.10,0.1,N02-approved-normalization
shopify-2025-07.csv,315,discount_rate,0.10,0.1,N02-approved-normalization
shopify-2025-07.csv,317,order_date,2025/07/22,2025-07-22,N02-approved-normalization
shopify-2025-07.csv,317,discount_rate,0.10,0.1,N02-approved-normalization
shopify-2025-07.csv,320,discount_rate,0.10,0.1,N02-approved-normalization
shopify-2025-07.csv,322,discount_rate,0.10,0.1,N02-approved-normalization
shopify-2025-07.csv,323,discount_rate,0.10,0.1,N02-approved-normalization
shopify-2025-07.csv,324,discount_rate,0.10,0.1,N02-approved-normalization
shopify-2025-07.csv,327,order_date,2025/07/23,2025-07-23,N02-approved-normalization
shopify-2025-07.csv,329,country,de,DE,N02-approved-normalization
shopify-2025-07.csv,329,unit_price_usd,$14.99,14.99,N02-approved-normalization
shopify-2025-07.csv,331,discount_rate,0.10,0.1,N02-approved-normalization
shopify-2025-07.csv,334,unit_price_usd,$39.99,39.99,N02-approved-normalization
shopify-2025-07.csv,334,discount_rate,0.10,0.1,N02-approved-normalization
shopify-2025-07.csv,336,order_date,2025/07/24,2025-07-24,N02-approved-normalization
shopify-2025-07.csv,336,discount_rate,0.10,0.1,N02-approved-normalization
shopify-2025-07.csv,339,discount_rate,0.10,0.1,N02-approved-normalization
shopify-2025-07.csv,340,discount_rate,0.10,0.1,N02-approved-normalization
shopify-2025-07.csv,344,discount_rate,0.10,0.1,N02-approved-normalization
shopify-2025-07.csv,349,country,us,US,N02-approved-normalization
shopify-2025-07.csv,353,country,de,DE,N02-approved-normalization
shopify-2025-07.csv,353,discount_rate,0.10,0.1,N02-approved-normalization
shopify-2025-07.csv,355,discount_rate,0.10,0.1,N02-approved-normalization
shopify-2025-07.csv,359,unit_price_usd,$59.99,59.99,N02-approved-normalization
shopify-2025-07.csv,365,unit_price_usd,$14.99,14.99,N02-approved-normalization
shopify-2025-07.csv,370,discount_rate,0.10,0.1,N02-approved-normalization
shopify-2025-07.csv,371,discount_rate,0.10,0.1,N02-approved-normalization
shopify-2025-07.csv,374,country,uk,UK,N02-approved-normalization
shopify-2025-07.csv,374,discount_rate,0.10,0.1,N02-approved-normalization
shopify-2025-07.csv,375,discount_rate,0.10,0.1,N02-approved-normalization
shopify-2025-07.csv,376,discount_rate,0.10,0.1,N02-approved-normalization
shopify-2025-07.csv,377,country,us,US,N02-approved-normalization
shopify-2025-07.csv,377,discount_rate,0.10,0.1,N02-approved-normalization
shopify-2025-07.csv,380,discount_rate,0.10,0.1,N02-approved-normalization
shopify-2025-07.csv,382,discount_rate,0.10,0.1,N02-approved-normalization
shopify-2025-07.csv,385,discount_rate,0.10,0.1,N02-approved-normalization
shopify-2025-07.csv,388,order_date,2025/07/27,2025-07-27,N02-approved-normalization
shopify-2025-07.csv,389,unit_price_usd,$59.99,59.99,N02-approved-normalization
shopify-2025-07.csv,392,unit_price_usd,$59.99,59.99,N02-approved-normalization
shopify-2025-07.csv,393,discount_rate,0.10,0.1,N02-approved-normalization
shopify-2025-07.csv,395,order_date,2025/07/28,2025-07-28,N02-approved-normalization
shopify-2025-07.csv,395,country,us,US,N02-approved-normalization
shopify-2025-07.csv,395,discount_rate,0.10,0.1,N02-approved-normalization
shopify-2025-07.csv,398,discount_rate,0.10,0.1,N02-approved-normalization
shopify-2025-07.csv,402,discount_rate,0.10,0.1,N02-approved-normalization
shopify-2025-07.csv,404,discount_rate,0.10,0.1,N02-approved-normalization
shopify-2025-07.csv,408,discount_rate,0.10,0.1,N02-approved-normalization
shopify-2025-07.csv,415,country,us,US,N02-approved-normalization
shopify-2025-07.csv,416,unit_price_usd,$39.99,39.99,N02-approved-normalization
shopify-2025-07.csv,418,country,us,US,N02-approved-normalization
shopify-2025-07.csv,419,discount_rate,0.10,0.1,N02-approved-normalization
shopify-2025-07.csv,421,unit_price_usd,$39.99,39.99,N02-approved-normalization
shopify-2025-07.csv,424,discount_rate,0.10,0.1,N02-approved-normalization
shopify-2025-07.csv,428,discount_rate,0.10,0.1,N02-approved-normalization
shopify-2025-07.csv,429,discount_rate,0.10,0.1,N02-approved-normalization
shopify-2025-07.csv,430,discount_rate,0.10,0.1,N02-approved-normalization
shopify-2025-07.csv,435,country,de,DE,N02-approved-normalization
shopify-2025-07.csv,437,discount_rate,0.10,0.1,N02-approved-normalization
shopify-2025-07.csv,441,discount_rate,0.10,0.1,N02-approved-normalization
shopify-2025-07.csv,442,order_date,2025/07/31,2025-07-31,N02-approved-normalization
shopify-2025-07.csv,442,unit_price_usd,$39.99,39.99,N02-approved-normalization
shopify-2025-07.csv,442,discount_rate,0.10,0.1,N02-approved-normalization
shopify-2025-07.csv,447,country,de,DE,N02-approved-normalization
shopify-2025-08.csv,5,unit_price_usd,$39.99,39.99,N02-approved-normalization
shopify-2025-08.csv,6,discount_rate,0.10,0.1,N02-approved-normalization
shopify-2025-08.csv,9,order_date,2025/08/01,2025-08-01,N02-approved-normalization
shopify-2025-08.csv,13,country,de,DE,N02-approved-normalization
shopify-2025-08.csv,13,discount_rate,0.10,0.1,N02-approved-normalization
shopify-2025-08.csv,16,order_date,2025/08/02,2025-08-02,N02-approved-normalization
shopify-2025-08.csv,21,discount_rate,0.10,0.1,N02-approved-normalization
shopify-2025-08.csv,24,discount_rate,0.10,0.1,N02-approved-normalization
shopify-2025-08.csv,25,discount_rate,0.10,0.1,N02-approved-normalization
shopify-2025-08.csv,27,unit_price_usd,$24.99,24.99,N02-approved-normalization
shopify-2025-08.csv,27,discount_rate,0.10,0.1,N02-approved-normalization
shopify-2025-08.csv,31,discount_rate,0.10,0.1,N02-approved-normalization
shopify-2025-08.csv,33,unit_price_usd,$39.99,39.99,N02-approved-normalization
shopify-2025-08.csv,33,discount_rate,0.10,0.1,N02-approved-normalization
shopify-2025-08.csv,35,country,ca,CA,N02-approved-normalization
shopify-2025-08.csv,35,discount_rate,0.10,0.1,N02-approved-normalization
shopify-2025-08.csv,36,discount_rate,0.10,0.1,N02-approved-normalization
shopify-2025-08.csv,49,discount_rate,0.10,0.1,N02-approved-normalization
shopify-2025-08.csv,50,discount_rate,0.10,0.1,N02-approved-normalization
shopify-2025-08.csv,52,country,de,DE,N02-approved-normalization
shopify-2025-08.csv,53,discount_rate,0.10,0.1,N02-approved-normalization
shopify-2025-08.csv,54,unit_price_usd,$59.99,59.99,N02-approved-normalization
shopify-2025-08.csv,54,discount_rate,0.10,0.1,N02-approved-normalization
shopify-2025-08.csv,55,order_date,2025/08/04,2025-08-04,N02-approved-normalization
shopify-2025-08.csv,62,order_date,2025/08/05,2025-08-05,N02-approved-normalization
shopify-2025-08.csv,66,discount_rate,0.10,0.1,N02-approved-normalization
shopify-2025-08.csv,70,country,de,DE,N02-approved-normalization
shopify-2025-08.csv,73,discount_rate,0.10,0.1,N02-approved-normalization
shopify-2025-08.csv,78,unit_price_usd,$24.99,24.99,N02-approved-normalization
shopify-2025-08.csv,81,discount_rate,0.10,0.1,N02-approved-normalization
shopify-2025-08.csv,84,discount_rate,0.10,0.1,N02-approved-normalization
shopify-2025-08.csv,86,discount_rate,0.10,0.1,N02-approved-normalization
shopify-2025-08.csv,87,country,us,US,N02-approved-normalization
shopify-2025-08.csv,91,country,uk,UK,N02-approved-normalization
shopify-2025-08.csv,95,discount_rate,0.10,0.1,N02-approved-normalization
shopify-2025-08.csv,96,discount_rate,0.10,0.1,N02-approved-normalization
shopify-2025-08.csv,101,order_date,2025/08/07,2025-08-07,N02-approved-normalization
shopify-2025-08.csv,103,unit_price_usd,$39.99,39.99,N02-approved-normalization
shopify-2025-08.csv,103,discount_rate,0.10,0.1,N02-approved-normalization
shopify-2025-08.csv,107,unit_price_usd,$59.99,59.99,N02-approved-normalization
shopify-2025-08.csv,107,discount_rate,0.10,0.1,N02-approved-normalization
shopify-2025-08.csv,109,order_date,2025/08/08,2025-08-08,N02-approved-normalization
shopify-2025-08.csv,110,country,ca,CA,N02-approved-normalization
shopify-2025-08.csv,111,discount_rate,0.10,0.1,N02-approved-normalization
shopify-2025-08.csv,116,discount_rate,0.10,0.1,N02-approved-normalization
shopify-2025-08.csv,118,discount_rate,0.10,0.1,N02-approved-normalization
shopify-2025-08.csv,120,order_date,2025/08/09,2025-08-09,N02-approved-normalization
shopify-2025-08.csv,120,discount_rate,0.10,0.1,N02-approved-normalization
shopify-2025-08.csv,123,discount_rate,0.10,0.1,N02-approved-normalization
shopify-2025-08.csv,124,discount_rate,0.10,0.1,N02-approved-normalization
shopify-2025-08.csv,129,discount_rate,0.10,0.1,N02-approved-normalization
shopify-2025-08.csv,130,discount_rate,0.10,0.1,N02-approved-normalization
shopify-2025-08.csv,131,discount_rate,0.10,0.1,N02-approved-normalization
shopify-2025-08.csv,132,country,uk,UK,N02-approved-normalization
shopify-2025-08.csv,133,country,us,US,N02-approved-normalization
shopify-2025-08.csv,136,unit_price_usd,$24.99,24.99,N02-approved-normalization
shopify-2025-08.csv,141,discount_rate,0.10,0.1,N02-approved-normalization
shopify-2025-08.csv,142,discount_rate,0.10,0.1,N02-approved-normalization
shopify-2025-08.csv,143,discount_rate,0.10,0.1,N02-approved-normalization
shopify-2025-08.csv,146,discount_rate,0.10,0.1,N02-approved-normalization
shopify-2025-08.csv,150,order_date,2025/08/10,2025-08-10,N02-approved-normalization
shopify-2025-08.csv,150,country,de,DE,N02-approved-normalization
shopify-2025-08.csv,151,discount_rate,0.10,0.1,N02-approved-normalization
shopify-2025-08.csv,152,country,de,DE,N02-approved-normalization
shopify-2025-08.csv,158,order_date,2025/08/11,2025-08-11,N02-approved-normalization
shopify-2025-08.csv,158,discount_rate,0.10,0.1,N02-approved-normalization
shopify-2025-08.csv,159,unit_price_usd,$14.99,14.99,N02-approved-normalization
shopify-2025-08.csv,159,discount_rate,0.10,0.1,N02-approved-normalization
shopify-2025-08.csv,161,discount_rate,0.10,0.1,N02-approved-normalization
shopify-2025-08.csv,166,discount_rate,0.10,0.1,N02-approved-normalization
shopify-2025-08.csv,169,discount_rate,0.10,0.1,N02-approved-normalization
shopify-2025-08.csv,170,country,us,US,N02-approved-normalization
shopify-2025-08.csv,173,discount_rate,0.10,0.1,N02-approved-normalization
shopify-2025-08.csv,181,discount_rate,0.10,0.1,N02-approved-normalization
shopify-2025-08.csv,182,discount_rate,0.10,0.1,N02-approved-normalization
shopify-2025-08.csv,183,discount_rate,0.10,0.1,N02-approved-normalization
shopify-2025-08.csv,184,unit_price_usd,$24.99,24.99,N02-approved-normalization
shopify-2025-08.csv,186,discount_rate,0.10,0.1,N02-approved-normalization
shopify-2025-08.csv,187,discount_rate,0.10,0.1,N02-approved-normalization
shopify-2025-08.csv,188,country,de,DE,N02-approved-normalization
shopify-2025-08.csv,195,order_date,2025/08/13,2025-08-13,N02-approved-normalization
shopify-2025-08.csv,196,discount_rate,0.10,0.1,N02-approved-normalization
shopify-2025-08.csv,202,order_date,2025/08/14,2025-08-14,N02-approved-normalization
shopify-2025-08.csv,203,discount_rate,0.10,0.1,N02-approved-normalization
shopify-2025-08.csv,204,discount_rate,0.10,0.1,N02-approved-normalization
shopify-2025-08.csv,206,country,uk,UK,N02-approved-normalization
shopify-2025-08.csv,206,unit_price_usd,$39.99,39.99,N02-approved-normalization
shopify-2025-08.csv,210,country,ca,CA,N02-approved-normalization
shopify-2025-08.csv,212,order_date,2025/08/15,2025-08-15,N02-approved-normalization
shopify-2025-08.csv,212,unit_price_usd,$14.99,14.99,N02-approved-normalization
shopify-2025-08.csv,219,discount_rate,0.10,0.1,N02-approved-normalization
shopify-2025-08.csv,220,discount_rate,0.10,0.1,N02-approved-normalization
shopify-2025-08.csv,222,discount_rate,0.10,0.1,N02-approved-normalization
shopify-2025-08.csv,223,discount_rate,0.10,0.1,N02-approved-normalization
shopify-2025-08.csv,224,discount_rate,0.10,0.1,N02-approved-normalization
shopify-2025-08.csv,228,country,uk,UK,N02-approved-normalization
shopify-2025-08.csv,230,discount_rate,0.10,0.1,N02-approved-normalization
shopify-2025-08.csv,231,discount_rate,0.10,0.1,N02-approved-normalization
shopify-2025-08.csv,234,unit_price_usd,$39.99,39.99,N02-approved-normalization
shopify-2025-08.csv,238,discount_rate,0.10,0.1,N02-approved-normalization
shopify-2025-08.csv,242,order_date,2025/08/16,2025-08-16,N02-approved-normalization
shopify-2025-08.csv,242,discount_rate,0.10,0.1,N02-approved-normalization
shopify-2025-08.csv,243,discount_rate,0.10,0.1,N02-approved-normalization
shopify-2025-08.csv,248,country,de,DE,N02-approved-normalization
shopify-2025-08.csv,251,order_date,2025/08/17,2025-08-17,N02-approved-normalization
shopify-2025-08.csv,252,discount_rate,0.10,0.1,N02-approved-normalization
shopify-2025-08.csv,253,discount_rate,0.10,0.1,N02-approved-normalization
shopify-2025-08.csv,257,discount_rate,0.10,0.1,N02-approved-normalization
shopify-2025-08.csv,259,unit_price_usd,$14.99,14.99,N02-approved-normalization
shopify-2025-08.csv,259,discount_rate,0.10,0.1,N02-approved-normalization
shopify-2025-08.csv,261,discount_rate,0.10,0.1,N02-approved-normalization
shopify-2025-08.csv,264,country,de,DE,N02-approved-normalization
shopify-2025-08.csv,268,discount_rate,0.10,0.1,N02-approved-normalization
shopify-2025-08.csv,270,discount_rate,0.10,0.1,N02-approved-normalization
shopify-2025-08.csv,272,discount_rate,0.10,0.1,N02-approved-normalization
shopify-2025-08.csv,276,discount_rate,0.10,0.1,N02-approved-normalization
shopify-2025-08.csv,282,unit_price_usd,$24.99,24.99,N02-approved-normalization
shopify-2025-08.csv,283,country,uk,UK,N02-approved-normalization
shopify-2025-08.csv,283,discount_rate,0.10,0.1,N02-approved-normalization
shopify-2025-08.csv,286,discount_rate,0.10,0.1,N02-approved-normalization
shopify-2025-08.csv,291,discount_rate,0.10,0.1,N02-approved-normalization
shopify-2025-08.csv,293,order_date,2025/08/20,2025-08-20,N02-approved-normalization
shopify-2025-08.csv,294,discount_rate,0.10,0.1,N02-approved-normalization
shopify-2025-08.csv,300,discount_rate,0.10,0.1,N02-approved-normalization
shopify-2025-08.csv,302,discount_rate,0.10,0.1,N02-approved-normalization
shopify-2025-08.csv,304,order_date,2025/08/21,2025-08-21,N02-approved-normalization
shopify-2025-08.csv,305,country,us,US,N02-approved-normalization
shopify-2025-08.csv,306,discount_rate,0.10,0.1,N02-approved-normalization
shopify-2025-08.csv,310,unit_price_usd,$14.99,14.99,N02-approved-normalization
shopify-2025-08.csv,315,discount_rate,0.10,0.1,N02-approved-normalization
shopify-2025-08.csv,316,discount_rate,0.10,0.1,N02-approved-normalization
shopify-2025-08.csv,319,discount_rate,0.10,0.1,N02-approved-normalization
shopify-2025-08.csv,322,country,ca,CA,N02-approved-normalization
shopify-2025-08.csv,325,discount_rate,0.10,0.1,N02-approved-normalization
shopify-2025-08.csv,334,unit_price_usd,$24.99,24.99,N02-approved-normalization
shopify-2025-08.csv,335,discount_rate,0.10,0.1,N02-approved-normalization
shopify-2025-08.csv,340,order_date,2025/08/23,2025-08-23,N02-approved-normalization
shopify-2025-08.csv,340,country,ca,CA,N02-approved-normalization
shopify-2025-08.csv,343,discount_rate,0.10,0.1,N02-approved-normalization
shopify-2025-08.csv,344,discount_rate,0.10,0.1,N02-approved-normalization
shopify-2025-08.csv,346,discount_rate,0.10,0.1,N02-approved-normalization
shopify-2025-08.csv,348,order_date,2025/08/24,2025-08-24,N02-approved-normalization
shopify-2025-08.csv,348,discount_rate,0.10,0.1,N02-approved-normalization
shopify-2025-08.csv,350,discount_rate,0.10,0.1,N02-approved-normalization
shopify-2025-08.csv,351,discount_rate,0.10,0.1,N02-approved-normalization
shopify-2025-08.csv,356,discount_rate,0.10,0.1,N02-approved-normalization
shopify-2025-08.csv,360,country,us,US,N02-approved-normalization
shopify-2025-08.csv,360,unit_price_usd,$24.99,24.99,N02-approved-normalization
shopify-2025-08.csv,360,discount_rate,0.10,0.1,N02-approved-normalization
shopify-2025-08.csv,361,discount_rate,0.10,0.1,N02-approved-normalization
shopify-2025-08.csv,363,discount_rate,0.10,0.1,N02-approved-normalization
shopify-2025-08.csv,366,discount_rate,0.10,0.1,N02-approved-normalization
shopify-2025-08.csv,367,discount_rate,0.10,0.1,N02-approved-normalization
shopify-2025-08.csv,370,discount_rate,0.10,0.1,N02-approved-normalization
shopify-2025-08.csv,376,discount_rate,0.10,0.1,N02-approved-normalization
shopify-2025-08.csv,378,discount_rate,0.10,0.1,N02-approved-normalization
shopify-2025-08.csv,380,country,us,US,N02-approved-normalization
shopify-2025-08.csv,384,unit_price_usd,$24.99,24.99,N02-approved-normalization
shopify-2025-08.csv,384,discount_rate,0.10,0.1,N02-approved-normalization
shopify-2025-08.csv,385,discount_rate,0.10,0.1,N02-approved-normalization
shopify-2025-08.csv,389,unit_price_usd,$79.99,79.99,N02-approved-normalization
shopify-2025-08.csv,390,discount_rate,0.10,0.1,N02-approved-normalization
shopify-2025-08.csv,396,order_date,2025/08/27,2025-08-27,N02-approved-normalization
shopify-2025-08.csv,397,discount_rate,0.10,0.1,N02-approved-normalization
shopify-2025-08.csv,400,country,ca,CA,N02-approved-normalization
shopify-2025-08.csv,402,discount_rate,0.10,0.1,N02-approved-normalization
shopify-2025-08.csv,405,discount_rate,0.10,0.1,N02-approved-normalization
shopify-2025-08.csv,406,country,ca,CA,N02-approved-normalization
shopify-2025-08.csv,408,order_date,2025/08/28,2025-08-28,N02-approved-normalization
shopify-2025-08.csv,414,discount_rate,0.10,0.1,N02-approved-normalization
shopify-2025-08.csv,417,discount_rate,0.10,0.1,N02-approved-normalization
shopify-2025-08.csv,419,unit_price_usd,$79.99,79.99,N02-approved-normalization
shopify-2025-08.csv,423,discount_rate,0.10,0.1,N02-approved-normalization
shopify-2025-08.csv,424,country,ca,CA,N02-approved-normalization
shopify-2025-08.csv,425,discount_rate,0.10,0.1,N02-approved-normalization
shopify-2025-08.csv,429,discount_rate,0.10,0.1,N02-approved-normalization
shopify-2025-08.csv,430,discount_rate,0.10,0.1,N02-approved-normalization
shopify-2025-08.csv,431,discount_rate,0.10,0.1,N02-approved-normalization
shopify-2025-08.csv,432,discount_rate,0.10,0.1,N02-approved-normalization
shopify-2025-08.csv,434,discount_rate,0.10,0.1,N02-approved-normalization
shopify-2025-08.csv,439,discount_rate,0.10,0.1,N02-approved-normalization
shopify-2025-08.csv,444,discount_rate,0.10,0.1,N02-approved-normalization
shopify-2025-08.csv,446,discount_rate,0.10,0.1,N02-approved-normalization
shopify-2025-08.csv,449,country,uk,UK,N02-approved-normalization
shopify-2025-08.csv,450,unit_price_usd,$39.99,39.99,N02-approved-normalization
shopify-2025-08.csv,450,discount_rate,0.10,0.1,N02-approved-normalization
shopify-2025-08.csv,453,discount_rate,0.10,0.1,N02-approved-normalization
shopify-2025-08.csv,457,discount_rate,0.10,0.1,N02-approved-normalization
shopify-2025-08.csv,458,order_date,2025/08/31,2025-08-31,N02-approved-normalization
shopify-2025-08.csv,458,discount_rate,0.10,0.1,N02-approved-normalization
shopify-2025-09.csv,2,discount_rate,0.10,0.1,N02-approved-normalization
shopify-2025-09.csv,4,discount_rate,0.10,0.1,N02-approved-normalization
shopify-2025-09.csv,7,order_date,2025/09/01,2025-09-01,N02-approved-normalization
shopify-2025-09.csv,9,country,us,US,N02-approved-normalization
shopify-2025-09.csv,9,discount_rate,0.10,0.1,N02-approved-normalization
shopify-2025-09.csv,10,discount_rate,0.10,0.1,N02-approved-normalization
shopify-2025-09.csv,14,unit_price_usd,$59.99,59.99,N02-approved-normalization
shopify-2025-09.csv,14,discount_rate,0.10,0.1,N02-approved-normalization
shopify-2025-09.csv,15,order_date,2025/09/02,2025-09-02,N02-approved-normalization
shopify-2025-09.csv,18,unit_price_usd,$39.99,39.99,N02-approved-normalization
shopify-2025-09.csv,22,discount_rate,0.10,0.1,N02-approved-normalization
shopify-2025-09.csv,24,discount_rate,0.10,0.1,N02-approved-normalization
shopify-2025-09.csv,26,discount_rate,0.10,0.1,N02-approved-normalization
shopify-2025-09.csv,27,discount_rate,0.10,0.1,N02-approved-normalization
shopify-2025-09.csv,28,country,ca,CA,N02-approved-normalization
shopify-2025-09.csv,32,country,de,DE,N02-approved-normalization
shopify-2025-09.csv,33,discount_rate,0.10,0.1,N02-approved-normalization
shopify-2025-09.csv,38,discount_rate,0.10,0.1,N02-approved-normalization
shopify-2025-09.csv,42,discount_rate,0.10,0.1,N02-approved-normalization
shopify-2025-09.csv,46,discount_rate,0.10,0.1,N02-approved-normalization
shopify-2025-09.csv,48,unit_price_usd,$79.99,79.99,N02-approved-normalization
shopify-2025-09.csv,50,discount_rate,0.10,0.1,N02-approved-normalization
shopify-2025-09.csv,51,discount_rate,0.10,0.1,N02-approved-normalization
shopify-2025-09.csv,52,country,uk,UK,N02-approved-normalization
shopify-2025-09.csv,53,discount_rate,0.10,0.1,N02-approved-normalization
shopify-2025-09.csv,55,discount_rate,0.10,0.1,N02-approved-normalization
shopify-2025-09.csv,57,order_date,2025/09/04,2025-09-04,N02-approved-normalization
shopify-2025-09.csv,58,discount_rate,0.10,0.1,N02-approved-normalization
shopify-2025-09.csv,59,discount_rate,0.10,0.1,N02-approved-normalization
shopify-2025-09.csv,64,discount_rate,0.10,0.1,N02-approved-normalization
shopify-2025-09.csv,67,order_date,2025/09/05,2025-09-05,N02-approved-normalization
shopify-2025-09.csv,70,discount_rate,0.10,0.1,N02-approved-normalization
shopify-2025-09.csv,71,discount_rate,0.10,0.1,N02-approved-normalization
shopify-2025-09.csv,73,country,ca,CA,N02-approved-normalization
shopify-2025-09.csv,73,unit_price_usd,$39.99,39.99,N02-approved-normalization
shopify-2025-09.csv,73,discount_rate,0.10,0.1,N02-approved-normalization
shopify-2025-09.csv,74,discount_rate,0.10,0.1,N02-approved-normalization
shopify-2025-09.csv,75,order_date,2025/09/06,2025-09-06,N02-approved-normalization
shopify-2025-09.csv,75,country,ca,CA,N02-approved-normalization
shopify-2025-09.csv,77,unit_price_usd,$79.99,79.99,N02-approved-normalization
shopify-2025-09.csv,81,discount_rate,0.10,0.1,N02-approved-normalization
shopify-2025-09.csv,82,discount_rate,0.10,0.1,N02-approved-normalization
shopify-2025-09.csv,87,discount_rate,0.10,0.1,N02-approved-normalization
shopify-2025-09.csv,92,discount_rate,0.10,0.1,N02-approved-normalization
shopify-2025-09.csv,94,discount_rate,0.10,0.1,N02-approved-normalization
shopify-2025-09.csv,96,country,ca,CA,N02-approved-normalization
shopify-2025-09.csv,104,unit_price_usd,$79.99,79.99,N02-approved-normalization
shopify-2025-09.csv,106,discount_rate,0.10,0.1,N02-approved-normalization
shopify-2025-09.csv,109,discount_rate,0.10,0.1,N02-approved-normalization
shopify-2025-09.csv,113,country,uk,UK,N02-approved-normalization
shopify-2025-09.csv,114,order_date,2025/09/08,2025-09-08,N02-approved-normalization
shopify-2025-09.csv,116,country,de,DE,N02-approved-normalization
shopify-2025-09.csv,117,discount_rate,0.10,0.1,N02-approved-normalization
shopify-2025-09.csv,119,discount_rate,0.10,0.1,N02-approved-normalization
shopify-2025-09.csv,122,discount_rate,0.10,0.1,N02-approved-normalization
shopify-2025-09.csv,123,order_date,2025/09/09,2025-09-09,N02-approved-normalization
shopify-2025-09.csv,128,unit_price_usd,$79.99,79.99,N02-approved-normalization
shopify-2025-09.csv,134,order_date,2025/09/10,2025-09-10,N02-approved-normalization
shopify-2025-09.csv,135,unit_price_usd,$39.99,39.99,N02-approved-normalization
shopify-2025-09.csv,135,discount_rate,0.10,0.1,N02-approved-normalization
shopify-2025-09.csv,138,country,ca,CA,N02-approved-normalization
shopify-2025-09.csv,139,discount_rate,0.10,0.1,N02-approved-normalization
shopify-2025-09.csv,141,country,ca,CA,N02-approved-normalization
shopify-2025-09.csv,141,discount_rate,0.10,0.1,N02-approved-normalization
shopify-2025-09.csv,143,order_date,2025/09/11,2025-09-11,N02-approved-normalization
shopify-2025-09.csv,143,discount_rate,0.10,0.1,N02-approved-normalization
shopify-2025-09.csv,146,discount_rate,0.10,0.1,N02-approved-normalization
shopify-2025-09.csv,155,discount_rate,0.10,0.1,N02-approved-normalization
shopify-2025-09.csv,162,country,uk,UK,N02-approved-normalization
shopify-2025-09.csv,165,unit_price_usd,$24.99,24.99,N02-approved-normalization
shopify-2025-09.csv,165,discount_rate,0.10,0.1,N02-approved-normalization
shopify-2025-09.csv,171,discount_rate,0.10,0.1,N02-approved-normalization
shopify-2025-09.csv,172,discount_rate,0.10,0.1,N02-approved-normalization
shopify-2025-09.csv,175,discount_rate,0.10,0.1,N02-approved-normalization
shopify-2025-09.csv,177,discount_rate,0.10,0.1,N02-approved-normalization
shopify-2025-09.csv,179,country,de,DE,N02-approved-normalization
shopify-2025-09.csv,182,order_date,2025/09/13,2025-09-13,N02-approved-normalization
shopify-2025-09.csv,185,discount_rate,0.10,0.1,N02-approved-normalization
shopify-2025-09.csv,186,unit_price_usd,$14.99,14.99,N02-approved-normalization
shopify-2025-09.csv,186,discount_rate,0.10,0.1,N02-approved-normalization
shopify-2025-09.csv,190,discount_rate,0.10,0.1,N02-approved-normalization
shopify-2025-09.csv,197,discount_rate,0.10,0.1,N02-approved-normalization
shopify-2025-09.csv,198,discount_rate,0.10,0.1,N02-approved-normalization
shopify-2025-09.csv,199,discount_rate,0.10,0.1,N02-approved-normalization
shopify-2025-09.csv,200,country,us,US,N02-approved-normalization
shopify-2025-09.csv,201,discount_rate,0.10,0.1,N02-approved-normalization
shopify-2025-09.csv,203,discount_rate,0.10,0.1,N02-approved-normalization
shopify-2025-09.csv,204,discount_rate,0.10,0.1,N02-approved-normalization
shopify-2025-09.csv,208,discount_rate,0.10,0.1,N02-approved-normalization
shopify-2025-09.csv,212,discount_rate,0.10,0.1,N02-approved-normalization
shopify-2025-09.csv,214,unit_price_usd,$24.99,24.99,N02-approved-normalization
shopify-2025-09.csv,214,discount_rate,0.10,0.1,N02-approved-normalization
shopify-2025-09.csv,215,discount_rate,0.10,0.1,N02-approved-normalization
shopify-2025-09.csv,216,discount_rate,0.10,0.1,N02-approved-normalization
shopify-2025-09.csv,218,country,us,US,N02-approved-normalization
shopify-2025-09.csv,228,discount_rate,0.10,0.1,N02-approved-normalization
shopify-2025-09.csv,229,order_date,2025/09/16,2025-09-16,N02-approved-normalization
shopify-2025-09.csv,230,discount_rate,0.10,0.1,N02-approved-normalization
shopify-2025-09.csv,231,discount_rate,0.10,0.1,N02-approved-normalization
shopify-2025-09.csv,234,discount_rate,0.10,0.1,N02-approved-normalization
shopify-2025-09.csv,236,country,uk,UK,N02-approved-normalization
shopify-2025-09.csv,236,unit_price_usd,$59.99,59.99,N02-approved-normalization
shopify-2025-09.csv,237,discount_rate,0.10,0.1,N02-approved-normalization
shopify-2025-09.csv,238,unit_price_usd,$14.99,14.99,N02-approved-normalization
shopify-2025-09.csv,243,discount_rate,0.10,0.1,N02-approved-normalization
shopify-2025-09.csv,250,discount_rate,0.10,0.1,N02-approved-normalization
shopify-2025-09.csv,253,country,ca,CA,N02-approved-normalization
shopify-2025-09.csv,253,discount_rate,0.10,0.1,N02-approved-normalization
shopify-2025-09.csv,257,discount_rate,0.10,0.1,N02-approved-normalization
shopify-2025-09.csv,260,unit_price_usd,$24.99,24.99,N02-approved-normalization
shopify-2025-09.csv,262,discount_rate,0.10,0.1,N02-approved-normalization
shopify-2025-09.csv,264,discount_rate,0.10,0.1,N02-approved-normalization
shopify-2025-09.csv,265,order_date,2025/09/18,2025-09-18,N02-approved-normalization
shopify-2025-09.csv,266,discount_rate,0.10,0.1,N02-approved-normalization
shopify-2025-09.csv,267,discount_rate,0.10,0.1,N02-approved-normalization
shopify-2025-09.csv,274,order_date,2025/09/19,2025-09-19,N02-approved-normalization
shopify-2025-09.csv,274,country,us,US,N02-approved-normalization
shopify-2025-09.csv,275,discount_rate,0.10,0.1,N02-approved-normalization
shopify-2025-09.csv,276,discount_rate,0.10,0.1,N02-approved-normalization
shopify-2025-09.csv,279,discount_rate,0.10,0.1,N02-approved-normalization
shopify-2025-09.csv,283,discount_rate,0.10,0.1,N02-approved-normalization
shopify-2025-09.csv,286,unit_price_usd,$39.99,39.99,N02-approved-normalization
shopify-2025-09.csv,291,country,ca,CA,N02-approved-normalization
shopify-2025-09.csv,291,discount_rate,0.10,0.1,N02-approved-normalization
shopify-2025-09.csv,294,discount_rate,0.10,0.1,N02-approved-normalization
shopify-2025-09.csv,309,unit_price_usd,$59.99,59.99,N02-approved-normalization
shopify-2025-09.csv,309,discount_rate,0.10,0.1,N02-approved-normalization
shopify-2025-09.csv,310,country,us,US,N02-approved-normalization
shopify-2025-09.csv,311,order_date,2025/09/21,2025-09-21,N02-approved-normalization
shopify-2025-09.csv,315,discount_rate,0.10,0.1,N02-approved-normalization
shopify-2025-09.csv,316,discount_rate,0.10,0.1,N02-approved-normalization
shopify-2025-09.csv,318,discount_rate,0.10,0.1,N02-approved-normalization
shopify-2025-09.csv,319,order_date,2025/09/22,2025-09-22,N02-approved-normalization
shopify-2025-09.csv,322,discount_rate,0.10,0.1,N02-approved-normalization
shopify-2025-09.csv,325,discount_rate,0.10,0.1,N02-approved-normalization
shopify-2025-09.csv,328,discount_rate,0.10,0.1,N02-approved-normalization
shopify-2025-09.csv,330,country,uk,UK,N02-approved-normalization
shopify-2025-09.csv,332,discount_rate,0.10,0.1,N02-approved-normalization
shopify-2025-09.csv,335,unit_price_usd,$24.99,24.99,N02-approved-normalization
shopify-2025-09.csv,343,discount_rate,0.10,0.1,N02-approved-normalization
shopify-2025-09.csv,345,discount_rate,0.10,0.1,N02-approved-normalization
shopify-2025-09.csv,348,country,uk,UK,N02-approved-normalization
shopify-2025-09.csv,348,discount_rate,0.10,0.1,N02-approved-normalization
shopify-2025-09.csv,349,discount_rate,0.10,0.1,N02-approved-normalization
shopify-2025-09.csv,351,discount_rate,0.10,0.1,N02-approved-normalization
shopify-2025-09.csv,356,order_date,2025/09/24,2025-09-24,N02-approved-normalization
shopify-2025-09.csv,357,unit_price_usd,$24.99,24.99,N02-approved-normalization
shopify-2025-09.csv,357,discount_rate,0.10,0.1,N02-approved-normalization
shopify-2025-09.csv,358,discount_rate,0.10,0.1,N02-approved-normalization
shopify-2025-09.csv,362,unit_price_usd,$24.99,24.99,N02-approved-normalization
shopify-2025-09.csv,365,order_date,2025/09/25,2025-09-25,N02-approved-normalization
shopify-2025-09.csv,368,country,de,DE,N02-approved-normalization
shopify-2025-09.csv,373,discount_rate,0.10,0.1,N02-approved-normalization
shopify-2025-09.csv,381,discount_rate,0.10,0.1,N02-approved-normalization
shopify-2025-09.csv,382,unit_price_usd,$14.99,14.99,N02-approved-normalization
shopify-2025-09.csv,382,discount_rate,0.10,0.1,N02-approved-normalization
shopify-2025-09.csv,384,country,uk,UK,N02-approved-normalization
shopify-2025-09.csv,386,discount_rate,0.10,0.1,N02-approved-normalization
shopify-2025-09.csv,387,discount_rate,0.10,0.1,N02-approved-normalization
shopify-2025-09.csv,389,discount_rate,0.10,0.1,N02-approved-normalization
shopify-2025-09.csv,391,discount_rate,0.10,0.1,N02-approved-normalization
shopify-2025-09.csv,394,discount_rate,0.10,0.1,N02-approved-normalization
shopify-2025-09.csv,401,discount_rate,0.10,0.1,N02-approved-normalization
shopify-2025-09.csv,402,order_date,2025/09/27,2025-09-27,N02-approved-normalization
shopify-2025-09.csv,402,discount_rate,0.10,0.1,N02-approved-normalization
shopify-2025-09.csv,404,country,us,US,N02-approved-normalization
shopify-2025-09.csv,405,country,ca,CA,N02-approved-normalization
shopify-2025-09.csv,409,order_date,2025/09/28,2025-09-28,N02-approved-normalization
shopify-2025-09.csv,409,unit_price_usd,$59.99,59.99,N02-approved-normalization
shopify-2025-09.csv,412,discount_rate,0.10,0.1,N02-approved-normalization
shopify-2025-09.csv,416,discount_rate,0.10,0.1,N02-approved-normalization
shopify-2025-09.csv,418,order_date,2025/09/29,2025-09-29,N02-approved-normalization
shopify-2025-09.csv,421,discount_rate,0.10,0.1,N02-approved-normalization
shopify-2025-09.csv,425,country,us,US,N02-approved-normalization
shopify-2025-09.csv,427,discount_rate,0.10,0.1,N02-approved-normalization
shopify-2025-09.csv,429,discount_rate,0.10,0.1,N02-approved-normalization
shopify-2025-09.csv,430,discount_rate,0.10,0.1,N02-approved-normalization
shopify-2025-09.csv,435,discount_rate,0.10,0.1,N02-approved-normalization
shopify-2025-09.csv,438,unit_price_usd,$59.99,59.99,N02-approved-normalization
shopify-2025-09.csv,438,discount_rate,0.10,0.1,N02-approved-normalization
shopify-2025-09.csv,445,country,us,US,N02-approved-normalization
