channel,order_id,line_id,order_date,country,sku,quantity,unit_price_usd,discount_rate,customer_type,traffic_source,product_name,category,sales_cents,source_file,source_row
Amazon,N00012,1,2025-07-01,CA,LIG03,2,79.99,0,Returning,Organic,Desk lamp 3,Lighting,15998,amazon-2025-07.csv,2
Amazon,N00013,1,2025-07-01,US,DEC04,3,24.99,0,New,Email,Oak frame 4,Decor,7497,amazon-2025-07.csv,3
Amazon,N00014,1,2025-07-01,UK,BED04,1,24.99,0,Returning,Marketplace,Linen duvet 4,Bedding,2499,amazon-2025-07.csv,4
Amazon,N00014,2,2025-07-01,UK,STO03,2,79.99,0.15,Returning,Marketplace,Woven basket 3,Storage,13598,amazon-2025-07.csv,5
Amazon,N00015,1,2025-07-01,CA,DEC01,3,14.99,0,Returning,Paid search,Oak frame 1,Decor,4497,amazon-2025-07.csv,6
Amazon,N00015,2,2025-07-01,CA,LIG04,2,79.99,0,Returning,Paid search,Desk lamp 4,Lighting,15998,amazon-2025-07.csv,7
Amazon,N00016,1,2025-07-01,US,KIT03,3,39.99,0.15,New,Direct,Ceramic bowl 3,Kitchen,10197,amazon-2025-07.csv,8
Amazon,N00017,1,2025-07-01,UK,BED04,2,59.99,0.15,Returning,Direct,Linen duvet 4,Bedding,10198,amazon-2025-07.csv,9
Amazon,N00018,1,2025-07-01,US,LIG04,3,79.99,0.1,Returning,Marketplace,Desk lamp 4,Lighting,21597,amazon-2025-07.csv,10
Amazon,N00018,2,2025-07-01,US,KIT02,1,39.99,0.15,Returning,Marketplace,Ceramic bowl 2,Kitchen,3399,amazon-2025-07.csv,11
Amazon,N00019,1,2025-07-01,US,BED01,3,39.99,0.1,Returning,Email,Linen duvet 1,Bedding,10797,amazon-2025-07.csv,12
Amazon,N00019,2,2025-07-01,US,KIT02,3,24.99,0,Returning,Email,Ceramic bowl 2,Kitchen,7497,amazon-2025-07.csv,13
Amazon,N00020,1,2025-07-01,US,KIT01,1,24.99,0.15,Returning,Direct,Ceramic bowl 1,Kitchen,2124,amazon-2025-07.csv,14
Amazon,N00021,1,2025-07-01,CA,LIG02,1,79.99,0,New,Direct,Desk lamp 2,Lighting,7999,amazon-2025-07.csv,15
Amazon,N00034,1,2025-07-02,CA,DEC04,3,79.99,0.15,New,Marketplace,Oak frame 4,Decor,20397,amazon-2025-07.csv,18
Amazon,N00035,1,2025-07-02,CA,STO01,3,14.99,0,New,Paid search,Woven basket 1,Storage,4497,amazon-2025-07.csv,19
Amazon,N00037,1,2025-07-02,US,LIG03,3,24.99,0,New,Email,Desk lamp 3,Lighting,7497,amazon-2025-07.csv,21
Amazon,N00038,1,2025-07-02,UK,KIT04,2,14.99,0.15,Returning,Organic,Ceramic bowl 4,Kitchen,2548,amazon-2025-07.csv,22
Amazon,N00039,1,2025-07-02,UK,DEC02,3,79.99,0,New,Direct,Oak frame 2,Decor,23997,amazon-2025-07.csv,23
Amazon,N00040,1,2025-07-02,CA,DEC04,3,14.99,0,New,Paid search,Oak frame 4,Decor,4497,amazon-2025-07.csv,24
Amazon,N00041,1,2025-07-02,CA,KIT04,1,39.99,0.1,Returning,Paid search,Ceramic bowl 4,Kitchen,3599,amazon-2025-07.csv,25
Amazon,N00042,1,2025-07-02,CA,LIG01,2,39.99,0,New,Email,Desk lamp 1,Lighting,7998,amazon-2025-07.csv,26
Amazon,N00043,1,2025-07-02,UK,DEC02,1,14.99,0,New,Paid search,Oak frame 2,Decor,1499,amazon-2025-07.csv,27
Amazon,N00043,2,2025-07-02,UK,LIG01,2,79.99,0.15,New,Paid search,Desk lamp 1,Lighting,13598,amazon-2025-07.csv,28
Amazon,N00044,1,2025-07-02,US,KIT01,3,24.99,0.1,New,Direct,Ceramic bowl 1,Kitchen,6747,amazon-2025-07.csv,29
Amazon,N00056,1,2025-07-03,CA,STO02,3,39.99,0,New,Direct,Woven basket 2,Storage,11997,amazon-2025-07.csv,30
Amazon,N00056,2,2025-07-03,CA,LIG04,1,14.99,0.1,New,Direct,Desk lamp 4,Lighting,1349,amazon-2025-07.csv,31
Amazon,N00057,1,2025-07-03,DE,KIT01,1,79.99,0.1,New,Organic,Ceramic bowl 1,Kitchen,7199,amazon-2025-07.csv,32
Amazon,N00057,2,2025-07-03,DE,STO01,2,79.99,0,New,Organic,Woven basket 1,Storage,15998,amazon-2025-07.csv,33
Amazon,N00058,1,2025-07-03,UK,DEC03,1,39.99,0,Returning,Organic,Oak frame 3,Decor,3999,amazon-2025-07.csv,34
Amazon,N00059,1,2025-07-03,US,DEC04,2,79.99,0,Returning,Paid search,Oak frame 4,Decor,15998,amazon-2025-07.csv,35
Amazon,N00060,1,2025-07-03,UK,LIG02,1,59.99,0.1,New,Email,Desk lamp 2,Lighting,5399,amazon-2025-07.csv,36
Amazon,N00060,2,2025-07-03,UK,LIG03,2,79.99,0.15,New,Email,Desk lamp 3,Lighting,13598,amazon-2025-07.csv,37
Amazon,N00061,1,2025-07-03,CA,KIT02,1,79.99,0.1,New,Direct,Ceramic bowl 2,Kitchen,7199,amazon-2025-07.csv,38
Amazon,N00062,1,2025-07-03,US,KIT01,3,79.99,0,New,Direct,Ceramic bowl 1,Kitchen,23997,amazon-2025-07.csv,39
Amazon,N00063,1,2025-07-03,CA,LIG03,1,14.99,0.15,Returning,Email,Desk lamp 3,Lighting,1274,amazon-2025-07.csv,40
Amazon,N00063,2,2025-07-03,CA,LIG04,3,39.99,0,Returning,Email,Desk lamp 4,Lighting,11997,amazon-2025-07.csv,41
Amazon,N00064,1,2025-07-03,US,DEC03,3,79.99,0.15,New,Marketplace,Oak frame 3,Decor,20397,amazon-2025-07.csv,42
Amazon,N00065,1,2025-07-03,US,BED02,1,79.99,0,New,Paid search,Linen duvet 2,Bedding,7999,amazon-2025-07.csv,43
Amazon,N00066,1,2025-07-03,DE,DEC04,1,79.99,0,New,Email,Oak frame 4,Decor,7999,amazon-2025-07.csv,44
Amazon,N00078,1,2025-07-04,US,STO04,3,59.99,0,Returning,Marketplace,Woven basket 4,Storage,17997,amazon-2025-07.csv,45
Amazon,N00078,2,2025-07-04,US,LIG02,3,39.99,0.1,Returning,Marketplace,Desk lamp 2,Lighting,10797,amazon-2025-07.csv,46
Amazon,N00079,1,2025-07-04,DE,STO04,1,14.99,0.1,New,Marketplace,Woven basket 4,Storage,1349,amazon-2025-07.csv,47
Amazon,N00079,2,2025-07-04,DE,DEC04,2,79.99,0,New,Marketplace,Oak frame 4,Decor,15998,amazon-2025-07.csv,48
Amazon,N00080,1,2025-07-04,US,LIG01,1,24.99,0.1,New,Organic,Desk lamp 1,Lighting,2249,amazon-2025-07.csv,49
Amazon,N00081,1,2025-07-04,CA,STO04,2,79.99,0,New,Marketplace,Woven basket 4,Storage,15998,amazon-2025-07.csv,50
Amazon,N00081,2,2025-07-04,CA,STO03,1,14.99,0,New,Marketplace,Woven basket 3,Storage,1499,amazon-2025-07.csv,51
Amazon,N00083,1,2025-07-04,US,DEC01,2,14.99,0.15,Returning,Marketplace,Oak frame 1,Decor,2548,amazon-2025-07.csv,54
Amazon,N00084,1,2025-07-04,CA,LIG02,1,24.99,0,Returning,Direct,Desk lamp 2,Lighting,2499,amazon-2025-07.csv,55
Amazon,N00085,1,2025-07-04,US,STO01,3,14.99,0,Returning,Email,Woven basket 1,Storage,4497,amazon-2025-07.csv,56
Amazon,N00086,1,2025-07-04,CA,STO01,1,39.99,0.1,Returning,Paid search,Woven basket 1,Storage,3599,amazon-2025-07.csv,57
Amazon,N00087,1,2025-07-04,CA,LIG01,2,79.99,0,New,Email,Desk lamp 1,Lighting,15998,amazon-2025-07.csv,58
Amazon,N00088,1,2025-07-04,CA,KIT02,2,24.99,0,New,Paid search,Ceramic bowl 2,Kitchen,4998,amazon-2025-07.csv,59
Amazon,N00100,1,2025-07-05,DE,STO04,2,14.99,0,New,Direct,Woven basket 4,Storage,2998,amazon-2025-07.csv,60
Amazon,N00101,1,2025-07-05,UK,LIG03,2,14.99,0,Returning,Marketplace,Desk lamp 3,Lighting,2998,amazon-2025-07.csv,61
Amazon,N00102,1,2025-07-05,UK,KIT04,1,14.99,0,New,Email,Ceramic bowl 4,Kitchen,1499,amazon-2025-07.csv,62
Amazon,N00102,2,2025-07-05,UK,LIG04,3,59.99,0,New,Email,Desk lamp 4,Lighting,17997,amazon-2025-07.csv,63
Amazon,N00103,1,2025-07-05,CA,DEC02,1,59.99,0.15,Returning,Email,Oak frame 2,Decor,5099,amazon-2025-07.csv,64
Amazon,N00104,1,2025-07-05,CA,BED03,3,14.99,0.15,Returning,Marketplace,Linen duvet 3,Bedding,3822,amazon-2025-07.csv,65
Amazon,N00105,1,2025-07-05,US,STO03,2,14.99,0,New,Direct,Woven basket 3,Storage,2998,amazon-2025-07.csv,66
Amazon,N00106,1,2025-07-05,UK,STO03,1,14.99,0,New,Email,Woven basket 3,Storage,1499,amazon-2025-07.csv,67
Amazon,N00107,1,2025-07-05,UK,DEC01,2,24.99,0,Returning,Marketplace,Oak frame 1,Decor,4998,amazon-2025-07.csv,68
Amazon,N00108,1,2025-07-05,UK,KIT01,1,24.99,0.15,New,Organic,Ceramic bowl 1,Kitchen,2124,amazon-2025-07.csv,69
Amazon,N00109,1,2025-07-05,CA,BED01,1,59.99,0.1,Returning,Organic,Linen duvet 1,Bedding,5399,amazon-2025-07.csv,70
Amazon,N00110,1,2025-07-05,US,STO04,2,79.99,0,New,Paid search,Woven basket 4,Storage,15998,amazon-2025-07.csv,71
Amazon,N00122,1,2025-07-06,US,DEC04,3,24.99,0.15,New,Marketplace,Oak frame 4,Decor,6372,amazon-2025-07.csv,72
Amazon,N00122,2,2025-07-06,US,LIG01,3,39.99,0,New,Marketplace,Desk lamp 1,Lighting,11997,amazon-2025-07.csv,73
Amazon,N00123,1,2025-07-06,CA,STO01,3,79.99,0,New,Paid search,Woven basket 1,Storage,23997,amazon-2025-07.csv,74
Amazon,N00124,1,2025-07-06,UK,DEC04,1,14.99,0,New,Marketplace,Oak frame 4,Decor,1499,amazon-2025-07.csv,75
Amazon,N00125,1,2025-07-06,DE,BED04,1,79.99,0,Returning,Organic,Linen duvet 4,Bedding,7999,amazon-2025-07.csv,76
Amazon,N00125,2,2025-07-06,DE,LIG01,1,39.99,0.15,Returning,Organic,Desk lamp 1,Lighting,3399,amazon-2025-07.csv,77
Amazon,N00126,1,2025-07-06,US,LIG02,1,79.99,0.15,New,Organic,Desk lamp 2,Lighting,6799,amazon-2025-07.csv,78
Amazon,N00127,1,2025-07-06,DE,KIT01,2,14.99,0.15,New,Marketplace,Ceramic bowl 1,Kitchen,2548,amazon-2025-07.csv,79
Amazon,N00128,1,2025-07-06,US,LIG01,2,79.99,0.15,Returning,Organic,Desk lamp 1,Lighting,13598,amazon-2025-07.csv,80
Amazon,N00129,1,2025-07-06,DE,KIT04,1,24.99,0,Returning,Marketplace,Ceramic bowl 4,Kitchen,2499,amazon-2025-07.csv,81
Amazon,N00130,1,2025-07-06,US,LIG02,3,59.99,0.1,Returning,Email,Desk lamp 2,Lighting,16197,amazon-2025-07.csv,82
Amazon,N00131,1,2025-07-06,DE,STO02,3,59.99,0.15,Returning,Email,Woven basket 2,Storage,15297,amazon-2025-07.csv,83
Amazon,N00132,1,2025-07-06,CA,BED01,3,59.99,0.15,New,Direct,Linen duvet 1,Bedding,15297,amazon-2025-07.csv,84
Amazon,N00144,1,2025-07-07,US,LIG03,1,39.99,0,New,Paid search,Desk lamp 3,Lighting,3999,amazon-2025-07.csv,85
Amazon,N00145,1,2025-07-07,CA,BED04,2,39.99,0.15,Returning,Marketplace,Linen duvet 4,Bedding,6798,amazon-2025-07.csv,86
Amazon,N00146,1,2025-07-07,US,KIT04,2,79.99,0.1,Returning,Organic,Ceramic bowl 4,Kitchen,14398,amazon-2025-07.csv,87
Amazon,N00147,1,2025-07-07,CA,DEC01,3,79.99,0.1,New,Email,Oak frame 1,Decor,21597,amazon-2025-07.csv,88
Amazon,N00148,1,2025-07-07,US,BED01,1,39.99,0,Returning,Direct,Linen duvet 1,Bedding,3999,amazon-2025-07.csv,89
Amazon,N00149,1,2025-07-07,US,DEC03,1,24.99,0.15,Returning,Organic,Oak frame 3,Decor,2124,amazon-2025-07.csv,90
Amazon,N00150,1,2025-07-07,US,DEC02,2,14.99,0.15,New,Direct,Oak frame 2,Decor,2548,amazon-2025-07.csv,91
Amazon,N00151,1,2025-07-07,CA,KIT02,2,39.99,0.15,New,Organic,Ceramic bowl 2,Kitchen,6798,amazon-2025-07.csv,92
Amazon,N00151,2,2025-07-07,CA,BED01,1,39.99,0.1,New,Organic,Linen duvet 1,Bedding,3599,amazon-2025-07.csv,93
Amazon,N00152,1,2025-07-07,US,DEC01,2,39.99,0,New,Marketplace,Oak frame 1,Decor,7998,amazon-2025-07.csv,94
Amazon,N00153,1,2025-07-07,UK,DEC04,2,79.99,0,Returning,Email,Oak frame 4,Decor,15998,amazon-2025-07.csv,95
Amazon,N00154,1,2025-07-07,US,BED03,1,79.99,0.15,New,Organic,Linen duvet 3,Bedding,6799,amazon-2025-07.csv,96
Amazon,N00166,1,2025-07-08,US,LIG03,1,79.99,0,New,Paid search,Desk lamp 3,Lighting,7999,amazon-2025-07.csv,97
Amazon,N00167,1,2025-07-08,DE,DEC01,3,39.99,0.15,New,Organic,Oak frame 1,Decor,10197,amazon-2025-07.csv,98
Amazon,N00168,1,2025-07-08,CA,STO03,2,39.99,0.1,New,Paid search,Woven basket 3,Storage,7198,amazon-2025-07.csv,99
Amazon,N00169,1,2025-07-08,US,LIG02,3,39.99,0,New,Organic,Desk lamp 2,Lighting,11997,amazon-2025-07.csv,100
Amazon,N00169,2,2025-07-08,US,DEC02,1,59.99,0,New,Organic,Oak frame 2,Decor,5999,amazon-2025-07.csv,101
Amazon,N00170,1,2025-07-08,CA,DEC04,1,14.99,0,New,Marketplace,Oak frame 4,Decor,1499,amazon-2025-07.csv,102
Amazon,N00170,2,2025-07-08,CA,KIT02,1,24.99,0.1,New,Marketplace,Ceramic bowl 2,Kitchen,2249,amazon-2025-07.csv,103
Amazon,N00171,1,2025-07-08,US,BED01,1,24.99,0.15,New,Organic,Linen duvet 1,Bedding,2124,amazon-2025-07.csv,104
Amazon,N00171,2,2025-07-08,US,KIT01,1,14.99,0.1,New,Organic,Ceramic bowl 1,Kitchen,1349,amazon-2025-07.csv,105
Amazon,N00172,1,2025-07-08,US,BED01,3,24.99,0,Returning,Direct,Linen duvet 1,Bedding,7497,amazon-2025-07.csv,106
Amazon,N00173,1,2025-07-08,UK,STO02,3,14.99,0.15,New,Paid search,Woven basket 2,Storage,3822,amazon-2025-07.csv,107
Amazon,N00173,2,2025-07-08,UK,BED02,3,79.99,0.15,New,Paid search,Linen duvet 2,Bedding,20397,amazon-2025-07.csv,108
Amazon,N00174,1,2025-07-08,US,BED02,3,14.99,0.15,Returning,Email,Linen duvet 2,Bedding,3822,amazon-2025-07.csv,109
Amazon,N00175,1,2025-07-08,UK,DEC01,2,24.99,0.15,New,Email,Oak frame 1,Decor,4248,amazon-2025-07.csv,110
Amazon,N00175,2,2025-07-08,UK,LIG02,2,39.99,0.1,New,Email,Desk lamp 2,Lighting,7198,amazon-2025-07.csv,111
Amazon,N00176,1,2025-07-08,CA,DEC01,3,59.99,0,Returning,Direct,Oak frame 1,Decor,17997,amazon-2025-07.csv,112
Amazon,N00176,2,2025-07-08,CA,STO01,2,59.99,0.1,Returning,Direct,Woven basket 1,Storage,10798,amazon-2025-07.csv,113
Amazon,N00188,1,2025-07-09,CA,LIG04,3,59.99,0,Returning,Direct,Desk lamp 4,Lighting,17997,amazon-2025-07.csv,114
Amazon,N00188,2,2025-07-09,CA,BED02,3,24.99,0,Returning,Direct,Linen duvet 2,Bedding,7497,amazon-2025-07.csv,115
Amazon,N00189,1,2025-07-09,DE,LIG04,3,79.99,0.15,Returning,Paid search,Desk lamp 4,Lighting,20397,amazon-2025-07.csv,116
Amazon,N00190,1,2025-07-09,US,DEC04,1,59.99,0,New,Paid search,Oak frame 4,Decor,5999,amazon-2025-07.csv,117
Amazon,N00191,1,2025-07-09,DE,LIG02,2,79.99,0,New,Marketplace,Desk lamp 2,Lighting,15998,amazon-2025-07.csv,118
Amazon,N00192,1,2025-07-09,US,KIT04,3,59.99,0,New,Email,Ceramic bowl 4,Kitchen,17997,amazon-2025-07.csv,119
Amazon,N00193,1,2025-07-09,US,STO01,2,79.99,0.1,New,Marketplace,Woven basket 1,Storage,14398,amazon-2025-07.csv,120
Amazon,N00193,2,2025-07-09,US,STO02,2,24.99,0.15,New,Marketplace,Woven basket 2,Storage,4248,amazon-2025-07.csv,121
Amazon,N00194,1,2025-07-09,DE,STO01,3,59.99,0,New,Email,Woven basket 1,Storage,17997,amazon-2025-07.csv,122
Amazon,N00195,1,2025-07-09,CA,DEC01,3,39.99,0.15,New,Marketplace,Oak frame 1,Decor,10197,amazon-2025-07.csv,123
Amazon,N00195,2,2025-07-09,CA,LIG04,3,39.99,0.1,New,Marketplace,Desk lamp 4,Lighting,10797,amazon-2025-07.csv,124
Amazon,N00196,1,2025-07-09,DE,DEC01,3,79.99,0.1,New,Email,Oak frame 1,Decor,21597,amazon-2025-07.csv,125
Amazon,N00196,2,2025-07-09,DE,BED03,3,14.99,0,New,Email,Linen duvet 3,Bedding,4497,amazon-2025-07.csv,126
Amazon,N00197,1,2025-07-09,DE,KIT01,2,24.99,0,Returning,Organic,Ceramic bowl 1,Kitchen,4998,amazon-2025-07.csv,127
Amazon,N00198,1,2025-07-09,CA,KIT03,3,79.99,0.15,New,Marketplace,Ceramic bowl 3,Kitchen,20397,amazon-2025-07.csv,128
Amazon,N00210,1,2025-07-10,CA,LIG03,1,14.99,0.1,Returning,Organic,Desk lamp 3,Lighting,1349,amazon-2025-07.csv,129
Amazon,N00210,2,2025-07-10,CA,LIG01,1,59.99,0,Returning,Organic,Desk lamp 1,Lighting,5999,amazon-2025-07.csv,130
Amazon,N00211,1,2025-07-10,DE,BED01,3,24.99,0,New,Paid search,Linen duvet 1,Bedding,7497,amazon-2025-07.csv,131
Amazon,N00211,2,2025-07-10,DE,KIT02,2,59.99,0,New,Paid search,Ceramic bowl 2,Kitchen,11998,amazon-2025-07.csv,132
Amazon,N00212,1,2025-07-10,CA,LIG03,3,59.99,0.15,New,Organic,Desk lamp 3,Lighting,15297,amazon-2025-07.csv,133
Amazon,N00213,1,2025-07-10,US,BED01,2,39.99,0.1,New,Marketplace,Linen duvet 1,Bedding,7198,amazon-2025-07.csv,134
Amazon,N00214,1,2025-07-10,US,LIG03,1,39.99,0.15,New,Marketplace,Desk lamp 3,Lighting,3399,amazon-2025-07.csv,135
Amazon,N00215,1,2025-07-10,US,DEC04,2,24.99,0.15,New,Direct,Oak frame 4,Decor,4248,amazon-2025-07.csv,136
Amazon,N00216,1,2025-07-10,US,STO02,1,79.99,0,New,Email,Woven basket 2,Storage,7999,amazon-2025-07.csv,137
Amazon,N00216,2,2025-07-10,US,LIG04,3,14.99,0.1,New,Email,Desk lamp 4,Lighting,4047,amazon-2025-07.csv,138
Amazon,N00217,1,2025-07-10,US,STO02,3,24.99,0,New,Email,Woven basket 2,Storage,7497,amazon-2025-07.csv,139
Amazon,N00217,2,2025-07-10,US,DEC04,2,24.99,0.1,New,Email,Oak frame 4,Decor,4498,amazon-2025-07.csv,140
Amazon,N00218,1,2025-07-10,CA,LIG02,3,39.99,0.1,Returning,Direct,Desk lamp 2,Lighting,10797,amazon-2025-07.csv,141
Amazon,N00219,1,2025-07-10,CA,LIG02,1,79.99,0,New,Marketplace,Desk lamp 2,Lighting,7999,amazon-2025-07.csv,142
Amazon,N00220,1,2025-07-10,US,BED03,1,59.99,0,New,Direct,Linen duvet 3,Bedding,5999,amazon-2025-07.csv,143
Amazon,N00232,1,2025-07-11,US,DEC01,1,59.99,0.15,New,Paid search,Oak frame 1,Decor,5099,amazon-2025-07.csv,144
Amazon,N00232,2,2025-07-11,US,DEC04,3,39.99,0.1,New,Paid search,Oak frame 4,Decor,10797,amazon-2025-07.csv,145
Amazon,N00233,1,2025-07-11,US,STO03,3,59.99,0.1,Returning,Email,Woven basket 3,Storage,16197,amazon-2025-07.csv,146
Amazon,N00234,1,2025-07-11,CA,STO04,3,14.99,0,Returning,Paid search,Woven basket 4,Storage,4497,amazon-2025-07.csv,147
Amazon,N00234,2,2025-07-11,CA,BED01,2,79.99,0.1,Returning,Paid search,Linen duvet 1,Bedding,14398,amazon-2025-07.csv,148
Amazon,N00235,1,2025-07-11,US,STO03,3,24.99,0.1,New,Direct,Woven basket 3,Storage,6747,amazon-2025-07.csv,149
Amazon,N00236,1,2025-07-11,UK,KIT04,2,59.99,0.1,New,Email,Ceramic bowl 4,Kitchen,10798,amazon-2025-07.csv,150
Amazon,N00236,2,2025-07-11,UK,DEC03,1,59.99,0,New,Email,Oak frame 3,Decor,5999,amazon-2025-07.csv,151
Amazon,N00237,1,2025-07-11,US,DEC04,2,24.99,0,Returning,Email,Oak frame 4,Decor,4998,amazon-2025-07.csv,152
Amazon,N00238,1,2025-07-11,US,STO01,2,79.99,0,New,Paid search,Woven basket 1,Storage,15998,amazon-2025-07.csv,153
Amazon,N00239,1,2025-07-11,UK,KIT03,1,59.99,0,Returning,Marketplace,Ceramic bowl 3,Kitchen,5999,amazon-2025-07.csv,154
Amazon,N00240,1,2025-07-11,DE,LIG01,1,39.99,0.15,Returning,Email,Desk lamp 1,Lighting,3399,amazon-2025-07.csv,155
Amazon,N00240,2,2025-07-11,DE,STO01,3,79.99,0.1,Returning,Email,Woven basket 1,Storage,21597,amazon-2025-07.csv,156
Amazon,N00241,1,2025-07-11,DE,KIT02,1,59.99,0,New,Organic,Ceramic bowl 2,Kitchen,5999,amazon-2025-07.csv,157
Amazon,N00242,1,2025-07-11,US,KIT03,3,39.99,0.15,New,Marketplace,Ceramic bowl 3,Kitchen,10197,amazon-2025-07.csv,158
Amazon,N00242,2,2025-07-11,US,KIT04,2,59.99,0,New,Marketplace,Ceramic bowl 4,Kitchen,11998,amazon-2025-07.csv,159
Amazon,N00254,1,2025-07-12,CA,LIG02,2,24.99,0.15,Returning,Organic,Desk lamp 2,Lighting,4248,amazon-2025-07.csv,160
Amazon,N00255,1,2025-07-12,US,LIG01,1,14.99,0.1,Returning,Organic,Desk lamp 1,Lighting,1349,amazon-2025-07.csv,161
Amazon,N00255,2,2025-07-12,US,KIT02,3,14.99,0,Returning,Organic,Ceramic bowl 2,Kitchen,4497,amazon-2025-07.csv,162
Amazon,N00256,1,2025-07-12,UK,LIG01,2,79.99,0,New,Marketplace,Desk lamp 1,Lighting,15998,amazon-2025-07.csv,163
Amazon,N00257,1,2025-07-12,DE,BED02,2,24.99,0.15,New,Paid search,Linen duvet 2,Bedding,4248,amazon-2025-07.csv,164
Amazon,N00258,1,2025-07-12,DE,LIG04,3,14.99,0.15,New,Direct,Desk lamp 4,Lighting,3822,amazon-2025-07.csv,165
Amazon,N00259,1,2025-07-12,UK,KIT04,2,39.99,0,New,Marketplace,Ceramic bowl 4,Kitchen,7998,amazon-2025-07.csv,166
Amazon,N00260,1,2025-07-12,US,STO04,2,24.99,0.15,New,Marketplace,Woven basket 4,Storage,4248,amazon-2025-07.csv,167
Amazon,N00260,2,2025-07-12,US,STO03,2,59.99,0,New,Marketplace,Woven basket 3,Storage,11998,amazon-2025-07.csv,168
Amazon,N00261,1,2025-07-12,CA,STO02,1,79.99,0.15,Returning,Email,Woven basket 2,Storage,6799,amazon-2025-07.csv,169
Amazon,N00262,1,2025-07-12,US,DEC04,3,14.99,0.1,New,Direct,Oak frame 4,Decor,4047,amazon-2025-07.csv,170
Amazon,N00263,1,2025-07-12,UK,KIT02,3,39.99,0.15,New,Email,Ceramic bowl 2,Kitchen,10197,amazon-2025-07.csv,171
Amazon,N00264,1,2025-07-12,US,STO02,3,24.99,0.15,New,Email,Woven basket 2,Storage,6372,amazon-2025-07.csv,172
Amazon,N00264,2,2025-07-12,US,BED02,2,14.99,0.15,New,Email,Linen duvet 2,Bedding,2548,amazon-2025-07.csv,173
Amazon,N00276,1,2025-07-13,DE,LIG02,3,24.99,0.15,Returning,Organic,Desk lamp 2,Lighting,6372,amazon-2025-07.csv,174
Amazon,N00277,1,2025-07-13,US,KIT03,3,79.99,0,Returning,Organic,Ceramic bowl 3,Kitchen,23997,amazon-2025-07.csv,175
Amazon,N00278,1,2025-07-13,CA,LIG03,3,39.99,0.15,New,Direct,Desk lamp 3,Lighting,10197,amazon-2025-07.csv,176
Amazon,N00279,1,2025-07-13,US,STO01,3,59.99,0,New,Email,Woven basket 1,Storage,17997,amazon-2025-07.csv,177
Amazon,N00279,2,2025-07-13,US,KIT02,1,79.99,0.1,New,Email,Ceramic bowl 2,Kitchen,7199,amazon-2025-07.csv,178
Amazon,N00280,1,2025-07-13,US,STO03,2,79.99,0.1,New,Marketplace,Woven basket 3,Storage,14398,amazon-2025-07.csv,179
Amazon,N00281,1,2025-07-13,CA,LIG02,2,39.99,0.1,New,Paid search,Desk lamp 2,Lighting,7198,amazon-2025-07.csv,180
Amazon,N00281,2,2025-07-13,CA,STO03,1,39.99,0.1,New,Paid search,Woven basket 3,Storage,3599,amazon-2025-07.csv,181
Amazon,N00282,1,2025-07-13,CA,BED02,1,79.99,0,New,Marketplace,Linen duvet 2,Bedding,7999,amazon-2025-07.csv,182
Amazon,N00282,2,2025-07-13,CA,BED04,1,79.99,0.15,New,Marketplace,Linen duvet 4,Bedding,6799,amazon-2025-07.csv,183
Amazon,N00283,1,2025-07-13,US,STO04,3,59.99,0,Returning,Marketplace,Woven basket 4,Storage,17997,amazon-2025-07.csv,184
Amazon,N00284,1,2025-07-13,UK,BED04,1,79.99,0,New,Marketplace,Linen duvet 4,Bedding,7999,amazon-2025-07.csv,185
Amazon,N00285,1,2025-07-13,CA,BED01,1,79.99,0,New,Email,Linen duvet 1,Bedding,7999,amazon-2025-07.csv,186
Amazon,N00286,1,2025-07-13,DE,DEC04,3,24.99,0,New,Email,Oak frame 4,Decor,7497,amazon-2025-07.csv,187
Amazon,N00286,2,2025-07-13,DE,BED02,1,24.99,0.1,New,Email,Linen duvet 2,Bedding,2249,amazon-2025-07.csv,188
Amazon,N00298,1,2025-07-14,UK,DEC03,3,59.99,0.1,New,Email,Oak frame 3,Decor,16197,amazon-2025-07.csv,189
Amazon,N00299,1,2025-07-14,US,LIG04,1,14.99,0,New,Direct,Desk lamp 4,Lighting,1499,amazon-2025-07.csv,190
Amazon,N00300,1,2025-07-14,US,DEC04,1,14.99,0.15,New,Organic,Oak frame 4,Decor,1274,amazon-2025-07.csv,191
Amazon,N00300,2,2025-07-14,US,BED03,3,79.99,0,New,Organic,Linen duvet 3,Bedding,23997,amazon-2025-07.csv,192
Amazon,N00301,1,2025-07-14,US,KIT01,3,14.99,0.1,New,Paid search,Ceramic bowl 1,Kitchen,4047,amazon-2025-07.csv,193
Amazon,N00302,1,2025-07-14,US,BED03,3,79.99,0,Returning,Direct,Linen duvet 3,Bedding,23997,amazon-2025-07.csv,194
Amazon,N00303,1,2025-07-14,DE,BED01,1,24.99,0.1,Returning,Marketplace,Linen duvet 1,Bedding,2249,amazon-2025-07.csv,195
Amazon,N00304,1,2025-07-14,CA,KIT02,3,59.99,0,New,Marketplace,Ceramic bowl 2,Kitchen,17997,amazon-2025-07.csv,196
Amazon,N00305,1,2025-07-14,US,KIT02,3,59.99,0.15,New,Email,Ceramic bowl 2,Kitchen,15297,amazon-2025-07.csv,197
Amazon,N00306,1,2025-07-14,CA,KIT02,3,39.99,0,New,Email,Ceramic bowl 2,Kitchen,11997,amazon-2025-07.csv,198
Amazon,N00307,1,2025-07-14,US,KIT03,2,59.99,0,New,Paid search,Ceramic bowl 3,Kitchen,11998,amazon-2025-07.csv,199
Amazon,N00307,2,2025-07-14,US,KIT01,1,79.99,0.1,New,Paid search,Ceramic bowl 1,Kitchen,7199,amazon-2025-07.csv,200
Amazon,N00308,1,2025-07-14,US,KIT03,2,14.99,0.1,New,Direct,Ceramic bowl 3,Kitchen,2698,amazon-2025-07.csv,201
Amazon,N00308,2,2025-07-14,US,KIT02,3,24.99,0,New,Direct,Ceramic bowl 2,Kitchen,7497,amazon-2025-07.csv,202
Amazon,N00320,1,2025-07-15,US,BED04,3,14.99,0,Returning,Organic,Linen duvet 4,Bedding,4497,amazon-2025-07.csv,203
Amazon,N00320,2,2025-07-15,US,KIT04,1,59.99,0.1,Returning,Organic,Ceramic bowl 4,Kitchen,5399,amazon-2025-07.csv,204
Amazon,N00321,1,2025-07-15,DE,KIT03,1,59.99,0.15,Returning,Email,Ceramic bowl 3,Kitchen,5099,amazon-2025-07.csv,205
Amazon,N00321,2,2025-07-15,DE,DEC02,3,79.99,0.15,Returning,Email,Oak frame 2,Decor,20397,amazon-2025-07.csv,206
Amazon,N00322,1,2025-07-15,UK,BED04,1,59.99,0.1,New,Marketplace,Linen duvet 4,Bedding,5399,amazon-2025-07.csv,207
Amazon,N00323,1,2025-07-15,US,LIG03,2,39.99,0.15,Returning,Direct,Desk lamp 3,Lighting,6798,amazon-2025-07.csv,208
Amazon,N00324,1,2025-07-15,US,STO04,1,14.99,0,New,Marketplace,Woven basket 4,Storage,1499,amazon-2025-07.csv,209
Amazon,N00325,1,2025-07-15,US,BED03,2,24.99,0.15,New,Direct,Linen duvet 3,Bedding,4248,amazon-2025-07.csv,210
Amazon,N00326,1,2025-07-15,US,KIT02,1,24.99,0.1,New,Marketplace,Ceramic bowl 2,Kitchen,2249,amazon-2025-07.csv,211
Amazon,N00326,2,2025-07-15,US,KIT02,1,14.99,0,New,Marketplace,Ceramic bowl 2,Kitchen,1499,amazon-2025-07.csv,212
Amazon,N00327,1,2025-07-15,DE,LIG01,1,14.99,0.15,Returning,Direct,Desk lamp 1,Lighting,1274,amazon-2025-07.csv,213
Amazon,N00328,1,2025-07-15,DE,STO02,1,59.99,0,New,Email,Woven basket 2,Storage,5999,amazon-2025-07.csv,214
Amazon,N00329,1,2025-07-15,DE,LIG01,2,14.99,0,New,Email,Desk lamp 1,Lighting,2998,amazon-2025-07.csv,215
Amazon,N00330,1,2025-07-15,DE,KIT02,1,39.99,0,New,Email,Ceramic bowl 2,Kitchen,3999,amazon-2025-07.csv,216
Amazon,N00342,1,2025-07-16,DE,LIG01,1,14.99,0.15,Returning,Direct,Desk lamp 1,Lighting,1274,amazon-2025-07.csv,217
Amazon,N00342,2,2025-07-16,DE,BED03,3,79.99,0,Returning,Direct,Linen duvet 3,Bedding,23997,amazon-2025-07.csv,218
Amazon,N00343,1,2025-07-16,US,LIG01,1,39.99,0.15,New,Email,Desk lamp 1,Lighting,3399,amazon-2025-07.csv,219
Amazon,N00344,1,2025-07-16,UK,STO03,2,79.99,0,New,Marketplace,Woven basket 3,Storage,15998,amazon-2025-07.csv,220
Amazon,N00345,1,2025-07-16,UK,BED03,3,14.99,0,New,Marketplace,Linen duvet 3,Bedding,4497,amazon-2025-07.csv,221
Amazon,N00346,1,2025-07-16,UK,BED03,3,59.99,0.15,New,Marketplace,Linen duvet 3,Bedding,15297,amazon-2025-07.csv,222
Amazon,N00346,2,2025-07-16,UK,KIT02,3,79.99,0,New,Marketplace,Ceramic bowl 2,Kitchen,23997,amazon-2025-07.csv,223
Amazon,N00347,1,2025-07-16,UK,DEC04,3,24.99,0.1,New,Email,Oak frame 4,Decor,6747,amazon-2025-07.csv,224
Amazon,N00348,1,2025-07-16,US,DEC01,1,24.99,0,Returning,Direct,Oak frame 1,Decor,2499,amazon-2025-07.csv,225
Amazon,N00349,1,2025-07-16,UK,BED01,1,14.99,0.1,New,Paid search,Linen duvet 1,Bedding,1349,amazon-2025-07.csv,226
Amazon,N00350,1,2025-07-16,CA,BED03,2,24.99,0,Returning,Paid search,Linen duvet 3,Bedding,4998,amazon-2025-07.csv,227
Amazon,N00351,1,2025-07-16,UK,LIG01,3,24.99,0.15,New,Organic,Desk lamp 1,Lighting,6372,amazon-2025-07.csv,228
Amazon,N00352,1,2025-07-16,UK,KIT04,3,14.99,0.15,New,Organic,Ceramic bowl 4,Kitchen,3822,amazon-2025-07.csv,229
Amazon,N00364,1,2025-07-17,CA,DEC02,3,39.99,0,Returning,Marketplace,Oak frame 2,Decor,11997,amazon-2025-07.csv,230
Amazon,N00365,1,2025-07-17,UK,LIG02,1,59.99,0.1,New,Paid search,Desk lamp 2,Lighting,5399,amazon-2025-07.csv,231
Amazon,N00366,1,2025-07-17,CA,DEC03,2,39.99,0,New,Paid search,Oak frame 3,Decor,7998,amazon-2025-07.csv,232
Amazon,N00367,1,2025-07-17,DE,LIG04,1,24.99,0,New,Marketplace,Desk lamp 4,Lighting,2499,amazon-2025-07.csv,233
Amazon,N00368,1,2025-07-17,US,LIG01,3,79.99,0,New,Email,Desk lamp 1,Lighting,23997,amazon-2025-07.csv,234
Amazon,N00369,1,2025-07-17,CA,KIT01,3,79.99,0,New,Organic,Ceramic bowl 1,Kitchen,23997,amazon-2025-07.csv,235
Amazon,N00370,1,2025-07-17,US,BED01,2,39.99,0.15,New,Marketplace,Linen duvet 1,Bedding,6798,amazon-2025-07.csv,236
Amazon,N00371,1,2025-07-17,CA,STO04,1,14.99,0,Returning,Paid search,Woven basket 4,Storage,1499,amazon-2025-07.csv,237
Amazon,N00372,1,2025-07-17,DE,LIG03,1,24.99,0.15,New,Marketplace,Desk lamp 3,Lighting,2124,amazon-2025-07.csv,238
Amazon,N00372,2,2025-07-17,DE,STO04,3,14.99,0.1,New,Marketplace,Woven basket 4,Storage,4047,amazon-2025-07.csv,239
Amazon,N00373,1,2025-07-17,US,LIG02,1,39.99,0,New,Paid search,Desk lamp 2,Lighting,3999,amazon-2025-07.csv,240
Amazon,N00373,2,2025-07-17,US,STO01,2,14.99,0,New,Paid search,Woven basket 1,Storage,2998,amazon-2025-07.csv,241
Amazon,N00374,1,2025-07-17,UK,KIT01,1,59.99,0,New,Email,Ceramic bowl 1,Kitchen,5999,amazon-2025-07.csv,242
Amazon,N00386,1,2025-07-18,US,DEC04,1,79.99,0.1,New,Marketplace,Oak frame 4,Decor,7199,amazon-2025-07.csv,243
Amazon,N00386,2,2025-07-18,US,BED04,3,59.99,0.1,New,Marketplace,Linen duvet 4,Bedding,16197,amazon-2025-07.csv,244
Amazon,N00387,1,2025-07-18,CA,BED04,2,24.99,0.1,New,Organic,Linen duvet 4,Bedding,4498,amazon-2025-07.csv,245
Amazon,N00388,1,2025-07-18,US,DEC01,3,24.99,0.1,New,Email,Oak frame 1,Decor,6747,amazon-2025-07.csv,246
Amazon,N00389,1,2025-07-18,US,BED04,1,39.99,0,New,Direct,Linen duvet 4,Bedding,3999,amazon-2025-07.csv,247
Amazon,N00389,2,2025-07-18,US,LIG03,1,59.99,0.1,New,Direct,Desk lamp 3,Lighting,5399,amazon-2025-07.csv,248
Amazon,N00390,1,2025-07-18,CA,BED02,3,79.99,0,Returning,Direct,Linen duvet 2,Bedding,23997,amazon-2025-07.csv,249
Amazon,N00391,1,2025-07-18,DE,KIT04,3,59.99,0.15,New,Organic,Ceramic bowl 4,Kitchen,15297,amazon-2025-07.csv,250
Amazon,N00391,2,2025-07-18,DE,BED04,2,79.99,0,New,Organic,Linen duvet 4,Bedding,15998,amazon-2025-07.csv,251
Amazon,N00392,1,2025-07-18,CA,BED03,1,39.99,0.15,New,Paid search,Linen duvet 3,Bedding,3399,amazon-2025-07.csv,252
Amazon,N00393,1,2025-07-18,US,LIG03,1,79.99,0.1,New,Marketplace,Desk lamp 3,Lighting,7199,amazon-2025-07.csv,253
Amazon,N00393,2,2025-07-18,US,LIG02,2,14.99,0,New,Marketplace,Desk lamp 2,Lighting,2998,amazon-2025-07.csv,254
Amazon,N00394,1,2025-07-18,US,KIT04,1,24.99,0.1,Returning,Paid search,Ceramic bowl 4,Kitchen,2249,amazon-2025-07.csv,255
Amazon,N00394,2,2025-07-18,US,LIG03,1,79.99,0,Returning,Paid search,Desk lamp 3,Lighting,7999,amazon-2025-07.csv,256
Amazon,N00395,1,2025-07-18,DE,BED02,3,14.99,0,New,Paid search,Linen duvet 2,Bedding,4497,amazon-2025-07.csv,257
Amazon,N00396,1,2025-07-18,US,DEC02,1,24.99,0.1,New,Paid search,Oak frame 2,Decor,2249,amazon-2025-07.csv,258
Amazon,N00396,2,2025-07-18,US,LIG02,2,24.99,0.15,New,Paid search,Desk lamp 2,Lighting,4248,amazon-2025-07.csv,259
Amazon,N00408,1,2025-07-19,US,LIG04,2,79.99,0,New,Marketplace,Desk lamp 4,Lighting,15998,amazon-2025-07.csv,260
Amazon,N00408,2,2025-07-19,US,DEC02,1,59.99,0.1,New,Marketplace,Oak frame 2,Decor,5399,amazon-2025-07.csv,261
Amazon,N00409,1,2025-07-19,US,STO01,3,24.99,0,New,Email,Woven basket 1,Storage,7497,amazon-2025-07.csv,262
Amazon,N00410,1,2025-07-19,UK,DEC04,3,39.99,0,New,Organic,Oak frame 4,Decor,11997,amazon-2025-07.csv,263
Amazon,N00410,2,2025-07-19,UK,DEC02,3,39.99,0.15,New,Organic,Oak frame 2,Decor,10197,amazon-2025-07.csv,264
Amazon,N00411,1,2025-07-19,UK,KIT04,3,14.99,0,Returning,Direct,Ceramic bowl 4,Kitchen,4497,amazon-2025-07.csv,265
Amazon,N00411,2,2025-07-19,UK,STO02,2,14.99,0,Returning,Direct,Woven basket 2,Storage,2998,amazon-2025-07.csv,266
Amazon,N00412,1,2025-07-19,CA,KIT03,2,24.99,0,New,Email,Ceramic bowl 3,Kitchen,4998,amazon-2025-07.csv,267
Amazon,N00413,1,2025-07-19,CA,STO04,2,24.99,0.15,Returning,Organic,Woven basket 4,Storage,4248,amazon-2025-07.csv,268
Amazon,N00413,2,2025-07-19,CA,LIG01,3,39.99,0,Returning,Organic,Desk lamp 1,Lighting,11997,amazon-2025-07.csv,269
Amazon,N00414,1,2025-07-19,DE,KIT01,1,79.99,0,New,Paid search,Ceramic bowl 1,Kitchen,7999,amazon-2025-07.csv,270
Amazon,N00415,1,2025-07-19,UK,LIG01,2,24.99,0.1,New,Marketplace,Desk lamp 1,Lighting,4498,amazon-2025-07.csv,271
Amazon,N00415,2,2025-07-19,UK,BED02,2,24.99,0,New,Marketplace,Linen duvet 2,Bedding,4998,amazon-2025-07.csv,272
Amazon,N00416,1,2025-07-19,UK,DEC01,2,14.99,0,Returning,Organic,Oak frame 1,Decor,2998,amazon-2025-07.csv,273
Amazon,N00416,2,2025-07-19,UK,DEC01,3,39.99,0,Returning,Organic,Oak frame 1,Decor,11997,amazon-2025-07.csv,274
Amazon,N00417,1,2025-07-19,CA,STO01,3,59.99,0.15,New,Organic,Woven basket 1,Storage,15297,amazon-2025-07.csv,275
Amazon,N00418,1,2025-07-19,DE,BED02,3,59.99,0,New,Marketplace,Linen duvet 2,Bedding,17997,amazon-2025-07.csv,276
Amazon,N00430,1,2025-07-20,DE,KIT01,2,59.99,0.15,Returning,Organic,Ceramic bowl 1,Kitchen,10198,amazon-2025-07.csv,277
Amazon,N00430,2,2025-07-20,DE,STO04,2,59.99,0.1,Returning,Organic,Woven basket 4,Storage,10798,amazon-2025-07.csv,278
Amazon,N00431,1,2025-07-20,UK,KIT04,1,24.99,0.1,Returning,Paid search,Ceramic bowl 4,Kitchen,2249,amazon-2025-07.csv,279
Amazon,N00432,1,2025-07-20,US,STO04,2,14.99,0.15,New,Marketplace,Woven basket 4,Storage,2548,amazon-2025-07.csv,280
Amazon,N00433,1,2025-07-20,UK,KIT03,3,59.99,0,Returning,Direct,Ceramic bowl 3,Kitchen,17997,amazon-2025-07.csv,281
Amazon,N00434,1,2025-07-20,CA,DEC02,2,24.99,0,Returning,Organic,Oak frame 2,Decor,4998,amazon-2025-07.csv,282
Amazon,N00435,1,2025-07-20,DE,BED01,1,39.99,0.1,Returning,Paid search,Linen duvet 1,Bedding,3599,amazon-2025-07.csv,283
Amazon,N00436,1,2025-07-20,UK,STO02,2,39.99,0.15,Returning,Paid search,Woven basket 2,Storage,6798,amazon-2025-07.csv,284
Amazon,N00437,1,2025-07-20,DE,KIT04,1,14.99,0,Returning,Paid search,Ceramic bowl 4,Kitchen,1499,amazon-2025-07.csv,285
Amazon,N00438,1,2025-07-20,DE,STO01,2,39.99,0,New,Paid search,Woven basket 1,Storage,7998,amazon-2025-07.csv,286
Amazon,N00438,2,2025-07-20,DE,STO03,3,59.99,0,New,Paid search,Woven basket 3,Storage,17997,amazon-2025-07.csv,287
Amazon,N00439,1,2025-07-20,US,STO02,3,39.99,0,New,Paid search,Woven basket 2,Storage,11997,amazon-2025-07.csv,288
Amazon,N00440,1,2025-07-20,CA,DEC02,3,14.99,0,New,Email,Oak frame 2,Decor,4497,amazon-2025-07.csv,289
Amazon,N00452,1,2025-07-21,CA,STO01,3,24.99,0.15,New,Marketplace,Woven basket 1,Storage,6372,amazon-2025-07.csv,290
Amazon,N00452,2,2025-07-21,CA,LIG03,1,24.99,0.1,New,Marketplace,Desk lamp 3,Lighting,2249,amazon-2025-07.csv,291
Amazon,N00453,1,2025-07-21,DE,STO02,3,24.99,0.15,New,Email,Woven basket 2,Storage,6372,amazon-2025-07.csv,292
Amazon,N00453,2,2025-07-21,DE,BED01,2,39.99,0,New,Email,Linen duvet 1,Bedding,7998,amazon-2025-07.csv,293
Amazon,N00454,1,2025-07-21,US,DEC04,1,59.99,0.1,New,Organic,Oak frame 4,Decor,5399,amazon-2025-07.csv,294
Amazon,N00455,1,2025-07-21,CA,STO02,3,79.99,0,New,Marketplace,Woven basket 2,Storage,23997,amazon-2025-07.csv,295
Amazon,N00455,2,2025-07-21,CA,STO03,3,24.99,0.15,New,Marketplace,Woven basket 3,Storage,6372,amazon-2025-07.csv,296
Amazon,N00456,1,2025-07-21,US,LIG04,3,79.99,0.1,New,Paid search,Desk lamp 4,Lighting,21597,amazon-2025-07.csv,297
Amazon,N00457,1,2025-07-21,US,STO02,2,14.99,0,New,Organic,Woven basket 2,Storage,2998,amazon-2025-07.csv,298
Amazon,N00457,2,2025-07-21,US,DEC01,1,79.99,0.15,New,Organic,Oak frame 1,Decor,6799,amazon-2025-07.csv,299
Amazon,N00458,1,2025-07-21,US,BED04,1,24.99,0.15,Returning,Email,Linen duvet 4,Bedding,2124,amazon-2025-07.csv,300
Amazon,N00458,2,2025-07-21,US,STO04,1,39.99,0.1,Returning,Email,Woven basket 4,Storage,3599,amazon-2025-07.csv,301
Amazon,N00459,1,2025-07-21,UK,KIT04,2,39.99,0.1,Returning,Direct,Ceramic bowl 4,Kitchen,7198,amazon-2025-07.csv,302
Amazon,N00459,2,2025-07-21,UK,LIG02,3,59.99,0,Returning,Direct,Desk lamp 2,Lighting,17997,amazon-2025-07.csv,303
Amazon,N00460,1,2025-07-21,US,KIT02,3,24.99,0.1,New,Organic,Ceramic bowl 2,Kitchen,6747,amazon-2025-07.csv,304
Amazon,N00460,2,2025-07-21,US,STO04,1,39.99,0,New,Organic,Woven basket 4,Storage,3999,amazon-2025-07.csv,305
Amazon,N00461,1,2025-07-21,US,DEC01,2,59.99,0.15,New,Organic,Oak frame 1,Decor,10198,amazon-2025-07.csv,306
Amazon,N00462,1,2025-07-21,US,LIG02,1,24.99,0.1,New,Organic,Desk lamp 2,Lighting,2249,amazon-2025-07.csv,307
Amazon,N00474,1,2025-07-22,US,LIG01,2,39.99,0,Returning,Paid search,Desk lamp 1,Lighting,7998,amazon-2025-07.csv,308
Amazon,N00475,1,2025-07-22,US,BED02,3,59.99,0,New,Direct,Linen duvet 2,Bedding,17997,amazon-2025-07.csv,309
Amazon,N00476,1,2025-07-22,UK,LIG01,2,79.99,0.15,Returning,Email,Desk lamp 1,Lighting,13598,amazon-2025-07.csv,310
Amazon,N00477,1,2025-07-22,US,KIT01,2,39.99,0,New,Organic,Ceramic bowl 1,Kitchen,7998,amazon-2025-07.csv,311
Amazon,N00478,1,2025-07-22,US,DEC03,3,14.99,0.15,New,Organic,Oak frame 3,Decor,3822,amazon-2025-07.csv,312
Amazon,N00479,1,2025-07-22,CA,DEC02,3,24.99,0.15,New,Direct,Oak frame 2,Decor,6372,amazon-2025-07.csv,313
Amazon,N00480,1,2025-07-22,US,DEC01,3,59.99,0.15,Returning,Organic,Oak frame 1,Decor,15297,amazon-2025-07.csv,314
Amazon,N00480,2,2025-07-22,US,BED03,1,14.99,0,Returning,Organic,Linen duvet 3,Bedding,1499,amazon-2025-07.csv,315
Amazon,N00481,1,2025-07-22,US,KIT01,1,79.99,0,New,Direct,Ceramic bowl 1,Kitchen,7999,amazon-2025-07.csv,316
Amazon,N00481,2,2025-07-22,US,BED01,2,59.99,0.1,New,Direct,Linen duvet 1,Bedding,10798,amazon-2025-07.csv,317
Amazon,N00482,1,2025-07-22,US,STO01,2,79.99,0.1,New,Organic,Woven basket 1,Storage,14398,amazon-2025-07.csv,318
Amazon,N00483,1,2025-07-22,US,LIG01,1,39.99,0,New,Direct,Desk lamp 1,Lighting,3999,amazon-2025-07.csv,319
Amazon,N00484,1,2025-07-22,US,LIG01,1,14.99,0,New,Email,Desk lamp 1,Lighting,1499,amazon-2025-07.csv,320
Amazon,N00496,1,2025-07-23,UK,BED02,1,24.99,0,New,Email,Linen duvet 2,Bedding,2499,amazon-2025-07.csv,321
Amazon,N00497,1,2025-07-23,CA,KIT04,1,39.99,0.1,New,Email,Ceramic bowl 4,Kitchen,3599,amazon-2025-07.csv,322
Amazon,N00498,1,2025-07-23,US,BED01,1,59.99,0.1,New,Direct,Linen duvet 1,Bedding,5399,amazon-2025-07.csv,323
Amazon,N00499,1,2025-07-23,CA,STO04,1,24.99,0,New,Organic,Woven basket 4,Storage,2499,amazon-2025-07.csv,324
Amazon,N00499,2,2025-07-23,CA,BED02,3,79.99,0.15,New,Organic,Linen duvet 2,Bedding,20397,amazon-2025-07.csv,325
Amazon,N00500,1,2025-07-23,DE,BED01,1,79.99,0.15,Returning,Direct,Linen duvet 1,Bedding,6799,amazon-2025-07.csv,326
Amazon,N00501,1,2025-07-23,UK,BED02,2,14.99,0.1,Returning,Organic,Linen duvet 2,Bedding,2698,amazon-2025-07.csv,327
Amazon,N00502,1,2025-07-23,US,KIT04,2,14.99,0.1,Returning,Paid search,Ceramic bowl 4,Kitchen,2698,amazon-2025-07.csv,328
Amazon,N00503,1,2025-07-23,DE,DEC01,3,24.99,0.15,New,Email,Oak frame 1,Decor,6372,amazon-2025-07.csv,329
Amazon,N00503,2,2025-07-23,DE,DEC03,2,59.99,0,New,Email,Oak frame 3,Decor,11998,amazon-2025-07.csv,330
Amazon,N00504,1,2025-07-23,DE,DEC02,2,14.99,0.15,Returning,Paid search,Oak frame 2,Decor,2548,amazon-2025-07.csv,331
Amazon,N00505,1,2025-07-23,UK,LIG03,3,59.99,0.1,New,Marketplace,Desk lamp 3,Lighting,16197,amazon-2025-07.csv,332
Amazon,N00506,1,2025-07-23,US,DEC01,2,14.99,0.15,New,Organic,Oak frame 1,Decor,2548,amazon-2025-07.csv,333
Amazon,N00506,2,2025-07-23,US,LIG04,1,24.99,0.15,New,Organic,Desk lamp 4,Lighting,2124,amazon-2025-07.csv,334
Amazon,N00518,1,2025-07-24,DE,KIT04,2,79.99,0,Returning,Marketplace,Ceramic bowl 4,Kitchen,15998,amazon-2025-07.csv,335
Amazon,N00519,1,2025-07-24,CA,BED04,1,14.99,0.1,New,Email,Linen duvet 4,Bedding,1349,amazon-2025-07.csv,336
Amazon,N00520,1,2025-07-24,CA,LIG01,1,14.99,0,Returning,Paid search,Desk lamp 1,Lighting,1499,amazon-2025-07.csv,337
Amazon,N00520,2,2025-07-24,CA,LIG02,1,79.99,0,Returning,Paid search,Desk lamp 2,Lighting,7999,amazon-2025-07.csv,338
Amazon,N00521,1,2025-07-24,UK,STO04,2,24.99,0,Returning,Marketplace,Woven basket 4,Storage,4998,amazon-2025-07.csv,339
Amazon,N00522,1,2025-07-24,US,BED01,2,14.99,0,New,Marketplace,Linen duvet 1,Bedding,2998,amazon-2025-07.csv,340
Amazon,N00523,1,2025-07-24,US,KIT03,3,59.99,0,New,Paid search,Ceramic bowl 3,Kitchen,17997,amazon-2025-07.csv,341
Amazon,N00524,1,2025-07-24,DE,STO02,1,39.99,0.15,New,Direct,Woven basket 2,Storage,3399,amazon-2025-07.csv,342
Amazon,N00525,1,2025-07-24,UK,LIG04,2,59.99,0.15,New,Organic,Desk lamp 4,Lighting,10198,amazon-2025-07.csv,343
Amazon,N00526,1,2025-07-24,UK,STO02,2,24.99,0.15,New,Marketplace,Woven basket 2,Storage,4248,amazon-2025-07.csv,344
Amazon,N00527,1,2025-07-24,US,DEC01,3,79.99,0,Returning,Email,Oak frame 1,Decor,23997,amazon-2025-07.csv,345
Amazon,N00528,1,2025-07-24,UK,STO01,3,14.99,0,New,Marketplace,Woven basket 1,Storage,4497,amazon-2025-07.csv,346
Amazon,N00528,2,2025-07-24,UK,KIT03,2,59.99,0.1,New,Marketplace,Ceramic bowl 3,Kitchen,10798,amazon-2025-07.csv,347
Amazon,N00540,1,2025-07-25,UK,LIG02,2,59.99,0.1,New,Paid search,Desk lamp 2,Lighting,10798,amazon-2025-07.csv,348
Amazon,N00541,1,2025-07-25,DE,KIT02,2,24.99,0.1,New,Email,Ceramic bowl 2,Kitchen,4498,amazon-2025-07.csv,349
Amazon,N00541,2,2025-07-25,DE,LIG04,1,14.99,0,New,Email,Desk lamp 4,Lighting,1499,amazon-2025-07.csv,350
Amazon,N00542,1,2025-07-25,US,STO04,2,14.99,0,New,Organic,Woven basket 4,Storage,2998,amazon-2025-07.csv,351
Amazon,N00543,1,2025-07-25,CA,DEC02,1,24.99,0,New,Organic,Oak frame 2,Decor,2499,amazon-2025-07.csv,352
Amazon,N00544,1,2025-07-25,US,STO03,2,39.99,0.1,New,Paid search,Woven basket 3,Storage,7198,amazon-2025-07.csv,353
Amazon,N00545,1,2025-07-25,DE,STO01,2,59.99,0.15,New,Email,Woven basket 1,Storage,10198,amazon-2025-07.csv,354
Amazon,N00545,2,2025-07-25,DE,DEC02,1,39.99,0.15,New,Email,Oak frame 2,Decor,3399,amazon-2025-07.csv,355
Amazon,N00546,1,2025-07-25,UK,LIG01,1,79.99,0,Returning,Direct,Desk lamp 1,Lighting,7999,amazon-2025-07.csv,356
Amazon,N00547,1,2025-07-25,CA,STO01,1,39.99,0,New,Direct,Woven basket 1,Storage,3999,amazon-2025-07.csv,357
Amazon,N00548,1,2025-07-25,US,LIG02,3,14.99,0.15,Returning,Email,Desk lamp 2,Lighting,3822,amazon-2025-07.csv,358
Amazon,N00549,1,2025-07-25,US,STO02,3,59.99,0.1,New,Direct,Woven basket 2,Storage,16197,amazon-2025-07.csv,359
Amazon,N00550,1,2025-07-25,CA,BED02,1,24.99,0,Returning,Marketplace,Linen duvet 2,Bedding,2499,amazon-2025-07.csv,360
Amazon,N00562,1,2025-07-26,CA,LIG04,2,14.99,0.1,New,Direct,Desk lamp 4,Lighting,2698,amazon-2025-07.csv,361
Amazon,N00563,1,2025-07-26,DE,LIG03,3,14.99,0.1,New,Paid search,Desk lamp 3,Lighting,4047,amazon-2025-07.csv,362
Amazon,N00564,1,2025-07-26,DE,KIT01,2,14.99,0,New,Email,Ceramic bowl 1,Kitchen,2998,amazon-2025-07.csv,363
Amazon,N00564,2,2025-07-26,DE,DEC03,3,59.99,0,New,Email,Oak frame 3,Decor,17997,amazon-2025-07.csv,364
Amazon,N00565,1,2025-07-26,US,STO01,3,39.99,0.1,New,Marketplace,Woven basket 1,Storage,10797,amazon-2025-07.csv,365
Amazon,N00565,2,2025-07-26,US,STO02,1,39.99,0.1,New,Marketplace,Woven basket 2,Storage,3599,amazon-2025-07.csv,366
Amazon,N00566,1,2025-07-26,DE,KIT02,3,79.99,0.15,New,Email,Ceramic bowl 2,Kitchen,20397,amazon-2025-07.csv,367
Amazon,N00567,1,2025-07-26,CA,STO04,2,79.99,0,New,Paid search,Woven basket 4,Storage,15998,amazon-2025-07.csv,368
Amazon,N00568,1,2025-07-26,CA,KIT01,3,79.99,0,New,Marketplace,Ceramic bowl 1,Kitchen,23997,amazon-2025-07.csv,369
Amazon,N00569,1,2025-07-26,US,LIG04,1,14.99,0,Returning,Paid search,Desk lamp 4,Lighting,1499,amazon-2025-07.csv,370
Amazon,N00570,1,2025-07-26,US,STO04,1,79.99,0.15,New,Marketplace,Woven basket 4,Storage,6799,amazon-2025-07.csv,371
Amazon,N00571,1,2025-07-26,UK,STO01,2,24.99,0.1,New,Organic,Woven basket 1,Storage,4498,amazon-2025-07.csv,372
Amazon,N00571,2,2025-07-26,UK,LIG01,1,79.99,0,New,Organic,Desk lamp 1,Lighting,7999,amazon-2025-07.csv,373
Amazon,N00572,1,2025-07-26,CA,LIG02,1,39.99,0,New,Organic,Desk lamp 2,Lighting,3999,amazon-2025-07.csv,374
Amazon,N00584,1,2025-07-27,CA,KIT02,1,79.99,0,New,Organic,Ceramic bowl 2,Kitchen,7999,amazon-2025-07.csv,375
Amazon,N00584,2,2025-07-27,CA,KIT04,3,14.99,0,New,Organic,Ceramic bowl 4,Kitchen,4497,amazon-2025-07.csv,376
Amazon,N00585,1,2025-07-27,CA,BED04,3,14.99,0.1,Returning,Direct,Linen duvet 4,Bedding,4047,amazon-2025-07.csv,377
Amazon,N00585,2,2025-07-27,CA,STO01,1,59.99,0.1,Returning,Direct,Woven basket 1,Storage,5399,amazon-2025-07.csv,378
Amazon,N00586,1,2025-07-27,UK,LIG02,2,79.99,0,New,Paid search,Desk lamp 2,Lighting,15998,amazon-2025-07.csv,379
Amazon,N00587,1,2025-07-27,CA,STO04,2,24.99,0,New,Email,Woven basket 4,Storage,4998,amazon-2025-07.csv,380
Amazon,N00588,1,2025-07-27,DE,BED02,3,39.99,0,New,Paid search,Linen duvet 2,Bedding,11997,amazon-2025-07.csv,381
Amazon,N00589,1,2025-07-27,DE,LIG02,1,24.99,0.15,New,Direct,Desk lamp 2,Lighting,2124,amazon-2025-07.csv,382
Amazon,N00590,1,2025-07-27,DE,LIG03,2,24.99,0,Returning,Direct,Desk lamp 3,Lighting,4998,amazon-2025-07.csv,383
Amazon,N00591,1,2025-07-27,DE,KIT02,1,39.99,0,New,Paid search,Ceramic bowl 2,Kitchen,3999,amazon-2025-07.csv,384
Amazon,N00591,2,2025-07-27,DE,DEC02,1,39.99,0.1,New,Paid search,Oak frame 2,Decor,3599,amazon-2025-07.csv,385
Amazon,N00592,1,2025-07-27,DE,BED01,1,79.99,0.1,New,Email,Linen duvet 1,Bedding,7199,amazon-2025-07.csv,386
Amazon,N00593,1,2025-07-27,US,LIG01,3,14.99,0.15,New,Paid search,Desk lamp 1,Lighting,3822,amazon-2025-07.csv,387
Amazon,N00593,2,2025-07-27,US,BED01,1,39.99,0,New,Paid search,Linen duvet 1,Bedding,3999,amazon-2025-07.csv,388
Amazon,N00594,1,2025-07-27,UK,LIG04,1,79.99,0.15,Returning,Organic,Desk lamp 4,Lighting,6799,amazon-2025-07.csv,389
Amazon,N00594,2,2025-07-27,UK,BED02,2,79.99,0,Returning,Organic,Linen duvet 2,Bedding,15998,amazon-2025-07.csv,390
Amazon,N00606,1,2025-07-28,US,STO03,2,24.99,0,Returning,Direct,Woven basket 3,Storage,4998,amazon-2025-07.csv,391
Amazon,N00607,1,2025-07-28,US,BED03,1,14.99,0.1,New,Organic,Linen duvet 3,Bedding,1349,amazon-2025-07.csv,392
Amazon,N00607,2,2025-07-28,US,DEC01,3,14.99,0,New,Organic,Oak frame 1,Decor,4497,amazon-2025-07.csv,393
Amazon,N00608,1,2025-07-28,UK,KIT01,2,79.99,0.1,New,Organic,Ceramic bowl 1,Kitchen,14398,amazon-2025-07.csv,394
Amazon,N00609,1,2025-07-28,US,BED04,2,24.99,0,Returning,Email,Linen duvet 4,Bedding,4998,amazon-2025-07.csv,395
Amazon,N00610,1,2025-07-28,DE,BED02,3,14.99,0,Returning,Email,Linen duvet 2,Bedding,4497,amazon-2025-07.csv,396
Amazon,N00611,1,2025-07-28,CA,STO03,2,39.99,0,New,Direct,Woven basket 3,Storage,7998,amazon-2025-07.csv,397
Amazon,N00612,1,2025-07-28,CA,BED02,3,59.99,0.15,New,Email,Linen duvet 2,Bedding,15297,amazon-2025-07.csv,398
Amazon,N00612,2,2025-07-28,CA,STO01,3,24.99,0.15,New,Email,Woven basket 1,Storage,6372,amazon-2025-07.csv,399
Amazon,N00613,1,2025-07-28,US,LIG02,3,14.99,0.15,New,Paid search,Desk lamp 2,Lighting,3822,amazon-2025-07.csv,400
Amazon,N00613,2,2025-07-28,US,KIT01,1,14.99,0.15,New,Paid search,Ceramic bowl 1,Kitchen,1274,amazon-2025-07.csv,401
Amazon,N00614,1,2025-07-28,CA,KIT03,3,14.99,0,New,Organic,Ceramic bowl 3,Kitchen,4497,amazon-2025-07.csv,402
Amazon,N00615,1,2025-07-28,DE,STO04,1,39.99,0,Returning,Direct,Woven basket 4,Storage,3999,amazon-2025-07.csv,403
Amazon,N00616,1,2025-07-28,UK,STO02,3,79.99,0.1,New,Organic,Woven basket 2,Storage,21597,amazon-2025-07.csv,404
Amazon,N00628,1,2025-07-29,CA,LIG04,3,59.99,0.1,New,Paid search,Desk lamp 4,Lighting,16197,amazon-2025-07.csv,405
Amazon,N00628,2,2025-07-29,CA,DEC01,3,79.99,0.1,New,Paid search,Oak frame 1,Decor,21597,amazon-2025-07.csv,406
Amazon,N00629,1,2025-07-29,UK,DEC04,3,79.99,0.15,Returning,Email,Oak frame 4,Decor,20397,amazon-2025-07.csv,407
Amazon,N00630,1,2025-07-29,US,LIG01,2,59.99,0.1,New,Organic,Desk lamp 1,Lighting,10798,amazon-2025-07.csv,408
Amazon,N00631,1,2025-07-29,US,KIT04,2,14.99,0,New,Direct,Ceramic bowl 4,Kitchen,2998,amazon-2025-07.csv,409
Amazon,N00631,2,2025-07-29,US,DEC04,1,39.99,0.15,New,Direct,Oak frame 4,Decor,3399,amazon-2025-07.csv,410
Amazon,N00632,1,2025-07-29,US,DEC03,3,79.99,0,New,Email,Oak frame 3,Decor,23997,amazon-2025-07.csv,411
Amazon,N00633,1,2025-07-29,UK,BED03,1,39.99,0.1,Returning,Direct,Linen duvet 3,Bedding,3599,amazon-2025-07.csv,412
Amazon,N00634,1,2025-07-29,US,LIG01,2,59.99,0.1,New,Email,Desk lamp 1,Lighting,10798,amazon-2025-07.csv,413
Amazon,N00635,1,2025-07-29,US,KIT01,2,79.99,0,New,Direct,Ceramic bowl 1,Kitchen,15998,amazon-2025-07.csv,414
Amazon,N00635,2,2025-07-29,US,DEC04,1,79.99,0.15,New,Direct,Oak frame 4,Decor,6799,amazon-2025-07.csv,415
Amazon,N00636,1,2025-07-29,DE,LIG02,2,14.99,0.1,New,Paid search,Desk lamp 2,Lighting,2698,amazon-2025-07.csv,416
Amazon,N00637,1,2025-07-29,DE,STO04,2,14.99,0,New,Direct,Woven basket 4,Storage,2998,amazon-2025-07.csv,417
Amazon,N00638,1,2025-07-29,DE,DEC03,1,39.99,0,New,Email,Oak frame 3,Decor,3999,amazon-2025-07.csv,418
Amazon,N00650,1,2025-07-30,US,LIG04,1,59.99,0.15,New,Marketplace,Desk lamp 4,Lighting,5099,amazon-2025-07.csv,419
Amazon,N00651,1,2025-07-30,DE,LIG04,3,79.99,0,New,Organic,Desk lamp 4,Lighting,23997,amazon-2025-07.csv,420
Amazon,N00651,2,2025-07-30,DE,KIT01,3,79.99,0.1,New,Organic,Ceramic bowl 1,Kitchen,21597,amazon-2025-07.csv,421
Amazon,N00652,1,2025-07-30,DE,LIG03,3,59.99,0.1,New,Marketplace,Desk lamp 3,Lighting,16197,amazon-2025-07.csv,422
Amazon,N00652,2,2025-07-30,DE,KIT04,3,24.99,0,New,Marketplace,Ceramic bowl 4,Kitchen,7497,amazon-2025-07.csv,423
Amazon,N00653,1,2025-07-30,US,BED04,1,14.99,0,Returning,Organic,Linen duvet 4,Bedding,1499,amazon-2025-07.csv,424
Amazon,N00654,1,2025-07-30,DE,DEC04,1,14.99,0.1,Returning,Organic,Oak frame 4,Decor,1349,amazon-2025-07.csv,425
Amazon,N00654,2,2025-07-30,DE,KIT02,2,14.99,0,Returning,Organic,Ceramic bowl 2,Kitchen,2998,amazon-2025-07.csv,426
Amazon,N00655,1,2025-07-30,DE,LIG04,2,59.99,0,New,Marketplace,Desk lamp 4,Lighting,11998,amazon-2025-07.csv,427
Amazon,N00655,2,2025-07-30,DE,STO02,2,39.99,0.1,New,Marketplace,Woven basket 2,Storage,7198,amazon-2025-07.csv,428
Amazon,N00656,1,2025-07-30,DE,BED04,1,24.99,0.15,New,Email,Linen duvet 4,Bedding,2124,amazon-2025-07.csv,429
Amazon,N00657,1,2025-07-30,US,KIT04,2,39.99,0,New,Organic,Ceramic bowl 4,Kitchen,7998,amazon-2025-07.csv,430
Amazon,N00657,2,2025-07-30,US,LIG02,2,24.99,0.1,New,Organic,Desk lamp 2,Lighting,4498,amazon-2025-07.csv,431
Amazon,N00658,1,2025-07-30,UK,STO03,3,24.99,0,New,Email,Woven basket 3,Storage,7497,amazon-2025-07.csv,432
Amazon,N00659,1,2025-07-30,US,BED02,2,24.99,0.15,New,Marketplace,Linen duvet 2,Bedding,4248,amazon-2025-07.csv,433
Amazon,N00660,1,2025-07-30,US,STO02,2,14.99,0,New,Direct,Woven basket 2,Storage,2998,amazon-2025-07.csv,434
Amazon,N00660,2,2025-07-30,US,KIT01,3,14.99,0,New,Direct,Ceramic bowl 1,Kitchen,4497,amazon-2025-07.csv,435
Amazon,N00672,1,2025-07-31,US,STO01,3,14.99,0.1,New,Email,Woven basket 1,Storage,4047,amazon-2025-07.csv,436
Amazon,N00673,1,2025-07-31,US,BED01,2,39.99,0,Returning,Direct,Linen duvet 1,Bedding,7998,amazon-2025-07.csv,437
Amazon,N00674,1,2025-07-31,CA,BED02,1,14.99,0,Returning,Marketplace,Linen duvet 2,Bedding,1499,amazon-2025-07.csv,438
Amazon,N00675,1,2025-07-31,DE,LIG02,1,24.99,0.1,Returning,Email,Desk lamp 2,Lighting,2249,amazon-2025-07.csv,439
Amazon,N00676,1,2025-07-31,DE,DEC02,3,24.99,0.15,New,Paid search,Oak frame 2,Decor,6372,amazon-2025-07.csv,440
Amazon,N00677,1,2025-07-31,CA,KIT02,1,24.99,0.1,New,Organic,Ceramic bowl 2,Kitchen,2249,amazon-2025-07.csv,441
Amazon,N00678,1,2025-07-31,UK,STO02,2,24.99,0.15,New,Marketplace,Woven basket 2,Storage,4248,amazon-2025-07.csv,442
Amazon,N00679,1,2025-07-31,CA,LIG01,3,39.99,0,New,Email,Desk lamp 1,Lighting,11997,amazon-2025-07.csv,443
Amazon,N00680,1,2025-07-31,US,LIG01,2,24.99,0,New,Marketplace,Desk lamp 1,Lighting,4998,amazon-2025-07.csv,444
Amazon,N00681,1,2025-07-31,CA,LIG04,1,39.99,0,New,Organic,Desk lamp 4,Lighting,3999,amazon-2025-07.csv,445
Amazon,N00682,1,2025-07-31,DE,STO02,1,79.99,0,Returning,Email,Woven basket 2,Storage,7999,amazon-2025-07.csv,446
Amazon,N00694,1,2025-08-01,DE,LIG04,2,79.99,0.15,New,Paid search,Desk lamp 4,Lighting,13598,amazon-2025-08.csv,2
Amazon,N00695,1,2025-08-01,US,LIG02,2,79.99,0,Returning,Direct,Desk lamp 2,Lighting,15998,amazon-2025-08.csv,3
Amazon,N00695,2,2025-08-01,US,BED01,1,79.99,0.15,Returning,Direct,Linen duvet 1,Bedding,6799,amazon-2025-08.csv,4
Amazon,N00696,1,2025-08-01,US,STO02,3,59.99,0.15,New,Paid search,Woven basket 2,Storage,15297,amazon-2025-08.csv,5
Amazon,N00697,1,2025-08-01,DE,LIG03,3,39.99,0.1,New,Organic,Desk lamp 3,Lighting,10797,amazon-2025-08.csv,6
Amazon,N00697,2,2025-08-01,DE,STO02,2,39.99,0,New,Organic,Woven basket 2,Storage,7998,amazon-2025-08.csv,7
Amazon,N00698,1,2025-08-01,DE,DEC02,3,39.99,0,Returning,Marketplace,Oak frame 2,Decor,11997,amazon-2025-08.csv,8
Amazon,N00698,2,2025-08-01,DE,KIT02,2,39.99,0.1,Returning,Marketplace,Ceramic bowl 2,Kitchen,7198,amazon-2025-08.csv,9
Amazon,N00699,1,2025-08-01,US,LIG03,3,59.99,0.1,Returning,Direct,Desk lamp 3,Lighting,16197,amazon-2025-08.csv,10
Amazon,N00700,1,2025-08-01,CA,LIG03,1,79.99,0.15,New,Organic,Desk lamp 3,Lighting,6799,amazon-2025-08.csv,11
Amazon,N00701,1,2025-08-01,CA,DEC02,3,79.99,0,New,Paid search,Oak frame 2,Decor,23997,amazon-2025-08.csv,12
Amazon,N00702,1,2025-08-01,UK,LIG04,1,79.99,0.15,Returning,Marketplace,Desk lamp 4,Lighting,6799,amazon-2025-08.csv,13
Amazon,N00702,2,2025-08-01,UK,BED03,1,59.99,0,Returning,Marketplace,Linen duvet 3,Bedding,5999,amazon-2025-08.csv,14
Amazon,N00703,1,2025-08-01,US,KIT03,3,79.99,0.15,Returning,Direct,Ceramic bowl 3,Kitchen,20397,amazon-2025-08.csv,15
Amazon,N00704,1,2025-08-01,US,BED02,2,24.99,0,New,Direct,Linen duvet 2,Bedding,4998,amazon-2025-08.csv,16
Amazon,N00704,2,2025-08-01,US,STO04,1,79.99,0,New,Direct,Woven basket 4,Storage,7999,amazon-2025-08.csv,17
Amazon,N00716,1,2025-08-02,UK,LIG04,2,39.99,0.15,New,Marketplace,Desk lamp 4,Lighting,6798,amazon-2025-08.csv,18
Amazon,N00717,1,2025-08-02,DE,KIT01,3,14.99,0.1,New,Organic,Ceramic bowl 1,Kitchen,4047,amazon-2025-08.csv,19
Amazon,N00718,1,2025-08-02,US,LIG02,2,39.99,0,Returning,Paid search,Desk lamp 2,Lighting,7998,amazon-2025-08.csv,20
Amazon,N00718,2,2025-08-02,US,BED01,2,24.99,0.15,Returning,Paid search,Linen duvet 1,Bedding,4248,amazon-2025-08.csv,21
Amazon,N00719,1,2025-08-02,CA,STO01,1,59.99,0,New,Email,Woven basket 1,Storage,5999,amazon-2025-08.csv,22
Amazon,N00720,1,2025-08-02,US,KIT04,2,14.99,0,Returning,Organic,Ceramic bowl 4,Kitchen,2998,amazon-2025-08.csv,23
Amazon,N00721,1,2025-08-02,DE,BED01,3,59.99,0.1,New,Direct,Linen duvet 1,Bedding,16197,amazon-2025-08.csv,24
Amazon,N00722,1,2025-08-02,CA,DEC03,2,24.99,0,New,Email,Oak frame 3,Decor,4998,amazon-2025-08.csv,25
Amazon,N00723,1,2025-08-02,DE,LIG03,1,14.99,0,New,Email,Desk lamp 3,Lighting,1499,amazon-2025-08.csv,26
Amazon,N00723,2,2025-08-02,DE,STO01,3,24.99,0.1,New,Email,Woven basket 1,Storage,6747,amazon-2025-08.csv,27
Amazon,N00724,1,2025-08-02,UK,BED04,2,79.99,0,New,Marketplace,Linen duvet 4,Bedding,15998,amazon-2025-08.csv,28
Amazon,N00725,1,2025-08-02,CA,STO03,3,39.99,0,Returning,Marketplace,Woven basket 3,Storage,11997,amazon-2025-08.csv,29
Amazon,N00726,1,2025-08-02,UK,KIT01,1,14.99,0,New,Organic,Ceramic bowl 1,Kitchen,1499,amazon-2025-08.csv,30
Amazon,N00738,1,2025-08-03,DE,LIG02,2,59.99,0.15,New,Email,Desk lamp 2,Lighting,10198,amazon-2025-08.csv,31
Amazon,N00739,1,2025-08-03,UK,KIT02,3,59.99,0.15,Returning,Organic,Ceramic bowl 2,Kitchen,15297,amazon-2025-08.csv,32
Amazon,N00740,1,2025-08-03,UK,LIG04,3,39.99,0,Returning,Direct,Desk lamp 4,Lighting,11997,amazon-2025-08.csv,33
Amazon,N00740,2,2025-08-03,UK,BED04,1,39.99,0,Returning,Direct,Linen duvet 4,Bedding,3999,amazon-2025-08.csv,34
Amazon,N00741,1,2025-08-03,US,BED02,1,79.99,0.1,New,Marketplace,Linen duvet 2,Bedding,7199,amazon-2025-08.csv,35
Amazon,N00742,1,2025-08-03,US,STO02,1,24.99,0,Returning,Paid search,Woven basket 2,Storage,2499,amazon-2025-08.csv,36
Amazon,N00742,2,2025-08-03,US,BED02,1,14.99,0.1,Returning,Paid search,Linen duvet 2,Bedding,1349,amazon-2025-08.csv,37
Amazon,N00743,1,2025-08-03,UK,STO04,1,59.99,0.15,Returning,Direct,Woven basket 4,Storage,5099,amazon-2025-08.csv,38
Amazon,N00744,1,2025-08-03,US,DEC02,2,24.99,0,Returning,Direct,Oak frame 2,Decor,4998,amazon-2025-08.csv,39
Amazon,N00744,2,2025-08-03,US,DEC04,2,79.99,0,Returning,Direct,Oak frame 4,Decor,15998,amazon-2025-08.csv,40
Amazon,N00745,1,2025-08-03,UK,STO03,3,24.99,0.1,New,Marketplace,Woven basket 3,Storage,6747,amazon-2025-08.csv,41
Amazon,N00745,2,2025-08-03,UK,DEC01,1,14.99,0,New,Marketplace,Oak frame 1,Decor,1499,amazon-2025-08.csv,42
Amazon,N00746,1,2025-08-03,DE,STO03,1,59.99,0.1,New,Organic,Woven basket 3,Storage,5399,amazon-2025-08.csv,43
Amazon,N00747,1,2025-08-03,CA,KIT01,2,79.99,0.15,New,Paid search,Ceramic bowl 1,Kitchen,13598,amazon-2025-08.csv,44
Amazon,N00747,2,2025-08-03,CA,DEC04,3,39.99,0.1,New,Paid search,Oak frame 4,Decor,10797,amazon-2025-08.csv,45
Amazon,N00748,1,2025-08-03,DE,LIG02,1,59.99,0.1,New,Email,Desk lamp 2,Lighting,5399,amazon-2025-08.csv,46
Amazon,N00748,2,2025-08-03,DE,DEC03,2,59.99,0,New,Email,Oak frame 3,Decor,11998,amazon-2025-08.csv,47
Amazon,N00760,1,2025-08-04,US,LIG01,2,39.99,0,New,Direct,Desk lamp 1,Lighting,7998,amazon-2025-08.csv,48
Amazon,N00760,2,2025-08-04,US,LIG01,3,24.99,0.1,New,Direct,Desk lamp 1,Lighting,6747,amazon-2025-08.csv,49
Amazon,N00761,1,2025-08-04,UK,STO04,1,79.99,0,New,Direct,Woven basket 4,Storage,7999,amazon-2025-08.csv,50
Amazon,N00762,1,2025-08-04,US,STO02,1,59.99,0.1,Returning,Marketplace,Woven basket 2,Storage,5399,amazon-2025-08.csv,51
Amazon,N00762,2,2025-08-04,US,LIG04,1,14.99,0,Returning,Marketplace,Desk lamp 4,Lighting,1499,amazon-2025-08.csv,52
Amazon,N00763,1,2025-08-04,US,STO04,1,59.99,0,Returning,Paid search,Woven basket 4,Storage,5999,amazon-2025-08.csv,53
Amazon,N00764,1,2025-08-04,US,KIT02,2,39.99,0.1,New,Email,Ceramic bowl 2,Kitchen,7198,amazon-2025-08.csv,54
Amazon,N00765,1,2025-08-04,DE,STO04,2,14.99,0,Returning,Direct,Woven basket 4,Storage,2998,amazon-2025-08.csv,55
Amazon,N00766,1,2025-08-04,CA,DEC02,3,59.99,0.1,Returning,Email,Oak frame 2,Decor,16197,amazon-2025-08.csv,56
Amazon,N00767,1,2025-08-04,US,LIG04,1,79.99,0,Returning,Marketplace,Desk lamp 4,Lighting,7999,amazon-2025-08.csv,57
Amazon,N00767,2,2025-08-04,US,LIG02,2,79.99,0.15,Returning,Marketplace,Desk lamp 2,Lighting,13598,amazon-2025-08.csv,58
Amazon,N00768,1,2025-08-04,UK,LIG01,2,59.99,0.1,New,Organic,Desk lamp 1,Lighting,10798,amazon-2025-08.csv,59
Amazon,N00768,2,2025-08-04,UK,DEC01,2,59.99,0,New,Organic,Oak frame 1,Decor,11998,amazon-2025-08.csv,60
Amazon,N00769,1,2025-08-04,US,KIT04,1,79.99,0.1,Returning,Marketplace,Ceramic bowl 4,Kitchen,7199,amazon-2025-08.csv,61
Amazon,N00769,2,2025-08-04,US,STO02,2,14.99,0.1,Returning,Marketplace,Woven basket 2,Storage,2698,amazon-2025-08.csv,62
Amazon,N00770,1,2025-08-04,US,LIG04,2,79.99,0.1,New,Email,Desk lamp 4,Lighting,14398,amazon-2025-08.csv,63
Amazon,N00782,1,2025-08-05,US,DEC01,1,39.99,0,Returning,Marketplace,Oak frame 1,Decor,3999,amazon-2025-08.csv,64
Amazon,N00782,2,2025-08-05,US,STO01,3,59.99,0.1,Returning,Marketplace,Woven basket 1,Storage,16197,amazon-2025-08.csv,65
Amazon,N00783,1,2025-08-05,US,LIG02,1,59.99,0.15,Returning,Marketplace,Desk lamp 2,Lighting,5099,amazon-2025-08.csv,66
Amazon,N00783,2,2025-08-05,US,LIG03,3,79.99,0.1,Returning,Marketplace,Desk lamp 3,Lighting,21597,amazon-2025-08.csv,67
Amazon,N00784,1,2025-08-05,CA,DEC02,3,24.99,0.15,Returning,Marketplace,Oak frame 2,Decor,6372,amazon-2025-08.csv,68
Amazon,N00784,2,2025-08-05,CA,KIT03,1,59.99,0,Returning,Marketplace,Ceramic bowl 3,Kitchen,5999,amazon-2025-08.csv,69
Amazon,N00785,1,2025-08-05,US,DEC02,3,79.99,0,New,Direct,Oak frame 2,Decor,23997,amazon-2025-08.csv,70
Amazon,N00786,1,2025-08-05,US,BED01,3,39.99,0.1,New,Direct,Linen duvet 1,Bedding,10797,amazon-2025-08.csv,71
Amazon,N00787,1,2025-08-05,CA,BED02,2,59.99,0.15,New,Marketplace,Linen duvet 2,Bedding,10198,amazon-2025-08.csv,72
Amazon,N00787,2,2025-08-05,CA,LIG02,2,79.99,0.15,New,Marketplace,Desk lamp 2,Lighting,13598,amazon-2025-08.csv,73
Amazon,N00788,1,2025-08-05,CA,DEC04,1,59.99,0,New,Email,Oak frame 4,Decor,5999,amazon-2025-08.csv,74
Amazon,N00789,1,2025-08-05,UK,BED03,3,79.99,0.1,Returning,Marketplace,Linen duvet 3,Bedding,21597,amazon-2025-08.csv,75
Amazon,N00790,1,2025-08-05,DE,STO03,2,14.99,0,New,Email,Woven basket 3,Storage,2998,amazon-2025-08.csv,76
Amazon,N00791,1,2025-08-05,US,BED03,2,24.99,0,New,Marketplace,Linen duvet 3,Bedding,4998,amazon-2025-08.csv,77
Amazon,N00791,2,2025-08-05,US,LIG04,2,39.99,0.1,New,Marketplace,Desk lamp 4,Lighting,7198,amazon-2025-08.csv,78
Amazon,N00792,1,2025-08-05,US,KIT04,2,24.99,0,New,Marketplace,Ceramic bowl 4,Kitchen,4998,amazon-2025-08.csv,79
Amazon,N00792,2,2025-08-05,US,STO02,1,24.99,0,New,Marketplace,Woven basket 2,Storage,2499,amazon-2025-08.csv,80
Amazon,N00804,1,2025-08-06,UK,LIG03,2,14.99,0,New,Paid search,Desk lamp 3,Lighting,2998,amazon-2025-08.csv,81
Amazon,N00805,1,2025-08-06,US,DEC03,2,14.99,0,New,Paid search,Oak frame 3,Decor,2998,amazon-2025-08.csv,82
Amazon,N00805,2,2025-08-06,US,KIT01,3,14.99,0.1,New,Paid search,Ceramic bowl 1,Kitchen,4047,amazon-2025-08.csv,83
Amazon,N00806,1,2025-08-06,US,KIT04,3,79.99,0.1,New,Paid search,Ceramic bowl 4,Kitchen,21597,amazon-2025-08.csv,84
Amazon,N00807,1,2025-08-06,CA,LIG03,1,14.99,0.15,Returning,Paid search,Desk lamp 3,Lighting,1274,amazon-2025-08.csv,85
Amazon,N00808,1,2025-08-06,UK,LIG03,3,24.99,0,New,Email,Desk lamp 3,Lighting,7497,amazon-2025-08.csv,86
Amazon,N00809,1,2025-08-06,DE,LIG03,3,39.99,0,Returning,Paid search,Desk lamp 3,Lighting,11997,amazon-2025-08.csv,87
Amazon,N00810,1,2025-08-06,CA,STO03,2,24.99,0.15,New,Paid search,Woven basket 3,Storage,4248,amazon-2025-08.csv,88
Amazon,N00811,1,2025-08-06,US,DEC04,1,14.99,0.1,New,Direct,Oak frame 4,Decor,1349,amazon-2025-08.csv,89
Amazon,N00812,1,2025-08-06,US,STO03,3,39.99,0.1,Returning,Organic,Woven basket 3,Storage,10797,amazon-2025-08.csv,90
Amazon,N00812,2,2025-08-06,US,KIT02,1,39.99,0.1,Returning,Organic,Ceramic bowl 2,Kitchen,3599,amazon-2025-08.csv,91
Amazon,N00813,1,2025-08-06,DE,STO04,2,39.99,0,New,Email,Woven basket 4,Storage,7998,amazon-2025-08.csv,92
Amazon,N00814,1,2025-08-06,US,DEC01,1,59.99,0,New,Paid search,Oak frame 1,Decor,5999,amazon-2025-08.csv,93
Amazon,N00826,1,2025-08-07,UK,KIT02,2,79.99,0,New,Paid search,Ceramic bowl 2,Kitchen,15998,amazon-2025-08.csv,94
Amazon,N00827,1,2025-08-07,US,BED02,3,24.99,0,New,Paid search,Linen duvet 2,Bedding,7497,amazon-2025-08.csv,95
Amazon,N00828,1,2025-08-07,US,DEC04,3,79.99,0,Returning,Organic,Oak frame 4,Decor,23997,amazon-2025-08.csv,96
Amazon,N00828,2,2025-08-07,US,BED02,2,39.99,0,Returning,Organic,Linen duvet 2,Bedding,7998,amazon-2025-08.csv,97
Amazon,N00829,1,2025-08-07,US,BED01,1,39.99,0,New,Marketplace,Linen duvet 1,Bedding,3999,amazon-2025-08.csv,98
Amazon,N00830,1,2025-08-07,US,LIG01,1,24.99,0.15,New,Email,Desk lamp 1,Lighting,2124,amazon-2025-08.csv,99
Amazon,N00830,2,2025-08-07,US,BED02,1,24.99,0.1,New,Email,Linen duvet 2,Bedding,2249,amazon-2025-08.csv,100
Amazon,N00831,1,2025-08-07,UK,DEC02,3,24.99,0.1,Returning,Paid search,Oak frame 2,Decor,6747,amazon-2025-08.csv,101
Amazon,N00832,1,2025-08-07,US,LIG04,3,24.99,0,New,Paid search,Desk lamp 4,Lighting,7497,amazon-2025-08.csv,102
Amazon,N00832,2,2025-08-07,US,LIG01,1,59.99,0.1,New,Paid search,Desk lamp 1,Lighting,5399,amazon-2025-08.csv,103
Amazon,N00833,1,2025-08-07,DE,STO02,2,59.99,0,Returning,Direct,Woven basket 2,Storage,11998,amazon-2025-08.csv,104
Amazon,N00833,2,2025-08-07,DE,LIG03,2,39.99,0.15,Returning,Direct,Desk lamp 3,Lighting,6798,amazon-2025-08.csv,105
Amazon,N00834,1,2025-08-07,US,STO03,3,59.99,0,New,Organic,Woven basket 3,Storage,17997,amazon-2025-08.csv,106
Amazon,N00835,1,2025-08-07,DE,STO02,1,24.99,0.1,New,Email,Woven basket 2,Storage,2249,amazon-2025-08.csv,107
Amazon,N00836,1,2025-08-07,DE,DEC02,1,14.99,0.1,Returning,Paid search,Oak frame 2,Decor,1349,amazon-2025-08.csv,108
Amazon,N00848,1,2025-08-08,US,KIT04,2,39.99,0,Returning,Direct,Ceramic bowl 4,Kitchen,7998,amazon-2025-08.csv,109
Amazon,N00849,1,2025-08-08,US,DEC02,2,24.99,0,Returning,Organic,Oak frame 2,Decor,4998,amazon-2025-08.csv,110
Amazon,N00850,1,2025-08-08,US,STO03,3,24.99,0.1,New,Paid search,Woven basket 3,Storage,6747,amazon-2025-08.csv,111
Amazon,N00850,2,2025-08-08,US,DEC03,1,59.99,0,New,Paid search,Oak frame 3,Decor,5999,amazon-2025-08.csv,112
Amazon,N00851,1,2025-08-08,DE,BED04,1,39.99,0,New,Email,Linen duvet 4,Bedding,3999,amazon-2025-08.csv,113
Amazon,N00852,1,2025-08-08,CA,KIT03,1,14.99,0.1,New,Marketplace,Ceramic bowl 3,Kitchen,1349,amazon-2025-08.csv,114
Amazon,N00853,1,2025-08-08,US,LIG03,2,14.99,0.15,Returning,Direct,Desk lamp 3,Lighting,2548,amazon-2025-08.csv,115
Amazon,N00854,1,2025-08-08,CA,LIG01,3,14.99,0,New,Organic,Desk lamp 1,Lighting,4497,amazon-2025-08.csv,116
Amazon,N00855,1,2025-08-08,UK,KIT03,3,24.99,0,New,Direct,Ceramic bowl 3,Kitchen,7497,amazon-2025-08.csv,117
Amazon,N00856,1,2025-08-08,US,KIT04,2,79.99,0,New,Organic,Ceramic bowl 4,Kitchen,15998,amazon-2025-08.csv,118
Amazon,N00857,1,2025-08-08,US,LIG02,3,24.99,0.1,Returning,Marketplace,Desk lamp 2,Lighting,6747,amazon-2025-08.csv,119
Amazon,N00858,1,2025-08-08,DE,DEC02,3,59.99,0,New,Direct,Oak frame 2,Decor,17997,amazon-2025-08.csv,120
Amazon,N00870,1,2025-08-09,US,STO01,3,59.99,0.15,New,Organic,Woven basket 1,Storage,15297,amazon-2025-08.csv,121
Amazon,N00870,2,2025-08-09,US,BED04,2,79.99,0,New,Organic,Linen duvet 4,Bedding,15998,amazon-2025-08.csv,122
Amazon,N00871,1,2025-08-09,UK,BED04,1,59.99,0.1,Returning,Direct,Linen duvet 4,Bedding,5399,amazon-2025-08.csv,123
Amazon,N00872,1,2025-08-09,CA,STO01,1,59.99,0,Returning,Email,Woven basket 1,Storage,5999,amazon-2025-08.csv,124
Amazon,N00873,1,2025-08-09,US,DEC03,2,39.99,0,Returning,Paid search,Oak frame 3,Decor,7998,amazon-2025-08.csv,125
Amazon,N00874,1,2025-08-09,US,KIT01,3,24.99,0,New,Direct,Ceramic bowl 1,Kitchen,7497,amazon-2025-08.csv,126
Amazon,N00874,2,2025-08-09,US,BED01,1,24.99,0.15,New,Direct,Linen duvet 1,Bedding,2124,amazon-2025-08.csv,127
Amazon,N00875,1,2025-08-09,CA,BED04,2,14.99,0,Returning,Direct,Linen duvet 4,Bedding,2998,amazon-2025-08.csv,128
Amazon,N00876,1,2025-08-09,US,LIG04,1,39.99,0.1,New,Organic,Desk lamp 4,Lighting,3599,amazon-2025-08.csv,129
Amazon,N00877,1,2025-08-09,UK,KIT02,1,59.99,0,New,Marketplace,Ceramic bowl 2,Kitchen,5999,amazon-2025-08.csv,130
Amazon,N00877,2,2025-08-09,UK,BED04,1,14.99,0,New,Marketplace,Linen duvet 4,Bedding,1499,amazon-2025-08.csv,131
Amazon,N00878,1,2025-08-09,US,STO01,2,59.99,0,Returning,Marketplace,Woven basket 1,Storage,11998,amazon-2025-08.csv,132
Amazon,N00878,2,2025-08-09,US,STO04,3,79.99,0,Returning,Marketplace,Woven basket 4,Storage,23997,amazon-2025-08.csv,133
Amazon,N00879,1,2025-08-09,CA,BED03,3,59.99,0,Returning,Paid search,Linen duvet 3,Bedding,17997,amazon-2025-08.csv,134
Amazon,N00880,1,2025-08-09,CA,KIT04,1,59.99,0,Returning,Email,Ceramic bowl 4,Kitchen,5999,amazon-2025-08.csv,135
Amazon,N00880,2,2025-08-09,CA,STO04,1,59.99,0,Returning,Email,Woven basket 4,Storage,5999,amazon-2025-08.csv,136
Amazon,N00892,1,2025-08-10,DE,LIG02,3,24.99,0,Returning,Paid search,Desk lamp 2,Lighting,7497,amazon-2025-08.csv,137
Amazon,N00892,2,2025-08-10,DE,BED02,2,24.99,0,Returning,Paid search,Linen duvet 2,Bedding,4998,amazon-2025-08.csv,138
Amazon,N00893,1,2025-08-10,CA,KIT04,1,14.99,0,New,Direct,Ceramic bowl 4,Kitchen,1499,amazon-2025-08.csv,139
Amazon,N00893,2,2025-08-10,CA,KIT04,1,79.99,0.1,New,Direct,Ceramic bowl 4,Kitchen,7199,amazon-2025-08.csv,140
Amazon,N00894,1,2025-08-10,US,BED02,1,59.99,0,New,Marketplace,Linen duvet 2,Bedding,5999,amazon-2025-08.csv,141
Amazon,N00894,2,2025-08-10,US,STO01,3,59.99,0,New,Marketplace,Woven basket 1,Storage,17997,amazon-2025-08.csv,142
Amazon,N00895,1,2025-08-10,US,KIT02,1,14.99,0,Returning,Direct,Ceramic bowl 2,Kitchen,1499,amazon-2025-08.csv,143
Amazon,N00896,1,2025-08-10,UK,KIT03,1,79.99,0.15,New,Paid search,Ceramic bowl 3,Kitchen,6799,amazon-2025-08.csv,144
Amazon,N00897,1,2025-08-10,US,BED03,2,24.99,0,New,Email,Linen duvet 3,Bedding,4998,amazon-2025-08.csv,145
Amazon,N00898,1,2025-08-10,US,DEC04,1,59.99,0,New,Paid search,Oak frame 4,Decor,5999,amazon-2025-08.csv,146
Amazon,N00899,1,2025-08-10,UK,KIT01,1,79.99,0,New,Direct,Ceramic bowl 1,Kitchen,7999,amazon-2025-08.csv,147
Amazon,N00899,2,2025-08-10,UK,DEC01,1,79.99,0,New,Direct,Oak frame 1,Decor,7999,amazon-2025-08.csv,148
Amazon,N00900,1,2025-08-10,US,STO01,1,24.99,0,Returning,Direct,Woven basket 1,Storage,2499,amazon-2025-08.csv,149
Amazon,N00901,1,2025-08-10,CA,KIT03,3,59.99,0,New,Paid search,Ceramic bowl 3,Kitchen,17997,amazon-2025-08.csv,150
Amazon,N00902,1,2025-08-10,DE,DEC03,2,14.99,0,New,Organic,Oak frame 3,Decor,2998,amazon-2025-08.csv,151
Amazon,N00914,1,2025-08-11,US,LIG04,2,14.99,0.1,New,Email,Desk lamp 4,Lighting,2698,amazon-2025-08.csv,152
Amazon,N00914,2,2025-08-11,US,LIG02,1,39.99,0,New,Email,Desk lamp 2,Lighting,3999,amazon-2025-08.csv,153
Amazon,N00915,1,2025-08-11,DE,BED03,2,59.99,0,Returning,Direct,Linen duvet 3,Bedding,11998,amazon-2025-08.csv,154
Amazon,N00915,2,2025-08-11,DE,DEC03,2,14.99,0,Returning,Direct,Oak frame 3,Decor,2998,amazon-2025-08.csv,155
Amazon,N00916,1,2025-08-11,US,DEC04,1,14.99,0,Returning,Organic,Oak frame 4,Decor,1499,amazon-2025-08.csv,156
Amazon,N00916,2,2025-08-11,US,KIT03,3,39.99,0.15,Returning,Organic,Ceramic bowl 3,Kitchen,10197,amazon-2025-08.csv,157
Amazon,N00917,1,2025-08-11,DE,DEC03,3,14.99,0,New,Email,Oak frame 3,Decor,4497,amazon-2025-08.csv,158
Amazon,N00917,2,2025-08-11,DE,LIG03,3,24.99,0,New,Email,Desk lamp 3,Lighting,7497,amazon-2025-08.csv,159
Amazon,N00918,1,2025-08-11,UK,BED04,2,14.99,0.1,New,Marketplace,Linen duvet 4,Bedding,2698,amazon-2025-08.csv,160
Amazon,N00919,1,2025-08-11,US,BED04,3,24.99,0,New,Marketplace,Linen duvet 4,Bedding,7497,amazon-2025-08.csv,161
Amazon,N00920,1,2025-08-11,US,STO01,3,14.99,0.15,Returning,Organic,Woven basket 1,Storage,3822,amazon-2025-08.csv,162
Amazon,N00920,2,2025-08-11,US,DEC04,1,39.99,0,Returning,Organic,Oak frame 4,Decor,3999,amazon-2025-08.csv,163
Amazon,N00921,1,2025-08-11,DE,LIG01,1,24.99,0.15,New,Direct,Desk lamp 1,Lighting,2124,amazon-2025-08.csv,164
Amazon,N00922,1,2025-08-11,UK,LIG02,1,24.99,0,New,Direct,Desk lamp 2,Lighting,2499,amazon-2025-08.csv,165
Amazon,N00923,1,2025-08-11,US,LIG03,1,79.99,0.15,Returning,Organic,Desk lamp 3,Lighting,6799,amazon-2025-08.csv,166
Amazon,N00924,1,2025-08-11,CA,KIT04,2,79.99,0,New,Organic,Ceramic bowl 4,Kitchen,15998,amazon-2025-08.csv,167
Amazon,N00936,1,2025-08-12,US,KIT03,2,14.99,0,New,Direct,Ceramic bowl 3,Kitchen,2998,amazon-2025-08.csv,168
Amazon,N00937,1,2025-08-12,CA,LIG03,1,79.99,0,Returning,Direct,Desk lamp 3,Lighting,7999,amazon-2025-08.csv,169
Amazon,N00937,2,2025-08-12,CA,LIG01,3,14.99,0.15,Returning,Direct,Desk lamp 1,Lighting,3822,amazon-2025-08.csv,170
Amazon,N00938,1,2025-08-12,UK,BED04,2,79.99,0,Returning,Email,Linen duvet 4,Bedding,15998,amazon-2025-08.csv,171
Amazon,N00939,1,2025-08-12,DE,STO03,1,24.99,0.15,New,Paid search,Woven basket 3,Storage,2124,amazon-2025-08.csv,172
Amazon,N00940,1,2025-08-12,CA,KIT02,3,24.99,0.15,Returning,Direct,Ceramic bowl 2,Kitchen,6372,amazon-2025-08.csv,173
Amazon,N00940,2,2025-08-12,CA,DEC04,1,24.99,0,Returning,Direct,Oak frame 4,Decor,2499,amazon-2025-08.csv,174
Amazon,N00941,1,2025-08-12,US,DEC03,1,24.99,0.15,New,Paid search,Oak frame 3,Decor,2124,amazon-2025-08.csv,175
Amazon,N00941,2,2025-08-12,US,KIT03,2,79.99,0.1,New,Paid search,Ceramic bowl 3,Kitchen,14398,amazon-2025-08.csv,176
Amazon,N00942,1,2025-08-12,UK,DEC03,1,39.99,0,Returning,Paid search,Oak frame 3,Decor,3999,amazon-2025-08.csv,177
Amazon,N00942,2,2025-08-12,UK,STO03,2,24.99,0,Returning,Paid search,Woven basket 3,Storage,4998,amazon-2025-08.csv,178
Amazon,N00943,1,2025-08-12,UK,LIG03,2,79.99,0,New,Paid search,Desk lamp 3,Lighting,15998,amazon-2025-08.csv,179
Amazon,N00944,1,2025-08-12,DE,STO02,2,14.99,0.1,New,Organic,Woven basket 2,Storage,2698,amazon-2025-08.csv,180
Amazon,N00945,1,2025-08-12,DE,LIG02,1,59.99,0.15,Returning,Direct,Desk lamp 2,Lighting,5099,amazon-2025-08.csv,181
Amazon,N00945,2,2025-08-12,DE,STO04,3,39.99,0,Returning,Direct,Woven basket 4,Storage,11997,amazon-2025-08.csv,182
Amazon,N00946,1,2025-08-12,UK,BED02,1,59.99,0.15,Returning,Direct,Linen duvet 2,Bedding,5099,amazon-2025-08.csv,183
Amazon,N00958,1,2025-08-13,DE,KIT01,3,14.99,0.1,New,Paid search,Ceramic bowl 1,Kitchen,4047,amazon-2025-08.csv,184
Amazon,N00959,1,2025-08-13,CA,DEC03,1,59.99,0,New,Email,Oak frame 3,Decor,5999,amazon-2025-08.csv,185
Amazon,N00959,2,2025-08-13,CA,LIG01,2,24.99,0,New,Email,Desk lamp 1,Lighting,4998,amazon-2025-08.csv,186
Amazon,N00960,1,2025-08-13,US,DEC03,1,39.99,0,Returning,Email,Oak frame 3,Decor,3999,amazon-2025-08.csv,187
Amazon,N00961,1,2025-08-13,US,STO01,1,24.99,0,New,Organic,Woven basket 1,Storage,2499,amazon-2025-08.csv,188
Amazon,N00961,2,2025-08-13,US,BED04,1,59.99,0,New,Organic,Linen duvet 4,Bedding,5999,amazon-2025-08.csv,189
Amazon,N00962,1,2025-08-13,UK,DEC03,3,24.99,0,New,Marketplace,Oak frame 3,Decor,7497,amazon-2025-08.csv,190
Amazon,N00963,1,2025-08-13,US,DEC04,3,39.99,0,Returning,Marketplace,Oak frame 4,Decor,11997,amazon-2025-08.csv,191
Amazon,N00964,1,2025-08-13,DE,KIT03,3,14.99,0.1,Returning,Email,Ceramic bowl 3,Kitchen,4047,amazon-2025-08.csv,192
Amazon,N00964,2,2025-08-13,DE,LIG03,3,59.99,0,Returning,Email,Desk lamp 3,Lighting,17997,amazon-2025-08.csv,193
Amazon,N00965,1,2025-08-13,US,BED01,2,14.99,0.1,New,Marketplace,Linen duvet 1,Bedding,2698,amazon-2025-08.csv,194
Amazon,N00965,2,2025-08-13,US,LIG03,2,79.99,0,New,Marketplace,Desk lamp 3,Lighting,15998,amazon-2025-08.csv,195
Amazon,N00966,1,2025-08-13,DE,KIT04,3,39.99,0,New,Email,Ceramic bowl 4,Kitchen,11997,amazon-2025-08.csv,196
Amazon,N00967,1,2025-08-13,US,KIT04,3,24.99,0.1,New,Direct,Ceramic bowl 4,Kitchen,6747,amazon-2025-08.csv,197
Amazon,N00968,1,2025-08-13,CA,DEC02,3,59.99,0.15,New,Marketplace,Oak frame 2,Decor,15297,amazon-2025-08.csv,198
Amazon,N00968,2,2025-08-13,CA,LIG01,1,24.99,0.15,New,Marketplace,Desk lamp 1,Lighting,2124,amazon-2025-08.csv,199
Amazon,N00980,1,2025-08-14,DE,BED03,3,14.99,0,New,Email,Linen duvet 3,Bedding,4497,amazon-2025-08.csv,200
Amazon,N00981,1,2025-08-14,US,STO03,3,39.99,0,Returning,Organic,Woven basket 3,Storage,11997,amazon-2025-08.csv,201
Amazon,N00982,1,2025-08-14,DE,LIG04,1,39.99,0,New,Marketplace,Desk lamp 4,Lighting,3999,amazon-2025-08.csv,202
Amazon,N00983,1,2025-08-14,CA,LIG02,3,59.99,0.15,New,Email,Desk lamp 2,Lighting,15297,amazon-2025-08.csv,203
Amazon,N00984,1,2025-08-14,US,DEC04,3,79.99,0,New,Organic,Oak frame 4,Decor,23997,amazon-2025-08.csv,204
Amazon,N00985,1,2025-08-14,US,BED03,1,39.99,0.15,New,Paid search,Linen duvet 3,Bedding,3399,amazon-2025-08.csv,205
Amazon,N00986,1,2025-08-14,DE,BED04,1,79.99,0,New,Organic,Linen duvet 4,Bedding,7999,amazon-2025-08.csv,206
Amazon,N00987,1,2025-08-14,DE,KIT01,1,24.99,0,New,Organic,Ceramic bowl 1,Kitchen,2499,amazon-2025-08.csv,207
Amazon,N00987,2,2025-08-14,DE,DEC01,2,79.99,0.1,New,Organic,Oak frame 1,Decor,14398,amazon-2025-08.csv,208
Amazon,N00988,1,2025-08-14,UK,BED02,1,79.99,0.1,New,Direct,Linen duvet 2,Bedding,7199,amazon-2025-08.csv,209
Amazon,N00989,1,2025-08-14,US,BED03,2,14.99,0.15,New,Organic,Linen duvet 3,Bedding,2548,amazon-2025-08.csv,210
Amazon,N00989,2,2025-08-14,US,DEC04,2,24.99,0,New,Organic,Oak frame 4,Decor,4998,amazon-2025-08.csv,211
Amazon,N00990,1,2025-08-14,US,BED01,2,14.99,0,New,Organic,Linen duvet 1,Bedding,2998,amazon-2025-08.csv,212
Amazon,N01002,1,2025-08-15,US,STO02,3,79.99,0,New,Paid search,Woven basket 2,Storage,23997,amazon-2025-08.csv,213
Amazon,N01003,1,2025-08-15,CA,KIT03,3,39.99,0.1,Returning,Marketplace,Ceramic bowl 3,Kitchen,10797,amazon-2025-08.csv,214
Amazon,N01003,2,2025-08-15,CA,STO04,3,14.99,0.1,Returning,Marketplace,Woven basket 4,Storage,4047,amazon-2025-08.csv,215
Amazon,N01004,1,2025-08-15,CA,BED03,1,79.99,0,Returning,Organic,Linen duvet 3,Bedding,7999,amazon-2025-08.csv,216
Amazon,N01005,1,2025-08-15,US,KIT01,1,14.99,0.15,New,Paid search,Ceramic bowl 1,Kitchen,1274,amazon-2025-08.csv,217
Amazon,N01005,2,2025-08-15,US,LIG02,3,39.99,0,New,Paid search,Desk lamp 2,Lighting,11997,amazon-2025-08.csv,218
Amazon,N01006,1,2025-08-15,UK,KIT01,1,79.99,0,New,Email,Ceramic bowl 1,Kitchen,7999,amazon-2025-08.csv,219
Amazon,N01007,1,2025-08-15,DE,BED01,2,79.99,0.15,New,Direct,Linen duvet 1,Bedding,13598,amazon-2025-08.csv,220
Amazon,N01008,1,2025-08-15,DE,STO01,2,59.99,0,Returning,Paid search,Woven basket 1,Storage,11998,amazon-2025-08.csv,221
Amazon,N01008,2,2025-08-15,DE,LIG04,1,39.99,0,Returning,Paid search,Desk lamp 4,Lighting,3999,amazon-2025-08.csv,222
Amazon,N01009,1,2025-08-15,UK,STO03,1,79.99,0,New,Direct,Woven basket 3,Storage,7999,amazon-2025-08.csv,223
Amazon,N01009,2,2025-08-15,UK,STO01,3,39.99,0.1,New,Direct,Woven basket 1,Storage,10797,amazon-2025-08.csv,224
Amazon,N01010,1,2025-08-15,DE,STO02,3,39.99,0,Returning,Marketplace,Woven basket 2,Storage,11997,amazon-2025-08.csv,225
Amazon,N01011,1,2025-08-15,US,BED04,1,14.99,0.1,New,Organic,Linen duvet 4,Bedding,1349,amazon-2025-08.csv,226
Amazon,N01012,1,2025-08-15,DE,DEC02,1,59.99,0.15,Returning,Paid search,Oak frame 2,Decor,5099,amazon-2025-08.csv,227
Amazon,N01012,2,2025-08-15,DE,LIG03,3,24.99,0,Returning,Paid search,Desk lamp 3,Lighting,7497,amazon-2025-08.csv,228
Amazon,N01024,1,2025-08-16,UK,STO04,3,59.99,0,Returning,Marketplace,Woven basket 4,Storage,17997,amazon-2025-08.csv,229
Amazon,N01025,1,2025-08-16,CA,DEC03,1,39.99,0.15,Returning,Marketplace,Oak frame 3,Decor,3399,amazon-2025-08.csv,230
Amazon,N01026,1,2025-08-16,US,KIT03,2,24.99,0,Returning,Email,Ceramic bowl 3,Kitchen,4998,amazon-2025-08.csv,231
Amazon,N01027,1,2025-08-16,CA,STO01,3,24.99,0,New,Marketplace,Woven basket 1,Storage,7497,amazon-2025-08.csv,232
Amazon,N01028,1,2025-08-16,CA,BED03,3,59.99,0.15,New,Direct,Linen duvet 3,Bedding,15297,amazon-2025-08.csv,233
Amazon,N01028,2,2025-08-16,CA,DEC01,3,14.99,0,New,Direct,Oak frame 1,Decor,4497,amazon-2025-08.csv,234
Amazon,N01029,1,2025-08-16,US,STO04,1,59.99,0.1,Returning,Direct,Woven basket 4,Storage,5399,amazon-2025-08.csv,235
Amazon,N01030,1,2025-08-16,US,LIG02,3,24.99,0,New,Marketplace,Desk lamp 2,Lighting,7497,amazon-2025-08.csv,236
Amazon,N01030,2,2025-08-16,US,DEC03,2,39.99,0,New,Marketplace,Oak frame 3,Decor,7998,amazon-2025-08.csv,237
Amazon,N01031,1,2025-08-16,US,KIT03,3,24.99,0,Returning,Email,Ceramic bowl 3,Kitchen,7497,amazon-2025-08.csv,238
Amazon,N01031,2,2025-08-16,US,BED03,2,59.99,0,Returning,Email,Linen duvet 3,Bedding,11998,amazon-2025-08.csv,239
Amazon,N01032,1,2025-08-16,CA,DEC02,3,24.99,0,New,Paid search,Oak frame 2,Decor,7497,amazon-2025-08.csv,240
Amazon,N01033,1,2025-08-16,DE,BED02,1,79.99,0.15,Returning,Marketplace,Linen duvet 2,Bedding,6799,amazon-2025-08.csv,241
Amazon,N01034,1,2025-08-16,UK,KIT03,2,79.99,0,Returning,Direct,Ceramic bowl 3,Kitchen,15998,amazon-2025-08.csv,242
Amazon,N01046,1,2025-08-17,DE,KIT04,1,79.99,0,Returning,Marketplace,Ceramic bowl 4,Kitchen,7999,amazon-2025-08.csv,243
Amazon,N01047,1,2025-08-17,UK,LIG01,2,59.99,0,Returning,Direct,Desk lamp 1,Lighting,11998,amazon-2025-08.csv,244
Amazon,N01047,2,2025-08-17,UK,STO04,1,24.99,0,Returning,Direct,Woven basket 4,Storage,2499,amazon-2025-08.csv,245
Amazon,N01048,1,2025-08-17,US,LIG02,3,39.99,0.15,New,Direct,Desk lamp 2,Lighting,10197,amazon-2025-08.csv,246
Amazon,N01049,1,2025-08-17,UK,DEC04,1,79.99,0,Returning,Marketplace,Oak frame 4,Decor,7999,amazon-2025-08.csv,247
Amazon,N01049,2,2025-08-17,UK,STO03,2,59.99,0.15,Returning,Marketplace,Woven basket 3,Storage,10198,amazon-2025-08.csv,248
Amazon,N01050,1,2025-08-17,DE,LIG03,1,79.99,0,Returning,Organic,Desk lamp 3,Lighting,7999,amazon-2025-08.csv,249
Amazon,N01051,1,2025-08-17,UK,KIT04,2,24.99,0.15,New,Organic,Ceramic bowl 4,Kitchen,4248,amazon-2025-08.csv,250
Amazon,N01052,1,2025-08-17,DE,KIT03,3,24.99,0,New,Direct,Ceramic bowl 3,Kitchen,7497,amazon-2025-08.csv,251
Amazon,N01052,2,2025-08-17,DE,STO02,2,59.99,0,New,Direct,Woven basket 2,Storage,11998,amazon-2025-08.csv,252
Amazon,N01053,1,2025-08-17,CA,LIG01,3,79.99,0,Returning,Marketplace,Desk lamp 1,Lighting,23997,amazon-2025-08.csv,253
Amazon,N01053,2,2025-08-17,CA,DEC02,3,24.99,0.15,Returning,Marketplace,Oak frame 2,Decor,6372,amazon-2025-08.csv,254
Amazon,N01054,1,2025-08-17,US,KIT04,1,79.99,0.1,New,Organic,Ceramic bowl 4,Kitchen,7199,amazon-2025-08.csv,255
Amazon,N01054,2,2025-08-17,US,BED03,2,39.99,0,New,Organic,Linen duvet 3,Bedding,7998,amazon-2025-08.csv,256
Amazon,N01055,1,2025-08-17,UK,STO03,2,39.99,0.1,New,Email,Woven basket 3,Storage,7198,amazon-2025-08.csv,257
Amazon,N01055,2,2025-08-17,UK,DEC03,2,14.99,0,New,Email,Oak frame 3,Decor,2998,amazon-2025-08.csv,258
Amazon,N01056,1,2025-08-17,US,DEC02,1,39.99,0.15,New,Paid search,Oak frame 2,Decor,3399,amazon-2025-08.csv,259
Amazon,N01056,2,2025-08-17,US,STO03,1,79.99,0.1,New,Paid search,Woven basket 3,Storage,7199,amazon-2025-08.csv,260
Amazon,N01068,1,2025-08-18,CA,LIG04,1,24.99,0.15,New,Organic,Desk lamp 4,Lighting,2124,amazon-2025-08.csv,261
Amazon,N01069,1,2025-08-18,US,BED03,2,39.99,0,Returning,Paid search,Linen duvet 3,Bedding,7998,amazon-2025-08.csv,262
Amazon,N01069,2,2025-08-18,US,KIT01,1,59.99,0.1,Returning,Paid search,Ceramic bowl 1,Kitchen,5399,amazon-2025-08.csv,263
Amazon,N01070,1,2025-08-18,US,BED01,1,39.99,0.15,New,Direct,Linen duvet 1,Bedding,3399,amazon-2025-08.csv,264
Amazon,N01070,2,2025-08-18,US,DEC02,3,39.99,0,New,Direct,Oak frame 2,Decor,11997,amazon-2025-08.csv,265
Amazon,N01071,1,2025-08-18,DE,STO04,2,39.99,0.1,New,Email,Woven basket 4,Storage,7198,amazon-2025-08.csv,266
Amazon,N01072,1,2025-08-18,CA,STO03,3,24.99,0,Returning,Marketplace,Woven basket 3,Storage,7497,amazon-2025-08.csv,267
Amazon,N01072,2,2025-08-18,CA,LIG03,3,79.99,0,Returning,Marketplace,Desk lamp 3,Lighting,23997,amazon-2025-08.csv,268
Amazon,N01073,1,2025-08-18,CA,DEC02,1,24.99,0,New,Direct,Oak frame 2,Decor,2499,amazon-2025-08.csv,269
Amazon,N01074,1,2025-08-18,UK,BED02,1,79.99,0,New,Direct,Linen duvet 2,Bedding,7999,amazon-2025-08.csv,270
Amazon,N01075,1,2025-08-18,CA,BED03,2,59.99,0,New,Organic,Linen duvet 3,Bedding,11998,amazon-2025-08.csv,271
Amazon,N01076,1,2025-08-18,CA,DEC01,2,39.99,0.15,Returning,Email,Oak frame 1,Decor,6798,amazon-2025-08.csv,272
Amazon,N01077,1,2025-08-18,US,DEC01,1,24.99,0,New,Email,Oak frame 1,Decor,2499,amazon-2025-08.csv,273
Amazon,N01078,1,2025-08-18,DE,BED03,2,59.99,0.15,New,Paid search,Linen duvet 3,Bedding,10198,amazon-2025-08.csv,274
Amazon,N01078,2,2025-08-18,DE,LIG02,1,59.99,0,New,Paid search,Desk lamp 2,Lighting,5999,amazon-2025-08.csv,275
Amazon,N01090,1,2025-08-19,US,STO03,1,14.99,0.1,Returning,Direct,Woven basket 3,Storage,1349,amazon-2025-08.csv,276
Amazon,N01090,2,2025-08-19,US,KIT03,2,39.99,0,Returning,Direct,Ceramic bowl 3,Kitchen,7998,amazon-2025-08.csv,277
Amazon,N01091,1,2025-08-19,CA,BED04,1,39.99,0,Returning,Email,Linen duvet 4,Bedding,3999,amazon-2025-08.csv,278
Amazon,N01091,2,2025-08-19,CA,BED02,2,14.99,0.15,Returning,Email,Linen duvet 2,Bedding,2548,amazon-2025-08.csv,279
Amazon,N01092,1,2025-08-19,US,DEC02,3,59.99,0.1,Returning,Marketplace,Oak frame 2,Decor,16197,amazon-2025-08.csv,280
Amazon,N01092,2,2025-08-19,US,DEC04,1,59.99,0,Returning,Marketplace,Oak frame 4,Decor,5999,amazon-2025-08.csv,281
Amazon,N01093,1,2025-08-19,US,BED04,2,59.99,0,Returning,Paid search,Linen duvet 4,Bedding,11998,amazon-2025-08.csv,282
Amazon,N01094,1,2025-08-19,CA,DEC04,1,59.99,0,Returning,Marketplace,Oak frame 4,Decor,5999,amazon-2025-08.csv,283
Amazon,N01095,1,2025-08-19,UK,KIT02,2,24.99,0,New,Paid search,Ceramic bowl 2,Kitchen,4998,amazon-2025-08.csv,284
Amazon,N01096,1,2025-08-19,CA,KIT02,3,24.99,0,New,Paid search,Ceramic bowl 2,Kitchen,7497,amazon-2025-08.csv,285
Amazon,N01096,2,2025-08-19,CA,LIG04,3,79.99,0,New,Paid search,Desk lamp 4,Lighting,23997,amazon-2025-08.csv,286
Amazon,N01097,1,2025-08-19,US,DEC03,3,24.99,0,New,Organic,Oak frame 3,Decor,7497,amazon-2025-08.csv,287
Amazon,N01098,1,2025-08-19,US,DEC03,1,14.99,0,New,Direct,Oak frame 3,Decor,1499,amazon-2025-08.csv,288
Amazon,N01099,1,2025-08-19,DE,STO02,3,39.99,0.15,New,Paid search,Woven basket 2,Storage,10197,amazon-2025-08.csv,289
Amazon,N01099,2,2025-08-19,DE,STO01,2,39.99,0.1,New,Paid search,Woven basket 1,Storage,7198,amazon-2025-08.csv,290
Amazon,N01100,1,2025-08-19,DE,BED04,1,39.99,0.1,New,Direct,Linen duvet 4,Bedding,3599,amazon-2025-08.csv,291
Amazon,N01100,2,2025-08-19,DE,KIT02,1,79.99,0.1,New,Direct,Ceramic bowl 2,Kitchen,7199,amazon-2025-08.csv,292
Amazon,N01112,1,2025-08-20,DE,STO02,3,24.99,0,Returning,Organic,Woven basket 2,Storage,7497,amazon-2025-08.csv,293
Amazon,N01113,1,2025-08-20,UK,KIT04,2,59.99,0.1,New,Direct,Ceramic bowl 4,Kitchen,10798,amazon-2025-08.csv,294
Amazon,N01114,1,2025-08-20,DE,KIT02,1,59.99,0.1,Returning,Direct,Ceramic bowl 2,Kitchen,5399,amazon-2025-08.csv,295
Amazon,N01115,1,2025-08-20,US,STO03,2,39.99,0,New,Email,Woven basket 3,Storage,7998,amazon-2025-08.csv,296
Amazon,N01116,1,2025-08-20,CA,LIG01,1,24.99,0,New,Marketplace,Desk lamp 1,Lighting,2499,amazon-2025-08.csv,297
Amazon,N01117,1,2025-08-20,UK,KIT03,1,79.99,0.15,Returning,Marketplace,Ceramic bowl 3,Kitchen,6799,amazon-2025-08.csv,298
Amazon,N01118,1,2025-08-20,US,STO02,2,14.99,0.1,New,Marketplace,Woven basket 2,Storage,2698,amazon-2025-08.csv,299
Amazon,N01119,1,2025-08-20,CA,DEC02,3,24.99,0.15,Returning,Email,Oak frame 2,Decor,6372,amazon-2025-08.csv,300
Amazon,N01119,2,2025-08-20,CA,DEC02,3,14.99,0,Returning,Email,Oak frame 2,Decor,4497,amazon-2025-08.csv,301
Amazon,N01120,1,2025-08-20,CA,STO02,3,14.99,0,Returning,Email,Woven basket 2,Storage,4497,amazon-2025-08.csv,302
Amazon,N01121,1,2025-08-20,DE,LIG03,1,39.99,0.1,Returning,Paid search,Desk lamp 3,Lighting,3599,amazon-2025-08.csv,303
Amazon,N01122,1,2025-08-20,US,LIG02,1,39.99,0,New,Email,Desk lamp 2,Lighting,3999,amazon-2025-08.csv,304
Amazon,N01134,1,2025-08-21,CA,LIG03,2,79.99,0,Returning,Paid search,Desk lamp 3,Lighting,15998,amazon-2025-08.csv,305
Amazon,N01134,2,2025-08-21,CA,LIG04,1,14.99,0,Returning,Paid search,Desk lamp 4,Lighting,1499,amazon-2025-08.csv,306
Amazon,N01135,1,2025-08-21,US,LIG04,3,24.99,0,New,Paid search,Desk lamp 4,Lighting,7497,amazon-2025-08.csv,307
Amazon,N01136,1,2025-08-21,DE,STO03,2,24.99,0,Returning,Organic,Woven basket 3,Storage,4998,amazon-2025-08.csv,308
Amazon,N01136,2,2025-08-21,DE,STO02,3,79.99,0,Returning,Organic,Woven basket 2,Storage,23997,amazon-2025-08.csv,309
Amazon,N01137,1,2025-08-21,UK,BED03,2,79.99,0,Returning,Organic,Linen duvet 3,Bedding,15998,amazon-2025-08.csv,310
Amazon,N01138,1,2025-08-21,CA,LIG02,1,24.99,0,New,Paid search,Desk lamp 2,Lighting,2499,amazon-2025-08.csv,311
Amazon,N01139,1,2025-08-21,UK,BED02,1,39.99,0.1,New,Paid search,Linen duvet 2,Bedding,3599,amazon-2025-08.csv,312
Amazon,N01140,1,2025-08-21,US,KIT01,3,14.99,0,Returning,Paid search,Ceramic bowl 1,Kitchen,4497,amazon-2025-08.csv,313
Amazon,N01141,1,2025-08-21,US,BED04,1,79.99,0,New,Direct,Linen duvet 4,Bedding,7999,amazon-2025-08.csv,314
Amazon,N01141,2,2025-08-21,US,LIG03,3,59.99,0,New,Direct,Desk lamp 3,Lighting,17997,amazon-2025-08.csv,315
Amazon,N01142,1,2025-08-21,CA,LIG01,1,39.99,0.15,New,Organic,Desk lamp 1,Lighting,3399,amazon-2025-08.csv,316
Amazon,N01142,2,2025-08-21,CA,DEC02,2,79.99,0.1,New,Organic,Oak frame 2,Decor,14398,amazon-2025-08.csv,317
Amazon,N01143,1,2025-08-21,UK,LIG03,1,14.99,0.1,Returning,Organic,Desk lamp 3,Lighting,1349,amazon-2025-08.csv,318
Amazon,N01143,2,2025-08-21,UK,STO02,2,79.99,0,Returning,Organic,Woven basket 2,Storage,15998,amazon-2025-08.csv,319
Amazon,N01144,1,2025-08-21,US,STO04,2,14.99,0.1,Returning,Paid search,Woven basket 4,Storage,2698,amazon-2025-08.csv,320
Amazon,N01144,2,2025-08-21,US,DEC01,3,79.99,0.1,Returning,Paid search,Oak frame 1,Decor,21597,amazon-2025-08.csv,321
Amazon,N01156,1,2025-08-22,UK,BED01,3,59.99,0.1,Returning,Direct,Linen duvet 1,Bedding,16197,amazon-2025-08.csv,322
Amazon,N01156,2,2025-08-22,UK,KIT02,3,14.99,0,Returning,Direct,Ceramic bowl 2,Kitchen,4497,amazon-2025-08.csv,323
Amazon,N01157,1,2025-08-22,US,STO02,3,39.99,0,Returning,Paid search,Woven basket 2,Storage,11997,amazon-2025-08.csv,324
Amazon,N01158,1,2025-08-22,CA,KIT02,1,79.99,0,New,Paid search,Ceramic bowl 2,Kitchen,7999,amazon-2025-08.csv,325
Amazon,N01159,1,2025-08-22,US,BED02,3,24.99,0,New,Email,Linen duvet 2,Bedding,7497,amazon-2025-08.csv,326
Amazon,N01160,1,2025-08-22,US,BED03,1,79.99,0,Returning,Paid search,Linen duvet 3,Bedding,7999,amazon-2025-08.csv,327
Amazon,N01160,2,2025-08-22,US,BED01,3,79.99,0.15,Returning,Paid search,Linen duvet 1,Bedding,20397,amazon-2025-08.csv,328
Amazon,N01161,1,2025-08-22,UK,BED03,3,14.99,0,New,Organic,Linen duvet 3,Bedding,4497,amazon-2025-08.csv,329
Amazon,N01161,2,2025-08-22,UK,STO03,2,24.99,0,New,Organic,Woven basket 3,Storage,4998,amazon-2025-08.csv,330
Amazon,N01162,1,2025-08-22,US,BED02,3,79.99,0.1,New,Organic,Linen duvet 2,Bedding,21597,amazon-2025-08.csv,331
Amazon,N01162,2,2025-08-22,US,DEC02,1,59.99,0.15,New,Organic,Oak frame 2,Decor,5099,amazon-2025-08.csv,332
Amazon,N01163,1,2025-08-22,CA,KIT01,3,79.99,0,Returning,Paid search,Ceramic bowl 1,Kitchen,23997,amazon-2025-08.csv,333
Amazon,N01163,2,2025-08-22,CA,KIT02,1,59.99,0,Returning,Paid search,Ceramic bowl 2,Kitchen,5999,amazon-2025-08.csv,334
Amazon,N01164,1,2025-08-22,DE,KIT02,1,79.99,0,Returning,Paid search,Ceramic bowl 2,Kitchen,7999,amazon-2025-08.csv,335
Amazon,N01165,1,2025-08-22,US,DEC01,2,14.99,0,New,Email,Oak frame 1,Decor,2998,amazon-2025-08.csv,336
Amazon,N01166,1,2025-08-22,US,BED01,3,59.99,0.15,New,Marketplace,Linen duvet 1,Bedding,15297,amazon-2025-08.csv,337
Amazon,N01178,1,2025-08-23,DE,STO04,1,24.99,0,New,Email,Woven basket 4,Storage,2499,amazon-2025-08.csv,338
Amazon,N01178,2,2025-08-23,DE,KIT01,2,39.99,0.15,New,Email,Ceramic bowl 1,Kitchen,6798,amazon-2025-08.csv,339
Amazon,N01179,1,2025-08-23,US,KIT04,1,24.99,0.15,New,Organic,Ceramic bowl 4,Kitchen,2124,amazon-2025-08.csv,340
Amazon,N01180,1,2025-08-23,US,BED04,3,79.99,0,Returning,Direct,Linen duvet 4,Bedding,23997,amazon-2025-08.csv,341
Amazon,N01181,1,2025-08-23,US,DEC04,2,39.99,0.15,New,Email,Oak frame 4,Decor,6798,amazon-2025-08.csv,342
Amazon,N01181,2,2025-08-23,US,STO04,3,59.99,0.15,New,Email,Woven basket 4,Storage,15297,amazon-2025-08.csv,343
Amazon,N01182,1,2025-08-23,UK,KIT03,3,39.99,0.15,New,Email,Ceramic bowl 3,Kitchen,10197,amazon-2025-08.csv,344
Amazon,N01183,1,2025-08-23,UK,LIG04,3,79.99,0.15,Returning,Email,Desk lamp 4,Lighting,20397,amazon-2025-08.csv,345
Amazon,N01184,1,2025-08-23,UK,BED04,3,39.99,0.1,New,Paid search,Linen duvet 4,Bedding,10797,amazon-2025-08.csv,346
Amazon,N01184,2,2025-08-23,UK,LIG01,3,39.99,0.15,New,Paid search,Desk lamp 1,Lighting,10197,amazon-2025-08.csv,347
Amazon,N01185,1,2025-08-23,US,KIT02,2,24.99,0.1,New,Marketplace,Ceramic bowl 2,Kitchen,4498,amazon-2025-08.csv,348
Amazon,N01186,1,2025-08-23,DE,KIT01,3,79.99,0.1,Returning,Paid search,Ceramic bowl 1,Kitchen,21597,amazon-2025-08.csv,349
Amazon,N01187,1,2025-08-23,CA,KIT04,1,59.99,0.15,New,Email,Ceramic bowl 4,Kitchen,5099,amazon-2025-08.csv,350
Amazon,N01187,2,2025-08-23,CA,BED04,1,39.99,0,New,Email,Linen duvet 4,Bedding,3999,amazon-2025-08.csv,351
Amazon,N01188,1,2025-08-23,UK,DEC01,2,79.99,0,New,Email,Oak frame 1,Decor,15998,amazon-2025-08.csv,352
Amazon,N01200,1,2025-08-24,US,DEC03,1,79.99,0.15,New,Marketplace,Oak frame 3,Decor,6799,amazon-2025-08.csv,353
Amazon,N01201,1,2025-08-24,US,LIG02,1,79.99,0,New,Direct,Desk lamp 2,Lighting,7999,amazon-2025-08.csv,354
Amazon,N01201,2,2025-08-24,US,STO04,2,59.99,0.1,New,Direct,Woven basket 4,Storage,10798,amazon-2025-08.csv,355
Amazon,N01202,1,2025-08-24,CA,LIG04,2,79.99,0.1,New,Direct,Desk lamp 4,Lighting,14398,amazon-2025-08.csv,356
Amazon,N01203,1,2025-08-24,CA,STO04,1,24.99,0,Returning,Paid search,Woven basket 4,Storage,2499,amazon-2025-08.csv,357
Amazon,N01203,2,2025-08-24,CA,KIT03,2,79.99,0,Returning,Paid search,Ceramic bowl 3,Kitchen,15998,amazon-2025-08.csv,358
Amazon,N01204,1,2025-08-24,CA,KIT01,1,59.99,0.15,New,Organic,Ceramic bowl 1,Kitchen,5099,amazon-2025-08.csv,359
Amazon,N01205,1,2025-08-24,US,BED04,3,14.99,0.15,Returning,Marketplace,Linen duvet 4,Bedding,3822,amazon-2025-08.csv,360
Amazon,N01205,2,2025-08-24,US,KIT03,3,14.99,0,Returning,Marketplace,Ceramic bowl 3,Kitchen,4497,amazon-2025-08.csv,361
Amazon,N01206,1,2025-08-24,UK,DEC01,3,24.99,0,Returning,Organic,Oak frame 1,Decor,7497,amazon-2025-08.csv,362
Amazon,N01206,2,2025-08-24,UK,DEC04,2,59.99,0,Returning,Organic,Oak frame 4,Decor,11998,amazon-2025-08.csv,363
Amazon,N01207,1,2025-08-24,UK,KIT02,3,59.99,0.15,New,Organic,Ceramic bowl 2,Kitchen,15297,amazon-2025-08.csv,364
Amazon,N01208,1,2025-08-24,UK,STO01,3,24.99,0,New,Direct,Woven basket 1,Storage,7497,amazon-2025-08.csv,365
Amazon,N01208,2,2025-08-24,UK,DEC04,2,59.99,0.15,New,Direct,Oak frame 4,Decor,10198,amazon-2025-08.csv,366
Amazon,N01209,1,2025-08-24,UK,DEC03,2,59.99,0.15,New,Direct,Oak frame 3,Decor,10198,amazon-2025-08.csv,367
Amazon,N01210,1,2025-08-24,US,STO03,2,59.99,0,New,Direct,Woven basket 3,Storage,11998,amazon-2025-08.csv,368
Amazon,N01222,1,2025-08-25,CA,DEC04,3,39.99,0,New,Marketplace,Oak frame 4,Decor,11997,amazon-2025-08.csv,369
Amazon,N01223,1,2025-08-25,CA,BED02,2,24.99,0,New,Organic,Linen duvet 2,Bedding,4998,amazon-2025-08.csv,370
Amazon,N01224,1,2025-08-25,DE,KIT02,3,14.99,0,New,Marketplace,Ceramic bowl 2,Kitchen,4497,amazon-2025-08.csv,371
Amazon,N01225,1,2025-08-25,DE,DEC02,3,39.99,0,Returning,Organic,Oak frame 2,Decor,11997,amazon-2025-08.csv,372
Amazon,N01226,1,2025-08-25,US,KIT03,1,59.99,0.1,Returning,Marketplace,Ceramic bowl 3,Kitchen,5399,amazon-2025-08.csv,373
Amazon,N01227,1,2025-08-25,CA,LIG04,3,39.99,0,Returning,Paid search,Desk lamp 4,Lighting,11997,amazon-2025-08.csv,374
Amazon,N01227,2,2025-08-25,CA,BED01,1,24.99,0,Returning,Paid search,Linen duvet 1,Bedding,2499,amazon-2025-08.csv,375
Amazon,N01228,1,2025-08-25,US,BED01,3,39.99,0.15,New,Organic,Linen duvet 1,Bedding,10197,amazon-2025-08.csv,376
Amazon,N01229,1,2025-08-25,US,STO03,2,24.99,0,Returning,Marketplace,Woven basket 3,Storage,4998,amazon-2025-08.csv,377
Amazon,N01229,2,2025-08-25,US,STO01,1,79.99,0.15,Returning,Marketplace,Woven basket 1,Storage,6799,amazon-2025-08.csv,378
Amazon,N01230,1,2025-08-25,UK,KIT02,3,39.99,0,New,Marketplace,Ceramic bowl 2,Kitchen,11997,amazon-2025-08.csv,379
Amazon,N01230,2,2025-08-25,UK,KIT03,1,79.99,0,New,Marketplace,Ceramic bowl 3,Kitchen,7999,amazon-2025-08.csv,380
Amazon,N01231,1,2025-08-25,US,DEC04,3,39.99,0,New,Paid search,Oak frame 4,Decor,11997,amazon-2025-08.csv,381
Amazon,N01232,1,2025-08-25,US,DEC02,1,39.99,0.1,New,Organic,Oak frame 2,Decor,3599,amazon-2025-08.csv,382
Amazon,N01244,1,2025-08-26,DE,LIG04,3,24.99,0.15,New,Organic,Desk lamp 4,Lighting,6372,amazon-2025-08.csv,383
Amazon,N01245,1,2025-08-26,CA,STO03,2,39.99,0.15,Returning,Paid search,Woven basket 3,Storage,6798,amazon-2025-08.csv,384
Amazon,N01246,1,2025-08-26,UK,LIG01,2,59.99,0.15,Returning,Email,Desk lamp 1,Lighting,10198,amazon-2025-08.csv,385
Amazon,N01246,2,2025-08-26,UK,KIT01,3,14.99,0,Returning,Email,Ceramic bowl 1,Kitchen,4497,amazon-2025-08.csv,386
Amazon,N01247,1,2025-08-26,US,BED02,1,59.99,0,New,Direct,Linen duvet 2,Bedding,5999,amazon-2025-08.csv,387
Amazon,N01248,1,2025-08-26,US,LIG01,2,14.99,0.1,Returning,Paid search,Desk lamp 1,Lighting,2698,amazon-2025-08.csv,388
Amazon,N01249,1,2025-08-26,UK,STO02,1,59.99,0,New,Organic,Woven basket 2,Storage,5999,amazon-2025-08.csv,389
Amazon,N01250,1,2025-08-26,UK,BED02,3,79.99,0.1,New,Marketplace,Linen duvet 2,Bedding,21597,amazon-2025-08.csv,390
Amazon,N01250,2,2025-08-26,UK,KIT01,3,39.99,0.15,New,Marketplace,Ceramic bowl 1,Kitchen,10197,amazon-2025-08.csv,391
Amazon,N01251,1,2025-08-26,UK,BED04,1,59.99,0.1,New,Organic,Linen duvet 4,Bedding,5399,amazon-2025-08.csv,392
Amazon,N01251,2,2025-08-26,UK,LIG01,2,24.99,0.15,New,Organic,Desk lamp 1,Lighting,4248,amazon-2025-08.csv,393
Amazon,N01252,1,2025-08-26,US,KIT04,3,24.99,0,Returning,Email,Ceramic bowl 4,Kitchen,7497,amazon-2025-08.csv,394
Amazon,N01253,1,2025-08-26,UK,LIG03,2,39.99,0.15,Returning,Paid search,Desk lamp 3,Lighting,6798,amazon-2025-08.csv,395
Amazon,N01254,1,2025-08-26,US,STO01,1,39.99,0.1,New,Marketplace,Woven basket 1,Storage,3599,amazon-2025-08.csv,396
Amazon,N01266,1,2025-08-27,CA,KIT02,1,59.99,0,Returning,Email,Ceramic bowl 2,Kitchen,5999,amazon-2025-08.csv,397
Amazon,N01267,1,2025-08-27,UK,DEC03,3,14.99,0.15,Returning,Marketplace,Oak frame 3,Decor,3822,amazon-2025-08.csv,398
Amazon,N01268,1,2025-08-27,CA,LIG04,1,59.99,0.1,New,Organic,Desk lamp 4,Lighting,5399,amazon-2025-08.csv,399
Amazon,N01269,1,2025-08-27,US,LIG02,2,59.99,0.15,New,Email,Desk lamp 2,Lighting,10198,amazon-2025-08.csv,400
Amazon,N01270,1,2025-08-27,DE,KIT04,1,39.99,0,Returning,Marketplace,Ceramic bowl 4,Kitchen,3999,amazon-2025-08.csv,401
Amazon,N01271,1,2025-08-27,CA,KIT04,1,79.99,0,New,Organic,Ceramic bowl 4,Kitchen,7999,amazon-2025-08.csv,402
Amazon,N01272,1,2025-08-27,US,STO04,2,24.99,0,Returning,Email,Woven basket 4,Storage,4998,amazon-2025-08.csv,403
Amazon,N01273,1,2025-08-27,DE,BED02,1,39.99,0.1,New,Marketplace,Linen duvet 2,Bedding,3599,amazon-2025-08.csv,404
Amazon,N01274,1,2025-08-27,DE,KIT03,1,14.99,0.1,New,Organic,Ceramic bowl 3,Kitchen,1349,amazon-2025-08.csv,405
Amazon,N01275,1,2025-08-27,DE,BED02,3,24.99,0,New,Marketplace,Linen duvet 2,Bedding,7497,amazon-2025-08.csv,406
Amazon,N01276,1,2025-08-27,DE,STO04,2,39.99,0.15,Returning,Organic,Woven basket 4,Storage,6798,amazon-2025-08.csv,407
Amazon,N01288,1,2025-08-28,US,LIG02,1,79.99,0.1,Returning,Organic,Desk lamp 2,Lighting,7199,amazon-2025-08.csv,408
Amazon,N01288,2,2025-08-28,US,STO01,2,39.99,0,Returning,Organic,Woven basket 1,Storage,7998,amazon-2025-08.csv,409
Amazon,N01289,1,2025-08-28,US,BED02,2,59.99,0.1,New,Direct,Linen duvet 2,Bedding,10798,amazon-2025-08.csv,410
Amazon,N01289,2,2025-08-28,US,DEC03,3,24.99,0,New,Direct,Oak frame 3,Decor,7497,amazon-2025-08.csv,411
Amazon,N01290,1,2025-08-28,CA,BED02,2,59.99,0,New,Paid search,Linen duvet 2,Bedding,11998,amazon-2025-08.csv,412
Amazon,N01291,1,2025-08-28,CA,STO02,1,59.99,0.15,New,Email,Woven basket 2,Storage,5099,amazon-2025-08.csv,413
Amazon,N01292,1,2025-08-28,UK,BED03,1,39.99,0.15,Returning,Organic,Linen duvet 3,Bedding,3399,amazon-2025-08.csv,414
Amazon,N01292,2,2025-08-28,UK,LIG02,1,59.99,0.1,Returning,Organic,Desk lamp 2,Lighting,5399,amazon-2025-08.csv,415
Amazon,N01293,1,2025-08-28,CA,BED03,3,59.99,0.15,New,Marketplace,Linen duvet 3,Bedding,15297,amazon-2025-08.csv,416
Amazon,N01293,2,2025-08-28,CA,LIG03,2,39.99,0,New,Marketplace,Desk lamp 3,Lighting,7998,amazon-2025-08.csv,417
Amazon,N01294,1,2025-08-28,DE,KIT02,2,59.99,0,New,Marketplace,Ceramic bowl 2,Kitchen,11998,amazon-2025-08.csv,418
Amazon,N01294,2,2025-08-28,DE,LIG02,2,24.99,0,New,Marketplace,Desk lamp 2,Lighting,4998,amazon-2025-08.csv,419
Amazon,N01295,1,2025-08-28,DE,STO03,1,14.99,0,New,Organic,Woven basket 3,Storage,1499,amazon-2025-08.csv,420
Amazon,N01296,1,2025-08-28,US,KIT03,1,24.99,0.1,New,Paid search,Ceramic bowl 3,Kitchen,2249,amazon-2025-08.csv,421
Amazon,N01297,1,2025-08-28,CA,LIG01,3,79.99,0,New,Organic,Desk lamp 1,Lighting,23997,amazon-2025-08.csv,422
Amazon,N01298,1,2025-08-28,US,BED04,2,14.99,0.15,New,Organic,Linen duvet 4,Bedding,2548,amazon-2025-08.csv,423
Amazon,N01310,1,2025-08-29,US,DEC02,3,79.99,0.1,New,Email,Oak frame 2,Decor,21597,amazon-2025-08.csv,424
Amazon,N01311,1,2025-08-29,UK,LIG02,3,59.99,0,Returning,Email,Desk lamp 2,Lighting,17997,amazon-2025-08.csv,425
Amazon,N01312,1,2025-08-29,UK,LIG04,3,79.99,0,Returning,Marketplace,Desk lamp 4,Lighting,23997,amazon-2025-08.csv,426
Amazon,N01313,1,2025-08-29,US,KIT04,1,59.99,0.1,New,Direct,Ceramic bowl 4,Kitchen,5399,amazon-2025-08.csv,427
Amazon,N01314,1,2025-08-29,US,KIT03,3,59.99,0.1,Returning,Marketplace,Ceramic bowl 3,Kitchen,16197,amazon-2025-08.csv,428
Amazon,N01315,1,2025-08-29,US,LIG03,3,24.99,0,New,Organic,Desk lamp 3,Lighting,7497,amazon-2025-08.csv,429
Amazon,N01316,1,2025-08-29,CA,STO02,1,59.99,0.1,Returning,Marketplace,Woven basket 2,Storage,5399,amazon-2025-08.csv,430
Amazon,N01316,2,2025-08-29,CA,KIT01,3,39.99,0,Returning,Marketplace,Ceramic bowl 1,Kitchen,11997,amazon-2025-08.csv,431
Amazon,N01317,1,2025-08-29,DE,STO02,1,79.99,0,New,Direct,Woven basket 2,Storage,7999,amazon-2025-08.csv,432
Amazon,N01318,1,2025-08-29,CA,BED04,2,14.99,0,Returning,Organic,Linen duvet 4,Bedding,2998,amazon-2025-08.csv,433
Amazon,N01319,1,2025-08-29,US,LIG02,1,79.99,0.15,New,Email,Desk lamp 2,Lighting,6799,amazon-2025-08.csv,434
Amazon,N01320,1,2025-08-29,US,BED02,1,14.99,0.1,New,Direct,Linen duvet 2,Bedding,1349,amazon-2025-08.csv,435
Amazon,N01320,2,2025-08-29,US,DEC02,3,59.99,0,New,Direct,Oak frame 2,Decor,17997,amazon-2025-08.csv,436
Amazon,N01332,1,2025-08-30,UK,KIT02,3,59.99,0,New,Paid search,Ceramic bowl 2,Kitchen,17997,amazon-2025-08.csv,437
Amazon,N01333,1,2025-08-30,UK,KIT01,3,24.99,0.15,New,Paid search,Ceramic bowl 1,Kitchen,6372,amazon-2025-08.csv,438
Amazon,N01334,1,2025-08-30,US,KIT03,1,39.99,0,New,Direct,Ceramic bowl 3,Kitchen,3999,amazon-2025-08.csv,439
Amazon,N01335,1,2025-08-30,CA,STO03,2,24.99,0.1,Returning,Paid search,Woven basket 3,Storage,4498,amazon-2025-08.csv,440
Amazon,N01336,1,2025-08-30,UK,STO02,1,24.99,0,Returning,Organic,Woven basket 2,Storage,2499,amazon-2025-08.csv,441
Amazon,N01337,1,2025-08-30,DE,BED01,3,24.99,0,New,Email,Linen duvet 1,Bedding,7497,amazon-2025-08.csv,442
Amazon,N01338,1,2025-08-30,US,DEC04,3,79.99,0.15,New,Organic,Oak frame 4,Decor,20397,amazon-2025-08.csv,443
Amazon,N01339,1,2025-08-30,DE,LIG03,1,24.99,0.15,Returning,Marketplace,Desk lamp 3,Lighting,2124,amazon-2025-08.csv,444
Amazon,N01339,2,2025-08-30,DE,DEC02,2,24.99,0,Returning,Marketplace,Oak frame 2,Decor,4998,amazon-2025-08.csv,445
Amazon,N01340,1,2025-08-30,US,KIT03,3,59.99,0,New,Paid search,Ceramic bowl 3,Kitchen,17997,amazon-2025-08.csv,446
Amazon,N01340,2,2025-08-30,US,LIG04,1,39.99,0.1,New,Paid search,Desk lamp 4,Lighting,3599,amazon-2025-08.csv,447
Amazon,N01341,1,2025-08-30,UK,DEC04,2,59.99,0.15,New,Paid search,Oak frame 4,Decor,10198,amazon-2025-08.csv,448
Amazon,N01342,1,2025-08-30,DE,KIT03,2,14.99,0.15,Returning,Email,Ceramic bowl 3,Kitchen,2548,amazon-2025-08.csv,449
Amazon,N01354,1,2025-08-31,DE,DEC04,1,14.99,0.15,Returning,Email,Oak frame 4,Decor,1274,amazon-2025-08.csv,450
Amazon,N01355,1,2025-08-31,US,KIT04,1,39.99,0,New,Marketplace,Ceramic bowl 4,Kitchen,3999,amazon-2025-08.csv,451
Amazon,N01355,2,2025-08-31,US,BED02,2,79.99,0,New,Marketplace,Linen duvet 2,Bedding,15998,amazon-2025-08.csv,452
Amazon,N01356,1,2025-08-31,DE,STO03,3,79.99,0.15,New,Marketplace,Woven basket 3,Storage,20397,amazon-2025-08.csv,453
Amazon,N01357,1,2025-08-31,US,DEC04,3,14.99,0.15,New,Marketplace,Oak frame 4,Decor,3822,amazon-2025-08.csv,454
Amazon,N01357,2,2025-08-31,US,KIT01,1,24.99,0.1,New,Marketplace,Ceramic bowl 1,Kitchen,2249,amazon-2025-08.csv,455
Amazon,N01358,1,2025-08-31,US,KIT03,3,79.99,0,Returning,Direct,Ceramic bowl 3,Kitchen,23997,amazon-2025-08.csv,456
Amazon,N01359,1,2025-08-31,US,STO04,3,59.99,0.15,New,Marketplace,Woven basket 4,Storage,15297,amazon-2025-08.csv,457
Amazon,N01360,1,2025-08-31,CA,DEC02,1,79.99,0.15,New,Email,Oak frame 2,Decor,6799,amazon-2025-08.csv,458
Amazon,N01360,2,2025-08-31,CA,STO01,2,24.99,0,New,Email,Woven basket 1,Storage,4998,amazon-2025-08.csv,459
Amazon,N01361,1,2025-08-31,DE,STO03,2,39.99,0.15,Returning,Marketplace,Woven basket 3,Storage,6798,amazon-2025-08.csv,460
Amazon,N01361,2,2025-08-31,DE,KIT03,3,14.99,0,Returning,Marketplace,Ceramic bowl 3,Kitchen,4497,amazon-2025-08.csv,461
Amazon,N01362,1,2025-08-31,US,BED02,2,59.99,0,Returning,Organic,Linen duvet 2,Bedding,11998,amazon-2025-08.csv,462
Amazon,N01362,2,2025-08-31,US,KIT01,2,39.99,0.15,Returning,Organic,Ceramic bowl 1,Kitchen,6798,amazon-2025-08.csv,463
Amazon,N01363,1,2025-08-31,DE,BED02,1,79.99,0,New,Email,Linen duvet 2,Bedding,7999,amazon-2025-08.csv,464
Amazon,N01363,2,2025-08-31,DE,KIT01,2,59.99,0.15,New,Email,Ceramic bowl 1,Kitchen,10198,amazon-2025-08.csv,465
Amazon,N01364,1,2025-08-31,DE,DEC02,2,14.99,0,New,Marketplace,Oak frame 2,Decor,2998,amazon-2025-08.csv,466
Amazon,N01376,1,2025-09-01,DE,KIT02,3,59.99,0.15,New,Direct,Ceramic bowl 2,Kitchen,15297,amazon-2025-09.csv,2
Amazon,N01376,2,2025-09-01,DE,BED02,3,14.99,0,New,Direct,Linen duvet 2,Bedding,4497,amazon-2025-09.csv,3
Amazon,N01377,1,2025-09-01,US,LIG02,1,79.99,0.15,Returning,Organic,Desk lamp 2,Lighting,6799,amazon-2025-09.csv,4
Amazon,N01378,1,2025-09-01,US,STO04,3,79.99,0,Returning,Paid search,Woven basket 4,Storage,23997,amazon-2025-09.csv,5
Amazon,N01378,2,2025-09-01,US,KIT02,1,39.99,0,Returning,Paid search,Ceramic bowl 2,Kitchen,3999,amazon-2025-09.csv,6
Amazon,N01379,1,2025-09-01,US,LIG02,1,79.99,0,Returning,Marketplace,Desk lamp 2,Lighting,7999,amazon-2025-09.csv,7
Amazon,N01380,1,2025-09-01,US,BED04,2,14.99,0,New,Direct,Linen duvet 4,Bedding,2998,amazon-2025-09.csv,8
Amazon,N01380,2,2025-09-01,US,KIT03,1,39.99,0,New,Direct,Ceramic bowl 3,Kitchen,3999,amazon-2025-09.csv,9
Amazon,N01381,1,2025-09-01,DE,KIT02,3,59.99,0.1,New,Direct,Ceramic bowl 2,Kitchen,16197,amazon-2025-09.csv,10
Amazon,N01382,1,2025-09-01,US,KIT04,2,39.99,0,Returning,Email,Ceramic bowl 4,Kitchen,7998,amazon-2025-09.csv,11
Amazon,N01383,1,2025-09-01,UK,DEC02,1,59.99,0,Returning,Organic,Oak frame 2,Decor,5999,amazon-2025-09.csv,12
Amazon,N01384,1,2025-09-01,DE,STO03,1,79.99,0.15,New,Organic,Woven basket 3,Storage,6799,amazon-2025-09.csv,13
Amazon,N01384,2,2025-09-01,DE,KIT02,3,39.99,0,New,Organic,Ceramic bowl 2,Kitchen,11997,amazon-2025-09.csv,14
Amazon,N01385,1,2025-09-01,UK,KIT01,3,24.99,0.1,New,Direct,Ceramic bowl 1,Kitchen,6747,amazon-2025-09.csv,15
Amazon,N01386,1,2025-09-01,DE,KIT02,3,39.99,0.1,New,Paid search,Ceramic bowl 2,Kitchen,10797,amazon-2025-09.csv,16
Amazon,N01398,1,2025-09-02,US,STO03,3,39.99,0.15,New,Marketplace,Woven basket 3,Storage,10197,amazon-2025-09.csv,17
Amazon,N01398,2,2025-09-02,US,KIT01,1,14.99,0,New,Marketplace,Ceramic bowl 1,Kitchen,1499,amazon-2025-09.csv,18
Amazon,N01399,1,2025-09-02,US,LIG03,2,14.99,0,New,Organic,Desk lamp 3,Lighting,2998,amazon-2025-09.csv,19
Amazon,N01399,2,2025-09-02,US,KIT02,2,39.99,0,New,Organic,Ceramic bowl 2,Kitchen,7998,amazon-2025-09.csv,20
Amazon,N01400,1,2025-09-02,US,DEC01,3,59.99,0,Returning,Organic,Oak frame 1,Decor,17997,amazon-2025-09.csv,21
Amazon,N01401,1,2025-09-02,US,STO02,3,14.99,0.15,New,Direct,Woven basket 2,Storage,3822,amazon-2025-09.csv,22
Amazon,N01402,1,2025-09-02,US,BED02,3,39.99,0,New,Organic,Linen duvet 2,Bedding,11997,amazon-2025-09.csv,23
Amazon,N01403,1,2025-09-02,UK,KIT02,2,24.99,0,New,Paid search,Ceramic bowl 2,Kitchen,4998,amazon-2025-09.csv,24
Amazon,N01404,1,2025-09-02,CA,KIT02,3,14.99,0.1,Returning,Email,Ceramic bowl 2,Kitchen,4047,amazon-2025-09.csv,25
Amazon,N01405,1,2025-09-02,US,KIT04,1,24.99,0.1,New,Marketplace,Ceramic bowl 4,Kitchen,2249,amazon-2025-09.csv,26
Amazon,N01406,1,2025-09-02,CA,BED02,1,59.99,0.1,New,Organic,Linen duvet 2,Bedding,5399,amazon-2025-09.csv,27
Amazon,N01407,1,2025-09-02,US,DEC04,1,14.99,0,Returning,Organic,Oak frame 4,Decor,1499,amazon-2025-09.csv,28
Amazon,N01408,1,2025-09-02,US,LIG04,2,79.99,0.15,New,Paid search,Desk lamp 4,Lighting,13598,amazon-2025-09.csv,29
Amazon,N01420,1,2025-09-03,DE,STO01,2,14.99,0.15,New,Paid search,Woven basket 1,Storage,2548,amazon-2025-09.csv,30
Amazon,N01421,1,2025-09-03,CA,DEC04,1,14.99,0,New,Marketplace,Oak frame 4,Decor,1499,amazon-2025-09.csv,31
Amazon,N01422,1,2025-09-03,DE,DEC03,2,79.99,0,New,Marketplace,Oak frame 3,Decor,15998,amazon-2025-09.csv,32
Amazon,N01423,1,2025-09-03,DE,KIT04,2,59.99,0,New,Email,Ceramic bowl 4,Kitchen,11998,amazon-2025-09.csv,33
Amazon,N01424,1,2025-09-03,US,DEC01,1,39.99,0.1,New,Direct,Oak frame 1,Decor,3599,amazon-2025-09.csv,34
Amazon,N01424,2,2025-09-03,US,KIT04,3,59.99,0,New,Direct,Ceramic bowl 4,Kitchen,17997,amazon-2025-09.csv,35
Amazon,N01425,1,2025-09-03,CA,DEC01,2,14.99,0,New,Direct,Oak frame 1,Decor,2998,amazon-2025-09.csv,36
Amazon,N01425,2,2025-09-03,CA,BED03,3,24.99,0,New,Direct,Linen duvet 3,Bedding,7497,amazon-2025-09.csv,37
Amazon,N01426,1,2025-09-03,UK,DEC03,3,39.99,0.1,New,Marketplace,Oak frame 3,Decor,10797,amazon-2025-09.csv,38
Amazon,N01427,1,2025-09-03,CA,STO02,1,79.99,0.15,Returning,Organic,Woven basket 2,Storage,6799,amazon-2025-09.csv,39
Amazon,N01428,1,2025-09-03,US,DEC03,2,24.99,0.1,New,Email,Oak frame 3,Decor,4498,amazon-2025-09.csv,40
Amazon,N01429,1,2025-09-03,UK,DEC01,1,79.99,0,Returning,Organic,Oak frame 1,Decor,7999,amazon-2025-09.csv,41
Amazon,N01430,1,2025-09-03,UK,DEC04,3,79.99,0.1,New,Paid search,Oak frame 4,Decor,21597,amazon-2025-09.csv,42
Amazon,N01430,2,2025-09-03,UK,BED02,1,24.99,0,New,Paid search,Linen duvet 2,Bedding,2499,amazon-2025-09.csv,43
Amazon,N01442,1,2025-09-04,CA,STO01,2,39.99,0.15,Returning,Marketplace,Woven basket 1,Storage,6798,amazon-2025-09.csv,44
Amazon,N01443,1,2025-09-04,UK,BED01,3,59.99,0,Returning,Organic,Linen duvet 1,Bedding,17997,amazon-2025-09.csv,45
Amazon,N01444,1,2025-09-04,UK,STO04,3,39.99,0.1,New,Marketplace,Woven basket 4,Storage,10797,amazon-2025-09.csv,46
Amazon,N01445,1,2025-09-04,DE,DEC04,1,24.99,0.1,New,Paid search,Oak frame 4,Decor,2249,amazon-2025-09.csv,47
Amazon,N01445,2,2025-09-04,DE,LIG04,3,39.99,0.1,New,Paid search,Desk lamp 4,Lighting,10797,amazon-2025-09.csv,48
Amazon,N01446,1,2025-09-04,CA,BED04,3,59.99,0.15,New,Organic,Linen duvet 4,Bedding,15297,amazon-2025-09.csv,49
Amazon,N01447,1,2025-09-04,US,KIT01,2,59.99,0,New,Paid search,Ceramic bowl 1,Kitchen,11998,amazon-2025-09.csv,50
Amazon,N01448,1,2025-09-04,US,KIT02,1,39.99,0.15,New,Email,Ceramic bowl 2,Kitchen,3399,amazon-2025-09.csv,51
Amazon,N01448,2,2025-09-04,US,STO02,1,14.99,0.1,New,Email,Woven basket 2,Storage,1349,amazon-2025-09.csv,52
Amazon,N01449,1,2025-09-04,CA,LIG04,2,24.99,0.1,Returning,Paid search,Desk lamp 4,Lighting,4498,amazon-2025-09.csv,53
Amazon,N01450,1,2025-09-04,US,LIG01,3,59.99,0.15,New,Direct,Desk lamp 1,Lighting,15297,amazon-2025-09.csv,54
Amazon,N01451,1,2025-09-04,US,LIG04,3,14.99,0,New,Organic,Desk lamp 4,Lighting,4497,amazon-2025-09.csv,55
Amazon,N01452,1,2025-09-04,US,DEC02,1,24.99,0.15,Returning,Direct,Oak frame 2,Decor,2124,amazon-2025-09.csv,56
Amazon,N01464,1,2025-09-05,UK,DEC02,2,24.99,0.1,New,Email,Oak frame 2,Decor,4498,amazon-2025-09.csv,57
Amazon,N01465,1,2025-09-05,US,STO02,1,79.99,0,New,Email,Woven basket 2,Storage,7999,amazon-2025-09.csv,58
Amazon,N01466,1,2025-09-05,US,LIG04,1,39.99,0.15,New,Direct,Desk lamp 4,Lighting,3399,amazon-2025-09.csv,59
Amazon,N01466,2,2025-09-05,US,STO03,1,14.99,0.1,New,Direct,Woven basket 3,Storage,1349,amazon-2025-09.csv,60
Amazon,N01467,1,2025-09-05,UK,STO01,2,59.99,0,New,Marketplace,Woven basket 1,Storage,11998,amazon-2025-09.csv,61
Amazon,N01468,1,2025-09-05,UK,KIT04,2,79.99,0,New,Marketplace,Ceramic bowl 4,Kitchen,15998,amazon-2025-09.csv,62
Amazon,N01469,1,2025-09-05,DE,KIT03,1,39.99,0.1,New,Marketplace,Ceramic bowl 3,Kitchen,3599,amazon-2025-09.csv,63
Amazon,N01469,2,2025-09-05,DE,STO03,1,14.99,0.15,New,Marketplace,Woven basket 3,Storage,1274,amazon-2025-09.csv,64
Amazon,N01470,1,2025-09-05,CA,KIT02,3,79.99,0,New,Direct,Ceramic bowl 2,Kitchen,23997,amazon-2025-09.csv,65
Amazon,N01470,2,2025-09-05,CA,KIT04,1,79.99,0,New,Direct,Ceramic bowl 4,Kitchen,7999,amazon-2025-09.csv,66
Amazon,N01471,1,2025-09-05,DE,LIG02,3,79.99,0,New,Direct,Desk lamp 2,Lighting,23997,amazon-2025-09.csv,67
Amazon,N01472,1,2025-09-05,UK,BED04,2,39.99,0.15,Returning,Paid search,Linen duvet 4,Bedding,6798,amazon-2025-09.csv,68
Amazon,N01472,2,2025-09-05,UK,BED04,3,39.99,0.15,Returning,Paid search,Linen duvet 4,Bedding,10197,amazon-2025-09.csv,69
Amazon,N01473,1,2025-09-05,UK,STO03,1,79.99,0,New,Email,Woven basket 3,Storage,7999,amazon-2025-09.csv,70
Amazon,N01474,1,2025-09-05,UK,DEC02,2,79.99,0.1,New,Marketplace,Oak frame 2,Decor,14398,amazon-2025-09.csv,71
Amazon,N01486,1,2025-09-06,UK,STO04,2,24.99,0,New,Paid search,Woven basket 4,Storage,4998,amazon-2025-09.csv,72
Amazon,N01487,1,2025-09-06,UK,LIG04,3,79.99,0,Returning,Marketplace,Desk lamp 4,Lighting,23997,amazon-2025-09.csv,73
Amazon,N01487,2,2025-09-06,UK,STO01,3,79.99,0.1,Returning,Marketplace,Woven basket 1,Storage,21597,amazon-2025-09.csv,74
Amazon,N01488,1,2025-09-06,US,STO03,2,24.99,0.1,New,Direct,Woven basket 3,Storage,4498,amazon-2025-09.csv,75
Amazon,N01489,1,2025-09-06,CA,STO02,3,24.99,0.15,New,Email,Woven basket 2,Storage,6372,amazon-2025-09.csv,76
Amazon,N01490,1,2025-09-06,CA,BED04,1,59.99,0.1,New,Email,Linen duvet 4,Bedding,5399,amazon-2025-09.csv,77
Amazon,N01491,1,2025-09-06,CA,KIT03,3,14.99,0,New,Organic,Ceramic bowl 3,Kitchen,4497,amazon-2025-09.csv,78
Amazon,N01492,1,2025-09-06,DE,LIG03,1,79.99,0,New,Paid search,Desk lamp 3,Lighting,7999,amazon-2025-09.csv,79
Amazon,N01493,1,2025-09-06,DE,STO04,3,24.99,0,New,Paid search,Woven basket 4,Storage,7497,amazon-2025-09.csv,80
Amazon,N01493,2,2025-09-06,DE,KIT02,1,39.99,0,New,Paid search,Ceramic bowl 2,Kitchen,3999,amazon-2025-09.csv,81
Amazon,N01494,1,2025-09-06,DE,STO02,1,59.99,0.1,Returning,Paid search,Woven basket 2,Storage,5399,amazon-2025-09.csv,82
Amazon,N01495,1,2025-09-06,CA,LIG02,1,79.99,0,New,Organic,Desk lamp 2,Lighting,7999,amazon-2025-09.csv,83
Amazon,N01496,1,2025-09-06,US,DEC03,2,39.99,0.1,New,Marketplace,Oak frame 3,Decor,7198,amazon-2025-09.csv,84
Amazon,N01508,1,2025-09-07,US,LIG04,3,14.99,0.15,New,Direct,Desk lamp 4,Lighting,3822,amazon-2025-09.csv,85
Amazon,N01509,1,2025-09-07,US,DEC03,2,39.99,0.1,New,Direct,Oak frame 3,Decor,7198,amazon-2025-09.csv,86
Amazon,N01509,2,2025-09-07,US,DEC02,2,79.99,0.1,New,Direct,Oak frame 2,Decor,14398,amazon-2025-09.csv,87
Amazon,N01510,1,2025-09-07,US,STO04,1,79.99,0,New,Direct,Woven basket 4,Storage,7999,amazon-2025-09.csv,88
Amazon,N01510,2,2025-09-07,US,LIG02,3,39.99,0.1,New,Direct,Desk lamp 2,Lighting,10797,amazon-2025-09.csv,89
Amazon,N01511,1,2025-09-07,DE,LIG02,3,59.99,0,Returning,Email,Desk lamp 2,Lighting,17997,amazon-2025-09.csv,90
Amazon,N01511,2,2025-09-07,DE,STO01,1,24.99,0,Returning,Email,Woven basket 1,Storage,2499,amazon-2025-09.csv,91
Amazon,N01512,1,2025-09-07,CA,BED03,2,59.99,0.1,New,Marketplace,Linen duvet 3,Bedding,10798,amazon-2025-09.csv,92
Amazon,N01513,1,2025-09-07,UK,KIT03,2,79.99,0.15,New,Email,Ceramic bowl 3,Kitchen,13598,amazon-2025-09.csv,93
Amazon,N01514,1,2025-09-07,DE,KIT04,3,14.99,0.15,New,Paid search,Ceramic bowl 4,Kitchen,3822,amazon-2025-09.csv,94
Amazon,N01514,2,2025-09-07,DE,DEC02,1,59.99,0,New,Paid search,Oak frame 2,Decor,5999,amazon-2025-09.csv,95
Amazon,N01515,1,2025-09-07,US,DEC04,1,39.99,0,New,Organic,Oak frame 4,Decor,3999,amazon-2025-09.csv,96
Amazon,N01515,2,2025-09-07,US,LIG04,1,14.99,0.15,New,Organic,Desk lamp 4,Lighting,1274,amazon-2025-09.csv,97
Amazon,N01516,1,2025-09-07,UK,LIG01,2,24.99,0.1,New,Paid search,Desk lamp 1,Lighting,4498,amazon-2025-09.csv,98
Amazon,N01516,2,2025-09-07,UK,LIG01,2,39.99,0,New,Paid search,Desk lamp 1,Lighting,7998,amazon-2025-09.csv,99
Amazon,N01517,1,2025-09-07,US,STO03,1,39.99,0.1,New,Marketplace,Woven basket 3,Storage,3599,amazon-2025-09.csv,100
Amazon,N01518,1,2025-09-07,CA,KIT01,3,24.99,0,New,Organic,Ceramic bowl 1,Kitchen,7497,amazon-2025-09.csv,101
Amazon,N01530,1,2025-09-08,US,LIG01,3,14.99,0.1,New,Marketplace,Desk lamp 1,Lighting,4047,amazon-2025-09.csv,102
Amazon,N01530,2,2025-09-08,US,DEC03,2,14.99,0,New,Marketplace,Oak frame 3,Decor,2998,amazon-2025-09.csv,103
Amazon,N01531,1,2025-09-08,US,LIG03,3,14.99,0.1,New,Paid search,Desk lamp 3,Lighting,4047,amazon-2025-09.csv,104
Amazon,N01532,1,2025-09-08,DE,KIT04,1,39.99,0,New,Direct,Ceramic bowl 4,Kitchen,3999,amazon-2025-09.csv,105
Amazon,N01533,1,2025-09-08,US,DEC02,3,79.99,0.1,Returning,Direct,Oak frame 2,Decor,21597,amazon-2025-09.csv,106
Amazon,N01533,2,2025-09-08,US,BED04,3,24.99,0.1,Returning,Direct,Linen duvet 4,Bedding,6747,amazon-2025-09.csv,107
Amazon,N01534,1,2025-09-08,UK,STO01,1,14.99,0,New,Marketplace,Woven basket 1,Storage,1499,amazon-2025-09.csv,108
Amazon,N01535,1,2025-09-08,CA,LIG03,2,24.99,0.1,New,Marketplace,Desk lamp 3,Lighting,4498,amazon-2025-09.csv,109
Amazon,N01536,1,2025-09-08,UK,DEC01,3,59.99,0.15,New,Organic,Oak frame 1,Decor,15297,amazon-2025-09.csv,110
Amazon,N01537,1,2025-09-08,CA,KIT01,3,59.99,0,New,Marketplace,Ceramic bowl 1,Kitchen,17997,amazon-2025-09.csv,111
Amazon,N01537,2,2025-09-08,CA,BED04,2,59.99,0.1,New,Marketplace,Linen duvet 4,Bedding,10798,amazon-2025-09.csv,112
Amazon,N01538,1,2025-09-08,US,DEC02,2,79.99,0.1,New,Email,Oak frame 2,Decor,14398,amazon-2025-09.csv,113
Amazon,N01539,1,2025-09-08,CA,KIT02,3,59.99,0.1,Returning,Email,Ceramic bowl 2,Kitchen,16197,amazon-2025-09.csv,114
Amazon,N01540,1,2025-09-08,UK,LIG01,1,24.99,0.1,New,Organic,Desk lamp 1,Lighting,2249,amazon-2025-09.csv,115
Amazon,N01552,1,2025-09-09,CA,LIG04,2,39.99,0.15,New,Email,Desk lamp 4,Lighting,6798,amazon-2025-09.csv,116
Amazon,N01553,1,2025-09-09,US,BED04,3,79.99,0.1,New,Paid search,Linen duvet 4,Bedding,21597,amazon-2025-09.csv,117
Amazon,N01554,1,2025-09-09,US,LIG01,1,24.99,0.1,Returning,Direct,Desk lamp 1,Lighting,2249,amazon-2025-09.csv,118
Amazon,N01555,1,2025-09-09,US,BED01,3,14.99,0,New,Organic,Linen duvet 1,Bedding,4497,amazon-2025-09.csv,119
Amazon,N01556,1,2025-09-09,US,KIT02,3,59.99,0.15,Returning,Email,Ceramic bowl 2,Kitchen,15297,amazon-2025-09.csv,120
Amazon,N01557,1,2025-09-09,US,BED02,2,14.99,0,New,Marketplace,Linen duvet 2,Bedding,2998,amazon-2025-09.csv,121
Amazon,N01558,1,2025-09-09,US,LIG01,2,14.99,0.15,Returning,Marketplace,Desk lamp 1,Lighting,2548,amazon-2025-09.csv,122
Amazon,N01558,2,2025-09-09,US,KIT03,2,14.99,0,Returning,Marketplace,Ceramic bowl 3,Kitchen,2998,amazon-2025-09.csv,123
Amazon,N01559,1,2025-09-09,UK,DEC01,2,14.99,0.1,Returning,Direct,Oak frame 1,Decor,2698,amazon-2025-09.csv,124
Amazon,N01560,1,2025-09-09,US,KIT04,2,59.99,0,New,Email,Ceramic bowl 4,Kitchen,11998,amazon-2025-09.csv,125
Amazon,N01561,1,2025-09-09,US,KIT04,1,59.99,0,New,Marketplace,Ceramic bowl 4,Kitchen,5999,amazon-2025-09.csv,126
Amazon,N01562,1,2025-09-09,US,DEC04,2,24.99,0,New,Marketplace,Oak frame 4,Decor,4998,amazon-2025-09.csv,127
Amazon,N01574,1,2025-09-10,US,KIT01,3,59.99,0,Returning,Paid search,Ceramic bowl 1,Kitchen,17997,amazon-2025-09.csv,128
Amazon,N01575,1,2025-09-10,US,LIG01,2,59.99,0.1,New,Organic,Desk lamp 1,Lighting,10798,amazon-2025-09.csv,129
Amazon,N01575,2,2025-09-10,US,DEC01,1,14.99,0,New,Organic,Oak frame 1,Decor,1499,amazon-2025-09.csv,130
Amazon,N01576,1,2025-09-10,US,BED01,2,24.99,0,New,Paid search,Linen duvet 1,Bedding,4998,amazon-2025-09.csv,131
Amazon,N01577,1,2025-09-10,US,DEC02,3,79.99,0,Returning,Paid search,Oak frame 2,Decor,23997,amazon-2025-09.csv,132
Amazon,N01578,1,2025-09-10,CA,LIG02,2,59.99,0,New,Paid search,Desk lamp 2,Lighting,11998,amazon-2025-09.csv,133
Amazon,N01579,1,2025-09-10,CA,KIT04,1,14.99,0,Returning,Organic,Ceramic bowl 4,Kitchen,1499,amazon-2025-09.csv,134
Amazon,N01579,2,2025-09-10,CA,KIT03,1,39.99,0,Returning,Organic,Ceramic bowl 3,Kitchen,3999,amazon-2025-09.csv,135
Amazon,N01580,1,2025-09-10,DE,LIG03,2,39.99,0,New,Paid search,Desk lamp 3,Lighting,7998,amazon-2025-09.csv,136
Amazon,N01581,1,2025-09-10,US,STO04,1,39.99,0,New,Paid search,Woven basket 4,Storage,3999,amazon-2025-09.csv,137
Amazon,N01581,2,2025-09-10,US,KIT02,2,39.99,0,New,Paid search,Ceramic bowl 2,Kitchen,7998,amazon-2025-09.csv,138
Amazon,N01582,1,2025-09-10,CA,LIG01,2,24.99,0,Returning,Paid search,Desk lamp 1,Lighting,4998,amazon-2025-09.csv,139
Amazon,N01583,1,2025-09-10,US,STO02,2,59.99,0.1,Returning,Marketplace,Woven basket 2,Storage,10798,amazon-2025-09.csv,140
Amazon,N01584,1,2025-09-10,UK,BED03,3,59.99,0.1,New,Paid search,Linen duvet 3,Bedding,16197,amazon-2025-09.csv,141
Amazon,N01596,1,2025-09-11,UK,KIT03,1,39.99,0.1,New,Organic,Ceramic bowl 3,Kitchen,3599,amazon-2025-09.csv,142
Amazon,N01596,2,2025-09-11,UK,LIG02,2,59.99,0.1,New,Organic,Desk lamp 2,Lighting,10798,amazon-2025-09.csv,143
Amazon,N01597,1,2025-09-11,UK,DEC04,2,24.99,0,New,Paid search,Oak frame 4,Decor,4998,amazon-2025-09.csv,144
Amazon,N01598,1,2025-09-11,US,STO01,3,59.99,0.1,Returning,Paid search,Woven basket 1,Storage,16197,amazon-2025-09.csv,145
Amazon,N01599,1,2025-09-11,DE,LIG03,1,59.99,0.15,New,Paid search,Desk lamp 3,Lighting,5099,amazon-2025-09.csv,146
Amazon,N01599,2,2025-09-11,DE,BED04,3,39.99,0,New,Paid search,Linen duvet 4,Bedding,11997,amazon-2025-09.csv,147
Amazon,N01600,1,2025-09-11,US,KIT02,1,79.99,0,New,Email,Ceramic bowl 2,Kitchen,7999,amazon-2025-09.csv,148
Amazon,N01601,1,2025-09-11,UK,KIT01,1,24.99,0,Returning,Email,Ceramic bowl 1,Kitchen,2499,amazon-2025-09.csv,149
Amazon,N01602,1,2025-09-11,DE,BED02,3,79.99,0,New,Organic,Linen duvet 2,Bedding,23997,amazon-2025-09.csv,150
Amazon,N01603,1,2025-09-11,UK,DEC01,2,79.99,0,Returning,Direct,Oak frame 1,Decor,15998,amazon-2025-09.csv,151
Amazon,N01604,1,2025-09-11,UK,STO01,3,39.99,0,New,Marketplace,Woven basket 1,Storage,11997,amazon-2025-09.csv,152
Amazon,N01605,1,2025-09-11,UK,KIT02,2,24.99,0,Returning,Email,Ceramic bowl 2,Kitchen,4998,amazon-2025-09.csv,153
Amazon,N01606,1,2025-09-11,DE,BED04,3,24.99,0,New,Marketplace,Linen duvet 4,Bedding,7497,amazon-2025-09.csv,154
Amazon,N01618,1,2025-09-12,CA,LIG03,2,79.99,0,New,Email,Desk lamp 3,Lighting,15998,amazon-2025-09.csv,155
Amazon,N01619,1,2025-09-12,US,LIG02,3,24.99,0.1,New,Email,Desk lamp 2,Lighting,6747,amazon-2025-09.csv,156
Amazon,N01620,1,2025-09-12,US,KIT04,2,59.99,0.1,New,Organic,Ceramic bowl 4,Kitchen,10798,amazon-2025-09.csv,157
Amazon,N01620,2,2025-09-12,US,KIT02,2,79.99,0,New,Organic,Ceramic bowl 2,Kitchen,15998,amazon-2025-09.csv,158
Amazon,N01621,1,2025-09-12,DE,KIT03,3,59.99,0,New,Direct,Ceramic bowl 3,Kitchen,17997,amazon-2025-09.csv,159
Amazon,N01622,1,2025-09-12,US,STO02,1,14.99,0,New,Paid search,Woven basket 2,Storage,1499,amazon-2025-09.csv,160
Amazon,N01622,2,2025-09-12,US,BED03,3,59.99,0,New,Paid search,Linen duvet 3,Bedding,17997,amazon-2025-09.csv,161
Amazon,N01623,1,2025-09-12,DE,STO03,1,79.99,0.15,Returning,Organic,Woven basket 3,Storage,6799,amazon-2025-09.csv,162
Amazon,N01623,2,2025-09-12,DE,KIT02,2,24.99,0,Returning,Organic,Ceramic bowl 2,Kitchen,4998,amazon-2025-09.csv,163
Amazon,N01624,1,2025-09-12,US,KIT03,3,39.99,0,New,Direct,Ceramic bowl 3,Kitchen,11997,amazon-2025-09.csv,164
Amazon,N01624,2,2025-09-12,US,LIG03,1,39.99,0.1,New,Direct,Desk lamp 3,Lighting,3599,amazon-2025-09.csv,165
Amazon,N01625,1,2025-09-12,US,LIG01,1,39.99,0.15,Returning,Direct,Desk lamp 1,Lighting,3399,amazon-2025-09.csv,166
Amazon,N01626,1,2025-09-12,DE,BED04,1,24.99,0,New,Paid search,Linen duvet 4,Bedding,2499,amazon-2025-09.csv,167
Amazon,N01626,2,2025-09-12,DE,KIT03,1,14.99,0.1,New,Paid search,Ceramic bowl 3,Kitchen,1349,amazon-2025-09.csv,168
Amazon,N01627,1,2025-09-12,DE,LIG03,1,24.99,0.15,New,Direct,Desk lamp 3,Lighting,2124,amazon-2025-09.csv,169
Amazon,N01627,2,2025-09-12,DE,STO04,1,39.99,0,New,Direct,Woven basket 4,Storage,3999,amazon-2025-09.csv,170
Amazon,N01628,1,2025-09-12,DE,LIG04,3,24.99,0.1,Returning,Paid search,Desk lamp 4,Lighting,6747,amazon-2025-09.csv,171
Amazon,N01640,1,2025-09-13,US,LIG02,3,39.99,0,Returning,Paid search,Desk lamp 2,Lighting,11997,amazon-2025-09.csv,172
Amazon,N01641,1,2025-09-13,US,STO03,2,59.99,0,New,Organic,Woven basket 3,Storage,11998,amazon-2025-09.csv,173
Amazon,N01642,1,2025-09-13,DE,LIG01,1,14.99,0,New,Direct,Desk lamp 1,Lighting,1499,amazon-2025-09.csv,174
Amazon,N01643,1,2025-09-13,US,STO01,2,24.99,0,Returning,Email,Woven basket 1,Storage,4998,amazon-2025-09.csv,175
Amazon,N01644,1,2025-09-13,US,STO03,2,14.99,0,New,Marketplace,Woven basket 3,Storage,2998,amazon-2025-09.csv,176
Amazon,N01644,2,2025-09-13,US,LIG01,3,79.99,0.15,New,Marketplace,Desk lamp 1,Lighting,20397,amazon-2025-09.csv,177
Amazon,N01645,1,2025-09-13,DE,LIG01,3,24.99,0,New,Direct,Desk lamp 1,Lighting,7497,amazon-2025-09.csv,178
Amazon,N01646,1,2025-09-13,CA,KIT04,1,39.99,0.15,Returning,Marketplace,Ceramic bowl 4,Kitchen,3399,amazon-2025-09.csv,179
Amazon,N01647,1,2025-09-13,UK,STO03,3,14.99,0,Returning,Email,Woven basket 3,Storage,4497,amazon-2025-09.csv,180
Amazon,N01648,1,2025-09-13,DE,LIG01,2,24.99,0.1,New,Paid search,Desk lamp 1,Lighting,4498,amazon-2025-09.csv,181
Amazon,N01648,2,2025-09-13,DE,BED01,3,79.99,0,New,Paid search,Linen duvet 1,Bedding,23997,amazon-2025-09.csv,182
Amazon,N01649,1,2025-09-13,CA,LIG03,1,39.99,0.15,New,Direct,Desk lamp 3,Lighting,3399,amazon-2025-09.csv,183
Amazon,N01650,1,2025-09-13,US,DEC02,2,24.99,0.1,New,Marketplace,Oak frame 2,Decor,4498,amazon-2025-09.csv,184
Amazon,N01662,1,2025-09-14,CA,STO02,3,24.99,0,New,Email,Woven basket 2,Storage,7497,amazon-2025-09.csv,185
Amazon,N01663,1,2025-09-14,US,BED03,3,59.99,0,New,Email,Linen duvet 3,Bedding,17997,amazon-2025-09.csv,186
Amazon,N01663,2,2025-09-14,US,BED02,2,24.99,0.1,New,Email,Linen duvet 2,Bedding,4498,amazon-2025-09.csv,187
Amazon,N01664,1,2025-09-14,US,DEC01,2,24.99,0,New,Email,Oak frame 1,Decor,4998,amazon-2025-09.csv,188
Amazon,N01664,2,2025-09-14,US,LIG01,1,24.99,0,New,Email,Desk lamp 1,Lighting,2499,amazon-2025-09.csv,189
Amazon,N01665,1,2025-09-14,US,BED02,1,59.99,0,Returning,Email,Linen duvet 2,Bedding,5999,amazon-2025-09.csv,190
Amazon,N01666,1,2025-09-14,US,KIT03,3,39.99,0.15,New,Direct,Ceramic bowl 3,Kitchen,10197,amazon-2025-09.csv,191
Amazon,N01666,2,2025-09-14,US,DEC02,2,14.99,0,New,Direct,Oak frame 2,Decor,2998,amazon-2025-09.csv,192
Amazon,N01667,1,2025-09-14,CA,BED03,2,24.99,0,New,Marketplace,Linen duvet 3,Bedding,4998,amazon-2025-09.csv,193
Amazon,N01667,2,2025-09-14,CA,LIG01,1,39.99,0.1,New,Marketplace,Desk lamp 1,Lighting,3599,amazon-2025-09.csv,194
Amazon,N01668,1,2025-09-14,US,KIT01,2,24.99,0,Returning,Marketplace,Ceramic bowl 1,Kitchen,4998,amazon-2025-09.csv,195
Amazon,N01669,1,2025-09-14,US,STO04,2,39.99,0.1,New,Direct,Woven basket 4,Storage,7198,amazon-2025-09.csv,196
Amazon,N01669,2,2025-09-14,US,KIT01,2,14.99,0.1,New,Direct,Ceramic bowl 1,Kitchen,2698,amazon-2025-09.csv,197
Amazon,N01670,1,2025-09-14,DE,LIG04,3,79.99,0.15,Returning,Marketplace,Desk lamp 4,Lighting,20397,amazon-2025-09.csv,198
Amazon,N01671,1,2025-09-14,DE,DEC04,2,14.99,0,Returning,Organic,Oak frame 4,Decor,2998,amazon-2025-09.csv,199
Amazon,N01672,1,2025-09-14,US,BED02,2,39.99,0.15,New,Organic,Linen duvet 2,Bedding,6798,amazon-2025-09.csv,200
Amazon,N01684,1,2025-09-15,DE,STO02,2,79.99,0.15,Returning,Email,Woven basket 2,Storage,13598,amazon-2025-09.csv,201
Amazon,N01684,2,2025-09-15,DE,KIT03,1,24.99,0,Returning,Email,Ceramic bowl 3,Kitchen,2499,amazon-2025-09.csv,202
Amazon,N01685,1,2025-09-15,DE,DEC01,2,14.99,0,Returning,Direct,Oak frame 1,Decor,2998,amazon-2025-09.csv,203
Amazon,N01686,1,2025-09-15,DE,LIG02,2,59.99,0,New,Marketplace,Desk lamp 2,Lighting,11998,amazon-2025-09.csv,204
Amazon,N01687,1,2025-09-15,CA,DEC01,1,79.99,0.15,Returning,Email,Oak frame 1,Decor,6799,amazon-2025-09.csv,205
Amazon,N01688,1,2025-09-15,DE,LIG04,3,24.99,0,Returning,Marketplace,Desk lamp 4,Lighting,7497,amazon-2025-09.csv,206
Amazon,N01688,2,2025-09-15,DE,STO02,2,59.99,0.15,Returning,Marketplace,Woven basket 2,Storage,10198,amazon-2025-09.csv,207
Amazon,N01689,1,2025-09-15,DE,STO04,1,14.99,0,New,Paid search,Woven basket 4,Storage,1499,amazon-2025-09.csv,208
Amazon,N01689,2,2025-09-15,DE,KIT03,3,24.99,0,New,Paid search,Ceramic bowl 3,Kitchen,7497,amazon-2025-09.csv,209
Amazon,N01690,1,2025-09-15,US,STO04,3,79.99,0.1,New,Organic,Woven basket 4,Storage,21597,amazon-2025-09.csv,210
Amazon,N01691,1,2025-09-15,DE,DEC04,1,39.99,0,Returning,Direct,Oak frame 4,Decor,3999,amazon-2025-09.csv,211
Amazon,N01691,2,2025-09-15,DE,DEC02,1,39.99,0,Returning,Direct,Oak frame 2,Decor,3999,amazon-2025-09.csv,212
Amazon,N01692,1,2025-09-15,US,DEC04,3,79.99,0,Returning,Email,Oak frame 4,Decor,23997,amazon-2025-09.csv,213
Amazon,N01692,2,2025-09-15,US,DEC01,2,24.99,0.15,Returning,Email,Oak frame 1,Decor,4248,amazon-2025-09.csv,214
Amazon,N01693,1,2025-09-15,CA,DEC01,2,79.99,0.1,New,Marketplace,Oak frame 1,Decor,14398,amazon-2025-09.csv,215
Amazon,N01694,1,2025-09-15,DE,LIG02,1,79.99,0.1,New,Email,Desk lamp 2,Lighting,7199,amazon-2025-09.csv,216
Amazon,N01706,1,2025-09-16,CA,LIG04,3,79.99,0.1,Returning,Direct,Desk lamp 4,Lighting,21597,amazon-2025-09.csv,217
Amazon,N01706,2,2025-09-16,CA,KIT02,2,14.99,0,Returning,Direct,Ceramic bowl 2,Kitchen,2998,amazon-2025-09.csv,218
Amazon,N01707,1,2025-09-16,UK,DEC02,2,59.99,0,New,Marketplace,Oak frame 2,Decor,11998,amazon-2025-09.csv,219
Amazon,N01707,2,2025-09-16,UK,STO03,3,24.99,0.1,New,Marketplace,Woven basket 3,Storage,6747,amazon-2025-09.csv,220
Amazon,N01708,1,2025-09-16,DE,BED04,2,14.99,0,New,Organic,Linen duvet 4,Bedding,2998,amazon-2025-09.csv,221
Amazon,N01708,2,2025-09-16,DE,KIT01,3,39.99,0.15,New,Organic,Ceramic bowl 1,Kitchen,10197,amazon-2025-09.csv,222
Amazon,N01709,1,2025-09-16,US,STO03,1,39.99,0.1,New,Marketplace,Woven basket 3,Storage,3599,amazon-2025-09.csv,223
Amazon,N01710,1,2025-09-16,CA,BED03,2,59.99,0.1,New,Email,Linen duvet 3,Bedding,10798,amazon-2025-09.csv,224
Amazon,N01710,2,2025-09-16,CA,DEC02,1,24.99,0.1,New,Email,Oak frame 2,Decor,2249,amazon-2025-09.csv,225
Amazon,N01711,1,2025-09-16,DE,STO01,3,79.99,0.15,New,Direct,Woven basket 1,Storage,20397,amazon-2025-09.csv,226
Amazon,N01711,2,2025-09-16,DE,DEC03,2,39.99,0.1,New,Direct,Oak frame 3,Decor,7198,amazon-2025-09.csv,227
Amazon,N01712,1,2025-09-16,US,STO03,3,79.99,0.1,New,Email,Woven basket 3,Storage,21597,amazon-2025-09.csv,228
Amazon,N01712,2,2025-09-16,US,BED01,3,14.99,0.15,New,Email,Linen duvet 1,Bedding,3822,amazon-2025-09.csv,229
Amazon,N01713,1,2025-09-16,CA,BED03,1,79.99,0.1,New,Marketplace,Linen duvet 3,Bedding,7199,amazon-2025-09.csv,230
Amazon,N01714,1,2025-09-16,US,KIT04,1,79.99,0.1,New,Email,Ceramic bowl 4,Kitchen,7199,amazon-2025-09.csv,231
Amazon,N01715,1,2025-09-16,UK,BED03,2,39.99,0,Returning,Organic,Linen duvet 3,Bedding,7998,amazon-2025-09.csv,232
Amazon,N01716,1,2025-09-16,US,DEC02,3,14.99,0,Returning,Direct,Oak frame 2,Decor,4497,amazon-2025-09.csv,233
Amazon,N01728,1,2025-09-17,UK,BED01,3,39.99,0,Returning,Organic,Linen duvet 1,Bedding,11997,amazon-2025-09.csv,234
Amazon,N01728,2,2025-09-17,UK,KIT01,2,79.99,0,Returning,Organic,Ceramic bowl 1,Kitchen,15998,amazon-2025-09.csv,235
Amazon,N01729,1,2025-09-17,US,KIT02,2,79.99,0,New,Organic,Ceramic bowl 2,Kitchen,15998,amazon-2025-09.csv,236
Amazon,N01730,1,2025-09-17,US,DEC03,3,24.99,0.15,New,Email,Oak frame 3,Decor,6372,amazon-2025-09.csv,237
Amazon,N01730,2,2025-09-17,US,DEC01,1,24.99,0,New,Email,Oak frame 1,Decor,2499,amazon-2025-09.csv,238
Amazon,N01731,1,2025-09-17,CA,DEC03,2,39.99,0,New,Organic,Oak frame 3,Decor,7998,amazon-2025-09.csv,239
Amazon,N01731,2,2025-09-17,CA,LIG03,2,14.99,0.1,New,Organic,Desk lamp 3,Lighting,2698,amazon-2025-09.csv,240
Amazon,N01732,1,2025-09-17,CA,BED01,2,79.99,0.15,Returning,Direct,Linen duvet 1,Bedding,13598,amazon-2025-09.csv,241
Amazon,N01733,1,2025-09-17,DE,STO03,3,14.99,0,New,Paid search,Woven basket 3,Storage,4497,amazon-2025-09.csv,242
Amazon,N01734,1,2025-09-17,UK,STO02,1,59.99,0,New,Paid search,Woven basket 2,Storage,5999,amazon-2025-09.csv,243
Amazon,N01735,1,2025-09-17,CA,DEC04,1,14.99,0,New,Paid search,Oak frame 4,Decor,1499,amazon-2025-09.csv,244
Amazon,N01735,2,2025-09-17,CA,DEC01,3,59.99,0.15,New,Paid search,Oak frame 1,Decor,15297,amazon-2025-09.csv,245
Amazon,N01736,1,2025-09-17,UK,DEC02,3,24.99,0,Returning,Organic,Oak frame 2,Decor,7497,amazon-2025-09.csv,246
Amazon,N01737,1,2025-09-17,US,STO04,2,79.99,0.1,Returning,Marketplace,Woven basket 4,Storage,14398,amazon-2025-09.csv,247
Amazon,N01737,2,2025-09-17,US,BED01,1,14.99,0,Returning,Marketplace,Linen duvet 1,Bedding,1499,amazon-2025-09.csv,248
Amazon,N01738,1,2025-09-17,CA,DEC01,3,24.99,0,New,Organic,Oak frame 1,Decor,7497,amazon-2025-09.csv,249
Amazon,N01750,1,2025-09-18,CA,LIG03,3,14.99,0.1,Returning,Marketplace,Desk lamp 3,Lighting,4047,amazon-2025-09.csv,250
Amazon,N01750,2,2025-09-18,CA,LIG04,2,39.99,0.15,Returning,Marketplace,Desk lamp 4,Lighting,6798,amazon-2025-09.csv,251
Amazon,N01751,1,2025-09-18,US,KIT03,3,39.99,0,Returning,Marketplace,Ceramic bowl 3,Kitchen,11997,amazon-2025-09.csv,252
Amazon,N01752,1,2025-09-18,US,STO01,2,39.99,0,Returning,Email,Woven basket 1,Storage,7998,amazon-2025-09.csv,253
Amazon,N01753,1,2025-09-18,DE,KIT02,3,59.99,0.1,Returning,Email,Ceramic bowl 2,Kitchen,16197,amazon-2025-09.csv,254
Amazon,N01754,1,2025-09-18,US,DEC01,1,59.99,0.15,Returning,Email,Oak frame 1,Decor,5099,amazon-2025-09.csv,255
Amazon,N01755,1,2025-09-18,DE,DEC02,1,14.99,0.15,New,Marketplace,Oak frame 2,Decor,1274,amazon-2025-09.csv,256
Amazon,N01756,1,2025-09-18,US,DEC01,1,79.99,0,New,Email,Oak frame 1,Decor,7999,amazon-2025-09.csv,257
Amazon,N01756,2,2025-09-18,US,BED01,1,59.99,0,New,Email,Linen duvet 1,Bedding,5999,amazon-2025-09.csv,258
Amazon,N01757,1,2025-09-18,UK,STO04,3,14.99,0,Returning,Email,Woven basket 4,Storage,4497,amazon-2025-09.csv,259
Amazon,N01757,2,2025-09-18,UK,LIG03,2,14.99,0,Returning,Email,Desk lamp 3,Lighting,2998,amazon-2025-09.csv,260
Amazon,N01758,1,2025-09-18,US,LIG03,3,14.99,0,New,Organic,Desk lamp 3,Lighting,4497,amazon-2025-09.csv,261
Amazon,N01759,1,2025-09-18,DE,KIT02,2,39.99,0.1,Returning,Marketplace,Ceramic bowl 2,Kitchen,7198,amazon-2025-09.csv,262
Amazon,N01760,1,2025-09-18,US,KIT03,1,59.99,0,New,Paid search,Ceramic bowl 3,Kitchen,5999,amazon-2025-09.csv,263
Amazon,N01772,1,2025-09-19,UK,STO02,2,24.99,0,New,Email,Woven basket 2,Storage,4998,amazon-2025-09.csv,264
Amazon,N01773,1,2025-09-19,CA,STO01,3,39.99,0.15,New,Direct,Woven basket 1,Storage,10197,amazon-2025-09.csv,265
Amazon,N01773,2,2025-09-19,CA,KIT03,2,24.99,0,New,Direct,Ceramic bowl 3,Kitchen,4998,amazon-2025-09.csv,266
Amazon,N01774,1,2025-09-19,US,KIT01,1,59.99,0,Returning,Organic,Ceramic bowl 1,Kitchen,5999,amazon-2025-09.csv,267
Amazon,N01774,2,2025-09-19,US,DEC02,3,39.99,0,Returning,Organic,Oak frame 2,Decor,11997,amazon-2025-09.csv,268
Amazon,N01775,1,2025-09-19,CA,DEC03,1,59.99,0,New,Marketplace,Oak frame 3,Decor,5999,amazon-2025-09.csv,269
Amazon,N01776,1,2025-09-19,DE,DEC03,3,79.99,0.15,New,Paid search,Oak frame 3,Decor,20397,amazon-2025-09.csv,270
Amazon,N01776,2,2025-09-19,DE,LIG01,2,14.99,0,New,Paid search,Desk lamp 1,Lighting,2998,amazon-2025-09.csv,271
Amazon,N01777,1,2025-09-19,US,STO01,2,59.99,0.1,New,Organic,Woven basket 1,Storage,10798,amazon-2025-09.csv,272
Amazon,N01777,2,2025-09-19,US,DEC03,2,59.99,0.1,New,Organic,Oak frame 3,Decor,10798,amazon-2025-09.csv,273
Amazon,N01778,1,2025-09-19,US,BED01,3,59.99,0,New,Marketplace,Linen duvet 1,Bedding,17997,amazon-2025-09.csv,274
Amazon,N01779,1,2025-09-19,US,DEC01,3,14.99,0.15,New,Direct,Oak frame 1,Decor,3822,amazon-2025-09.csv,275
Amazon,N01779,2,2025-09-19,US,BED02,2,14.99,0.1,New,Direct,Linen duvet 2,Bedding,2698,amazon-2025-09.csv,276
Amazon,N01780,1,2025-09-19,UK,LIG04,2,59.99,0.15,New,Organic,Desk lamp 4,Lighting,10198,amazon-2025-09.csv,277
Amazon,N01781,1,2025-09-19,DE,DEC01,2,79.99,0.15,New,Marketplace,Oak frame 1,Decor,13598,amazon-2025-09.csv,278
Amazon,N01781,2,2025-09-19,DE,KIT03,2,79.99,0.15,New,Marketplace,Ceramic bowl 3,Kitchen,13598,amazon-2025-09.csv,279
Amazon,N01782,1,2025-09-19,UK,KIT01,1,59.99,0.15,New,Paid search,Ceramic bowl 1,Kitchen,5099,amazon-2025-09.csv,280
Amazon,N01794,1,2025-09-20,US,STO01,3,59.99,0,Returning,Organic,Woven basket 1,Storage,17997,amazon-2025-09.csv,281
Amazon,N01795,1,2025-09-20,DE,DEC02,2,14.99,0,New,Marketplace,Oak frame 2,Decor,2998,amazon-2025-09.csv,282
Amazon,N01796,1,2025-09-20,US,KIT03,2,39.99,0.15,New,Paid search,Ceramic bowl 3,Kitchen,6798,amazon-2025-09.csv,283
Amazon,N01796,2,2025-09-20,US,KIT03,2,79.99,0.15,New,Paid search,Ceramic bowl 3,Kitchen,13598,amazon-2025-09.csv,284
Amazon,N01797,1,2025-09-20,UK,STO03,2,79.99,0,New,Paid search,Woven basket 3,Storage,15998,amazon-2025-09.csv,285
Amazon,N01798,1,2025-09-20,DE,BED03,3,24.99,0.1,New,Email,Linen duvet 3,Bedding,6747,amazon-2025-09.csv,286
Amazon,N01799,1,2025-09-20,UK,LIG01,2,39.99,0.15,New,Marketplace,Desk lamp 1,Lighting,6798,amazon-2025-09.csv,287
Amazon,N01799,2,2025-09-20,UK,KIT01,2,59.99,0.1,New,Marketplace,Ceramic bowl 1,Kitchen,10798,amazon-2025-09.csv,288
Amazon,N01800,1,2025-09-20,US,LIG02,3,14.99,0,New,Direct,Desk lamp 2,Lighting,4497,amazon-2025-09.csv,289
Amazon,N01801,1,2025-09-20,US,STO04,2,79.99,0,Returning,Marketplace,Woven basket 4,Storage,15998,amazon-2025-09.csv,290
Amazon,N01801,2,2025-09-20,US,DEC03,3,59.99,0,Returning,Marketplace,Oak frame 3,Decor,17997,amazon-2025-09.csv,291
Amazon,N01802,1,2025-09-20,CA,BED03,1,79.99,0,New,Email,Linen duvet 3,Bedding,7999,amazon-2025-09.csv,292
Amazon,N01803,1,2025-09-20,DE,STO01,3,39.99,0.15,Returning,Organic,Woven basket 1,Storage,10197,amazon-2025-09.csv,293
Amazon,N01804,1,2025-09-20,US,KIT02,2,24.99,0,Returning,Email,Ceramic bowl 2,Kitchen,4998,amazon-2025-09.csv,294
Amazon,N01804,2,2025-09-20,US,KIT03,1,14.99,0.1,Returning,Email,Ceramic bowl 3,Kitchen,1349,amazon-2025-09.csv,295
Amazon,N01816,1,2025-09-21,DE,DEC02,1,79.99,0.15,New,Organic,Oak frame 2,Decor,6799,amazon-2025-09.csv,296
Amazon,N01817,1,2025-09-21,US,LIG02,1,59.99,0,New,Email,Desk lamp 2,Lighting,5999,amazon-2025-09.csv,297
Amazon,N01818,1,2025-09-21,US,BED03,1,24.99,0,Returning,Marketplace,Linen duvet 3,Bedding,2499,amazon-2025-09.csv,298
Amazon,N01819,1,2025-09-21,DE,BED01,1,24.99,0,New,Organic,Linen duvet 1,Bedding,2499,amazon-2025-09.csv,299
Amazon,N01819,2,2025-09-21,DE,LIG02,3,24.99,0,New,Organic,Desk lamp 2,Lighting,7497,amazon-2025-09.csv,300
Amazon,N01820,1,2025-09-21,UK,KIT01,3,39.99,0,New,Marketplace,Ceramic bowl 1,Kitchen,11997,amazon-2025-09.csv,301
Amazon,N01821,1,2025-09-21,UK,BED02,3,79.99,0.15,New,Email,Linen duvet 2,Bedding,20397,amazon-2025-09.csv,302
Amazon,N01821,2,2025-09-21,UK,KIT04,3,24.99,0,New,Email,Ceramic bowl 4,Kitchen,7497,amazon-2025-09.csv,303
Amazon,N01822,1,2025-09-21,US,STO03,1,24.99,0,Returning,Email,Woven basket 3,Storage,2499,amazon-2025-09.csv,304
Amazon,N01823,1,2025-09-21,US,KIT01,1,39.99,0,New,Organic,Ceramic bowl 1,Kitchen,3999,amazon-2025-09.csv,305
Amazon,N01823,2,2025-09-21,US,STO02,3,79.99,0,New,Organic,Woven basket 2,Storage,23997,amazon-2025-09.csv,306
Amazon,N01824,1,2025-09-21,US,LIG04,2,14.99,0.1,New,Email,Desk lamp 4,Lighting,2698,amazon-2025-09.csv,307
Amazon,N01824,2,2025-09-21,US,LIG04,2,59.99,0,New,Email,Desk lamp 4,Lighting,11998,amazon-2025-09.csv,308
Amazon,N01825,1,2025-09-21,UK,BED01,1,39.99,0.15,New,Direct,Linen duvet 1,Bedding,3399,amazon-2025-09.csv,309
Amazon,N01826,1,2025-09-21,US,LIG04,1,24.99,0.1,New,Paid search,Desk lamp 4,Lighting,2249,amazon-2025-09.csv,310
Amazon,N01838,1,2025-09-22,CA,KIT02,1,14.99,0.15,New,Marketplace,Ceramic bowl 2,Kitchen,1274,amazon-2025-09.csv,311
Amazon,N01839,1,2025-09-22,CA,STO04,1,59.99,0.1,Returning,Marketplace,Woven basket 4,Storage,5399,amazon-2025-09.csv,312
Amazon,N01839,2,2025-09-22,CA,STO03,1,14.99,0.15,Returning,Marketplace,Woven basket 3,Storage,1274,amazon-2025-09.csv,313
Amazon,N01840,1,2025-09-22,US,STO02,1,24.99,0.1,New,Direct,Woven basket 2,Storage,2249,amazon-2025-09.csv,314
Amazon,N01840,2,2025-09-22,US,KIT01,3,14.99,0,New,Direct,Ceramic bowl 1,Kitchen,4497,amazon-2025-09.csv,315
Amazon,N01841,1,2025-09-22,US,STO03,3,14.99,0.15,Returning,Paid search,Woven basket 3,Storage,3822,amazon-2025-09.csv,316
Amazon,N01842,1,2025-09-22,CA,KIT04,2,39.99,0,Returning,Marketplace,Ceramic bowl 4,Kitchen,7998,amazon-2025-09.csv,317
Amazon,N01842,2,2025-09-22,CA,STO02,3,24.99,0,Returning,Marketplace,Woven basket 2,Storage,7497,amazon-2025-09.csv,318
Amazon,N01843,1,2025-09-22,US,KIT03,3,14.99,0,New,Email,Ceramic bowl 3,Kitchen,4497,amazon-2025-09.csv,319
Amazon,N01843,2,2025-09-22,US,KIT04,1,59.99,0.1,New,Email,Ceramic bowl 4,Kitchen,5399,amazon-2025-09.csv,320
Amazon,N01844,1,2025-09-22,DE,BED03,2,59.99,0,Returning,Direct,Linen duvet 3,Bedding,11998,amazon-2025-09.csv,321
Amazon,N01844,2,2025-09-22,DE,BED04,1,39.99,0,Returning,Direct,Linen duvet 4,Bedding,3999,amazon-2025-09.csv,322
Amazon,N01845,1,2025-09-22,US,LIG01,2,79.99,0.15,New,Email,Desk lamp 1,Lighting,13598,amazon-2025-09.csv,323
Amazon,N01846,1,2025-09-22,DE,STO03,2,59.99,0,New,Organic,Woven basket 3,Storage,11998,amazon-2025-09.csv,324
Amazon,N01847,1,2025-09-22,UK,DEC03,2,39.99,0,Returning,Email,Oak frame 3,Decor,7998,amazon-2025-09.csv,325
Amazon,N01848,1,2025-09-22,US,KIT02,2,79.99,0.15,New,Direct,Ceramic bowl 2,Kitchen,13598,amazon-2025-09.csv,326
Amazon,N01860,1,2025-09-23,US,KIT01,2,59.99,0,Returning,Email,Ceramic bowl 1,Kitchen,11998,amazon-2025-09.csv,327
Amazon,N01860,2,2025-09-23,US,KIT03,3,79.99,0,Returning,Email,Ceramic bowl 3,Kitchen,23997,amazon-2025-09.csv,328
Amazon,N01861,1,2025-09-23,DE,LIG03,2,24.99,0.1,New,Organic,Desk lamp 3,Lighting,4498,amazon-2025-09.csv,329
Amazon,N01862,1,2025-09-23,UK,BED02,3,39.99,0,New,Marketplace,Linen duvet 2,Bedding,11997,amazon-2025-09.csv,330
Amazon,N01863,1,2025-09-23,DE,STO02,1,24.99,0.15,New,Paid search,Woven basket 2,Storage,2124,amazon-2025-09.csv,331
Amazon,N01863,2,2025-09-23,DE,STO01,2,59.99,0,New,Paid search,Woven basket 1,Storage,11998,amazon-2025-09.csv,332
Amazon,N01864,1,2025-09-23,US,LIG01,2,39.99,0,Returning,Paid search,Desk lamp 1,Lighting,7998,amazon-2025-09.csv,333
Amazon,N01865,1,2025-09-23,US,KIT04,1,24.99,0,New,Email,Ceramic bowl 4,Kitchen,2499,amazon-2025-09.csv,334
Amazon,N01866,1,2025-09-23,US,STO02,1,24.99,0,New,Organic,Woven basket 2,Storage,2499,amazon-2025-09.csv,335
Amazon,N01867,1,2025-09-23,UK,KIT02,2,39.99,0.1,Returning,Email,Ceramic bowl 2,Kitchen,7198,amazon-2025-09.csv,336
Amazon,N01867,2,2025-09-23,UK,KIT02,3,59.99,0.15,Returning,Email,Ceramic bowl 2,Kitchen,15297,amazon-2025-09.csv,337
Amazon,N01868,1,2025-09-23,CA,DEC02,1,39.99,0.1,Returning,Email,Oak frame 2,Decor,3599,amazon-2025-09.csv,338
Amazon,N01868,2,2025-09-23,CA,LIG04,3,24.99,0.1,Returning,Email,Desk lamp 4,Lighting,6747,amazon-2025-09.csv,339
Amazon,N01869,1,2025-09-23,CA,LIG03,2,79.99,0,New,Organic,Desk lamp 3,Lighting,15998,amazon-2025-09.csv,340
Amazon,N01869,2,2025-09-23,CA,KIT01,1,39.99,0.1,New,Organic,Ceramic bowl 1,Kitchen,3599,amazon-2025-09.csv,341
Amazon,N01870,1,2025-09-23,US,DEC01,3,24.99,0.1,New,Organic,Oak frame 1,Decor,6747,amazon-2025-09.csv,342
Amazon,N01882,1,2025-09-24,US,STO03,1,79.99,0.15,New,Organic,Woven basket 3,Storage,6799,amazon-2025-09.csv,343
Amazon,N01883,1,2025-09-24,DE,LIG01,3,79.99,0,New,Email,Desk lamp 1,Lighting,23997,amazon-2025-09.csv,344
Amazon,N01883,2,2025-09-24,DE,KIT01,3,39.99,0,New,Email,Ceramic bowl 1,Kitchen,11997,amazon-2025-09.csv,345
Amazon,N01884,1,2025-09-24,US,DEC02,1,24.99,0,Returning,Email,Oak frame 2,Decor,2499,amazon-2025-09.csv,346
Amazon,N01885,1,2025-09-24,US,BED02,1,14.99,0.1,New,Email,Linen duvet 2,Bedding,1349,amazon-2025-09.csv,347
Amazon,N01886,1,2025-09-24,US,STO04,1,24.99,0.15,Returning,Paid search,Woven basket 4,Storage,2124,amazon-2025-09.csv,348
Amazon,N01886,2,2025-09-24,US,BED03,3,59.99,0,Returning,Paid search,Linen duvet 3,Bedding,17997,amazon-2025-09.csv,349
Amazon,N01887,1,2025-09-24,DE,BED02,1,79.99,0,New,Paid search,Linen duvet 2,Bedding,7999,amazon-2025-09.csv,350
Amazon,N01888,1,2025-09-24,UK,BED02,3,39.99,0,New,Organic,Linen duvet 2,Bedding,11997,amazon-2025-09.csv,351
Amazon,N01889,1,2025-09-24,US,LIG03,3,59.99,0,New,Direct,Desk lamp 3,Lighting,17997,amazon-2025-09.csv,352
Amazon,N01889,2,2025-09-24,US,DEC01,1,79.99,0,New,Direct,Oak frame 1,Decor,7999,amazon-2025-09.csv,353
Amazon,N01890,1,2025-09-24,UK,DEC01,3,14.99,0,New,Paid search,Oak frame 1,Decor,4497,amazon-2025-09.csv,354
Amazon,N01891,1,2025-09-24,UK,BED02,1,59.99,0.1,New,Paid search,Linen duvet 2,Bedding,5399,amazon-2025-09.csv,355
Amazon,N01892,1,2025-09-24,CA,KIT03,1,39.99,0.1,New,Marketplace,Ceramic bowl 3,Kitchen,3599,amazon-2025-09.csv,356
Amazon,N01904,1,2025-09-25,CA,BED03,2,39.99,0.15,New,Organic,Linen duvet 3,Bedding,6798,amazon-2025-09.csv,357
Amazon,N01904,2,2025-09-25,CA,LIG04,2,59.99,0.15,New,Organic,Desk lamp 4,Lighting,10198,amazon-2025-09.csv,358
Amazon,N01905,1,2025-09-25,UK,DEC02,3,39.99,0.15,New,Paid search,Oak frame 2,Decor,10197,amazon-2025-09.csv,359
Amazon,N01905,2,2025-09-25,UK,BED03,1,14.99,0,New,Paid search,Linen duvet 3,Bedding,1499,amazon-2025-09.csv,360
Amazon,N01906,1,2025-09-25,US,DEC03,3,59.99,0,New,Paid search,Oak frame 3,Decor,17997,amazon-2025-09.csv,361
Amazon,N01906,2,2025-09-25,US,BED03,3,24.99,0.15,New,Paid search,Linen duvet 3,Bedding,6372,amazon-2025-09.csv,362
Amazon,N01907,1,2025-09-25,UK,LIG03,1,24.99,0,New,Marketplace,Desk lamp 3,Lighting,2499,amazon-2025-09.csv,363
Amazon,N01908,1,2025-09-25,US,DEC03,3,14.99,0.1,New,Marketplace,Oak frame 3,Decor,4047,amazon-2025-09.csv,364
Amazon,N01909,1,2025-09-25,CA,DEC01,3,79.99,0,New,Marketplace,Oak frame 1,Decor,23997,amazon-2025-09.csv,365
Amazon,N01910,1,2025-09-25,US,STO03,1,59.99,0,New,Paid search,Woven basket 3,Storage,5999,amazon-2025-09.csv,366
Amazon,N01910,2,2025-09-25,US,DEC01,2,24.99,0,New,Paid search,Oak frame 1,Decor,4998,amazon-2025-09.csv,367
Amazon,N01911,1,2025-09-25,DE,BED02,1,39.99,0.1,New,Paid search,Linen duvet 2,Bedding,3599,amazon-2025-09.csv,368
Amazon,N01911,2,2025-09-25,DE,DEC03,3,59.99,0,New,Paid search,Oak frame 3,Decor,17997,amazon-2025-09.csv,369
Amazon,N01912,1,2025-09-25,US,LIG02,3,59.99,0.15,New,Direct,Desk lamp 2,Lighting,15297,amazon-2025-09.csv,370
Amazon,N01912,2,2025-09-25,US,STO03,3,24.99,0,New,Direct,Woven basket 3,Storage,7497,amazon-2025-09.csv,371
Amazon,N01913,1,2025-09-25,US,LIG03,1,24.99,0.1,New,Organic,Desk lamp 3,Lighting,2249,amazon-2025-09.csv,372
Amazon,N01913,2,2025-09-25,US,BED04,1,59.99,0.1,New,Organic,Linen duvet 4,Bedding,5399,amazon-2025-09.csv,373
Amazon,N01914,1,2025-09-25,CA,BED03,3,14.99,0,New,Paid search,Linen duvet 3,Bedding,4497,amazon-2025-09.csv,374
Amazon,N01926,1,2025-09-26,DE,LIG03,2,39.99,0.15,New,Email,Desk lamp 3,Lighting,6798,amazon-2025-09.csv,375
Amazon,N01927,1,2025-09-26,US,DEC02,3,59.99,0,Returning,Marketplace,Oak frame 2,Decor,17997,amazon-2025-09.csv,376
Amazon,N01928,1,2025-09-26,CA,DEC03,1,14.99,0.1,Returning,Paid search,Oak frame 3,Decor,1349,amazon-2025-09.csv,377
Amazon,N01928,2,2025-09-26,CA,KIT03,3,24.99,0,Returning,Paid search,Ceramic bowl 3,Kitchen,7497,amazon-2025-09.csv,378
Amazon,N01929,1,2025-09-26,US,DEC04,3,24.99,0,New,Marketplace,Oak frame 4,Decor,7497,amazon-2025-09.csv,379
Amazon,N01929,2,2025-09-26,US,STO04,3,14.99,0.15,New,Marketplace,Woven basket 4,Storage,3822,amazon-2025-09.csv,380
Amazon,N01930,1,2025-09-26,US,LIG01,2,79.99,0,Returning,Marketplace,Desk lamp 1,Lighting,15998,amazon-2025-09.csv,381
Amazon,N01931,1,2025-09-26,US,BED02,3,79.99,0,New,Paid search,Linen duvet 2,Bedding,23997,amazon-2025-09.csv,382
Amazon,N01931,2,2025-09-26,US,KIT02,1,24.99,0.1,New,Paid search,Ceramic bowl 2,Kitchen,2249,amazon-2025-09.csv,383
Amazon,N01932,1,2025-09-26,DE,STO02,2,24.99,0.15,Returning,Paid search,Woven basket 2,Storage,4248,amazon-2025-09.csv,384
Amazon,N01933,1,2025-09-26,DE,KIT02,2,79.99,0,Returning,Paid search,Ceramic bowl 2,Kitchen,15998,amazon-2025-09.csv,385
Amazon,N01934,1,2025-09-26,US,DEC04,1,79.99,0.15,New,Organic,Oak frame 4,Decor,6799,amazon-2025-09.csv,386
Amazon,N01935,1,2025-09-26,UK,DEC03,2,79.99,0.1,New,Organic,Oak frame 3,Decor,14398,amazon-2025-09.csv,387
Amazon,N01936,1,2025-09-26,UK,LIG02,3,14.99,0.15,Returning,Paid search,Desk lamp 2,Lighting,3822,amazon-2025-09.csv,388
Amazon,N01948,1,2025-09-27,DE,STO01,1,24.99,0,New,Direct,Woven basket 1,Storage,2499,amazon-2025-09.csv,389
Amazon,N01948,2,2025-09-27,DE,DEC01,3,14.99,0,New,Direct,Oak frame 1,Decor,4497,amazon-2025-09.csv,390
Amazon,N01949,1,2025-09-27,DE,KIT01,2,59.99,0.1,New,Direct,Ceramic bowl 1,Kitchen,10798,amazon-2025-09.csv,391
Amazon,N01949,2,2025-09-27,DE,STO04,2,79.99,0.1,New,Direct,Woven basket 4,Storage,14398,amazon-2025-09.csv,392
Amazon,N01950,1,2025-09-27,DE,BED01,2,59.99,0,Returning,Email,Linen duvet 1,Bedding,11998,amazon-2025-09.csv,393
Amazon,N01951,1,2025-09-27,US,BED04,1,24.99,0,Returning,Direct,Linen duvet 4,Bedding,2499,amazon-2025-09.csv,394
Amazon,N01951,2,2025-09-27,US,STO01,3,39.99,0,Returning,Direct,Woven basket 1,Storage,11997,amazon-2025-09.csv,395
Amazon,N01952,1,2025-09-27,UK,KIT02,3,39.99,0.15,Returning,Paid search,Ceramic bowl 2,Kitchen,10197,amazon-2025-09.csv,396
Amazon,N01953,1,2025-09-27,US,BED01,2,24.99,0.1,Returning,Direct,Linen duvet 1,Bedding,4498,amazon-2025-09.csv,397
Amazon,N01953,2,2025-09-27,US,STO02,2,59.99,0,Returning,Direct,Woven basket 2,Storage,11998,amazon-2025-09.csv,398
Amazon,N01954,1,2025-09-27,UK,STO02,2,39.99,0.15,New,Organic,Woven basket 2,Storage,6798,amazon-2025-09.csv,399
Amazon,N01955,1,2025-09-27,US,BED02,3,59.99,0,New,Marketplace,Linen duvet 2,Bedding,17997,amazon-2025-09.csv,400
Amazon,N01956,1,2025-09-27,US,BED04,2,59.99,0,New,Paid search,Linen duvet 4,Bedding,11998,amazon-2025-09.csv,401
Amazon,N01956,2,2025-09-27,US,BED03,2,39.99,0.15,New,Paid search,Linen duvet 3,Bedding,6798,amazon-2025-09.csv,402
Amazon,N01957,1,2025-09-27,US,STO03,1,14.99,0.15,Returning,Paid search,Woven basket 3,Storage,1274,amazon-2025-09.csv,403
Amazon,N01958,1,2025-09-27,UK,STO02,1,79.99,0,Returning,Organic,Woven basket 2,Storage,7999,amazon-2025-09.csv,404
Amazon,N01970,1,2025-09-28,DE,KIT03,2,14.99,0.1,New,Marketplace,Ceramic bowl 3,Kitchen,2698,amazon-2025-09.csv,405
Amazon,N01971,1,2025-09-28,UK,LIG01,1,24.99,0.15,Returning,Organic,Desk lamp 1,Lighting,2124,amazon-2025-09.csv,406
Amazon,N01972,1,2025-09-28,UK,STO03,2,24.99,0,New,Organic,Woven basket 3,Storage,4998,amazon-2025-09.csv,407
Amazon,N01973,1,2025-09-28,DE,STO01,3,14.99,0,New,Organic,Woven basket 1,Storage,4497,amazon-2025-09.csv,408
Amazon,N01974,1,2025-09-28,DE,KIT04,1,24.99,0,New,Direct,Ceramic bowl 4,Kitchen,2499,amazon-2025-09.csv,409
Amazon,N01974,2,2025-09-28,DE,BED03,2,14.99,0,New,Direct,Linen duvet 3,Bedding,2998,amazon-2025-09.csv,410
Amazon,N01975,1,2025-09-28,DE,LIG03,1,14.99,0,New,Email,Desk lamp 3,Lighting,1499,amazon-2025-09.csv,411
Amazon,N01975,2,2025-09-28,DE,BED04,1,14.99,0,New,Email,Linen duvet 4,Bedding,1499,amazon-2025-09.csv,412
Amazon,N01976,1,2025-09-28,DE,BED01,2,39.99,0,Returning,Organic,Linen duvet 1,Bedding,7998,amazon-2025-09.csv,413
Amazon,N01977,1,2025-09-28,US,BED01,1,24.99,0.1,Returning,Marketplace,Linen duvet 1,Bedding,2249,amazon-2025-09.csv,414
Amazon,N01977,2,2025-09-28,US,DEC02,2,24.99,0,Returning,Marketplace,Oak frame 2,Decor,4998,amazon-2025-09.csv,415
Amazon,N01978,1,2025-09-28,UK,STO04,2,59.99,0,New,Paid search,Woven basket 4,Storage,11998,amazon-2025-09.csv,416
Amazon,N01979,1,2025-09-28,US,KIT04,3,39.99,0,New,Direct,Ceramic bowl 4,Kitchen,11997,amazon-2025-09.csv,417
Amazon,N01980,1,2025-09-28,UK,DEC01,2,14.99,0,New,Email,Oak frame 1,Decor,2998,amazon-2025-09.csv,418
Amazon,N01992,1,2025-09-29,US,STO02,3,59.99,0.1,Returning,Marketplace,Woven basket 2,Storage,16197,amazon-2025-09.csv,419
Amazon,N01993,1,2025-09-29,US,LIG02,3,79.99,0.1,New,Organic,Desk lamp 2,Lighting,21597,amazon-2025-09.csv,420
Amazon,N01994,1,2025-09-29,DE,BED04,2,59.99,0.15,New,Organic,Linen duvet 4,Bedding,10198,amazon-2025-09.csv,421
Amazon,N01995,1,2025-09-29,DE,BED04,2,79.99,0,Returning,Email,Linen duvet 4,Bedding,15998,amazon-2025-09.csv,422
Amazon,N01996,1,2025-09-29,US,LIG04,1,59.99,0,New,Email,Desk lamp 4,Lighting,5999,amazon-2025-09.csv,423
Amazon,N01996,2,2025-09-29,US,STO03,1,14.99,0,New,Email,Woven basket 3,Storage,1499,amazon-2025-09.csv,424
Amazon,N01997,1,2025-09-29,DE,LIG03,1,59.99,0,Returning,Marketplace,Desk lamp 3,Lighting,5999,amazon-2025-09.csv,425
Amazon,N01997,2,2025-09-29,DE,KIT03,2,79.99,0.1,Returning,Marketplace,Ceramic bowl 3,Kitchen,14398,amazon-2025-09.csv,426
Amazon,N01998,1,2025-09-29,US,KIT03,3,24.99,0,New,Direct,Ceramic bowl 3,Kitchen,7497,amazon-2025-09.csv,427
Amazon,N01999,1,2025-09-29,DE,BED01,1,24.99,0.1,New,Marketplace,Linen duvet 1,Bedding,2249,amazon-2025-09.csv,428
Amazon,N02000,1,2025-09-29,CA,DEC03,2,14.99,0.15,New,Marketplace,Oak frame 3,Decor,2548,amazon-2025-09.csv,429
Amazon,N02000,2,2025-09-29,CA,DEC03,2,79.99,0.15,New,Marketplace,Oak frame 3,Decor,13598,amazon-2025-09.csv,430
Amazon,N02001,1,2025-09-29,US,KIT02,2,79.99,0.1,New,Direct,Ceramic bowl 2,Kitchen,14398,amazon-2025-09.csv,431
Amazon,N02002,1,2025-09-29,US,STO03,1,24.99,0,New,Paid search,Woven basket 3,Storage,2499,amazon-2025-09.csv,432
Amazon,N02014,1,2025-09-30,US,KIT03,3,39.99,0,New,Direct,Ceramic bowl 3,Kitchen,11997,amazon-2025-09.csv,433
Amazon,N02015,1,2025-09-30,DE,DEC01,2,14.99,0,New,Organic,Oak frame 1,Decor,2998,amazon-2025-09.csv,434
Amazon,N02015,2,2025-09-30,DE,BED01,1,59.99,0.15,New,Organic,Linen duvet 1,Bedding,5099,amazon-2025-09.csv,435
Amazon,N02016,1,2025-09-30,US,DEC04,2,59.99,0.15,Returning,Paid search,Oak frame 4,Decor,10198,amazon-2025-09.csv,436
Amazon,N02016,2,2025-09-30,US,BED01,2,24.99,0.1,Returning,Paid search,Linen duvet 1,Bedding,4498,amazon-2025-09.csv,437
Amazon,N02017,1,2025-09-30,UK,BED03,3,39.99,0.15,New,Direct,Linen duvet 3,Bedding,10197,amazon-2025-09.csv,438
Amazon,N02017,2,2025-09-30,UK,BED04,2,59.99,0,New,Direct,Linen duvet 4,Bedding,11998,amazon-2025-09.csv,439
Amazon,N02018,1,2025-09-30,UK,STO04,2,39.99,0.1,Returning,Paid search,Woven basket 4,Storage,7198,amazon-2025-09.csv,440
Amazon,N02018,2,2025-09-30,UK,KIT01,2,39.99,0.1,Returning,Paid search,Ceramic bowl 1,Kitchen,7198,amazon-2025-09.csv,441
Amazon,N02019,1,2025-09-30,US,BED03,1,39.99,0.15,New,Email,Linen duvet 3,Bedding,3399,amazon-2025-09.csv,442
Amazon,N02020,1,2025-09-30,US,STO02,1,79.99,0.15,Returning,Marketplace,Woven basket 2,Storage,6799,amazon-2025-09.csv,443
Amazon,N02021,1,2025-09-30,CA,STO04,3,79.99,0,New,Organic,Woven basket 4,Storage,23997,amazon-2025-09.csv,444
Amazon,N02022,1,2025-09-30,US,DEC04,2,14.99,0,Returning,Direct,Oak frame 4,Decor,2998,amazon-2025-09.csv,445
Amazon,N02023,1,2025-09-30,US,BED02,2,79.99,0.15,Returning,Paid search,Linen duvet 2,Bedding,13598,amazon-2025-09.csv,446
Amazon,N02024,1,2025-09-30,UK,BED03,2,59.99,0,Returning,Organic,Linen duvet 3,Bedding,11998,amazon-2025-09.csv,447
Shopify,N00001,1,2025-07-01,US,DEC04,3,59.99,0.15,Returning,Direct,Oak frame 4,Decor,15297,shopify-2025-07.csv,2
Shopify,N00002,1,2025-07-01,US,BED01,2,24.99,0.15,New,Paid search,Linen duvet 1,Bedding,4248,shopify-2025-07.csv,3
Shopify,N00003,1,2025-07-01,DE,STO03,3,59.99,0.1,Returning,Direct,Woven basket 3,Storage,16197,shopify-2025-07.csv,4
Shopify,N00004,1,2025-07-01,US,KIT01,3,14.99,0,New,Organic,Ceramic bowl 1,Kitchen,4497,shopify-2025-07.csv,5
Shopify,N00004,2,2025-07-01,US,BED01,1,24.99,0,New,Organic,Linen duvet 1,Bedding,2499,shopify-2025-07.csv,6
Shopify,N00005,1,2025-07-01,US,KIT02,1,79.99,0.1,New,Email,Ceramic bowl 2,Kitchen,7199,shopify-2025-07.csv,7
Shopify,N00006,1,2025-07-01,US,DEC04,1,39.99,0,Returning,Marketplace,Oak frame 4,Decor,3999,shopify-2025-07.csv,8
Shopify,N00006,2,2025-07-01,US,DEC01,3,24.99,0.1,Returning,Marketplace,Oak frame 1,Decor,6747,shopify-2025-07.csv,9
Shopify,N00007,1,2025-07-01,US,STO03,1,79.99,0,Returning,Email,Woven basket 3,Storage,7999,shopify-2025-07.csv,10
Shopify,N00009,1,2025-07-01,CA,DEC04,1,39.99,0,Returning,Organic,Oak frame 4,Decor,3999,shopify-2025-07.csv,13
Shopify,N00009,2,2025-07-01,CA,STO03,3,79.99,0.15,Returning,Organic,Woven basket 3,Storage,20397,shopify-2025-07.csv,14
Shopify,N00010,1,2025-07-01,UK,STO01,2,59.99,0,New,Organic,Woven basket 1,Storage,11998,shopify-2025-07.csv,15
Shopify,N00011,1,2025-07-01,CA,KIT01,1,79.99,0.15,New,Paid search,Ceramic bowl 1,Kitchen,6799,shopify-2025-07.csv,16
Shopify,N00011,2,2025-07-01,CA,KIT02,2,59.99,0.1,New,Paid search,Ceramic bowl 2,Kitchen,10798,shopify-2025-07.csv,17
Shopify,N00023,1,2025-07-02,CA,STO01,1,59.99,0,New,Paid search,Woven basket 1,Storage,5999,shopify-2025-07.csv,18
Shopify,N00024,1,2025-07-02,DE,STO01,2,59.99,0,Returning,Marketplace,Woven basket 1,Storage,11998,shopify-2025-07.csv,19
Shopify,N00024,2,2025-07-02,DE,STO01,2,39.99,0.1,Returning,Marketplace,Woven basket 1,Storage,7198,shopify-2025-07.csv,20
Shopify,N00025,1,2025-07-02,CA,BED02,3,14.99,0.1,New,Direct,Linen duvet 2,Bedding,4047,shopify-2025-07.csv,21
Shopify,N00026,1,2025-07-02,US,BED02,3,39.99,0,New,Organic,Linen duvet 2,Bedding,11997,shopify-2025-07.csv,22
Shopify,N00027,1,2025-07-02,UK,STO02,1,79.99,0.1,New,Paid search,Woven basket 2,Storage,7199,shopify-2025-07.csv,23
Shopify,N00027,2,2025-07-02,UK,KIT04,3,59.99,0.1,New,Paid search,Ceramic bowl 4,Kitchen,16197,shopify-2025-07.csv,24
Shopify,N00028,1,2025-07-02,UK,LIG02,3,24.99,0.1,New,Paid search,Desk lamp 2,Lighting,6747,shopify-2025-07.csv,25
Shopify,N00029,1,2025-07-02,CA,BED01,1,14.99,0,Returning,Email,Linen duvet 1,Bedding,1499,shopify-2025-07.csv,26
Shopify,N00029,2,2025-07-02,CA,KIT02,2,39.99,0,Returning,Email,Ceramic bowl 2,Kitchen,7998,shopify-2025-07.csv,27
Shopify,N00030,1,2025-07-02,CA,KIT02,2,59.99,0,Returning,Paid search,Ceramic bowl 2,Kitchen,11998,shopify-2025-07.csv,28
Shopify,N00030,2,2025-07-02,CA,LIG01,2,14.99,0.15,Returning,Paid search,Desk lamp 1,Lighting,2548,shopify-2025-07.csv,29
Shopify,N00031,1,2025-07-02,DE,BED02,2,59.99,0,Returning,Paid search,Linen duvet 2,Bedding,11998,shopify-2025-07.csv,30
Shopify,N00032,1,2025-07-02,UK,DEC02,2,39.99,0.15,New,Organic,Oak frame 2,Decor,6798,shopify-2025-07.csv,31
Shopify,N00032,2,2025-07-02,UK,DEC02,2,24.99,0,New,Organic,Oak frame 2,Decor,4998,shopify-2025-07.csv,32
Shopify,N00033,1,2025-07-02,DE,DEC02,1,79.99,0.15,Returning,Paid search,Oak frame 2,Decor,6799,shopify-2025-07.csv,33
Shopify,N00045,1,2025-07-03,US,BED04,2,24.99,0,Returning,Marketplace,Linen duvet 4,Bedding,4998,shopify-2025-07.csv,34
Shopify,N00046,1,2025-07-03,US,STO03,1,24.99,0,New,Direct,Woven basket 3,Storage,2499,shopify-2025-07.csv,35
Shopify,N00047,1,2025-07-03,US,LIG04,1,14.99,0,New,Email,Desk lamp 4,Lighting,1499,shopify-2025-07.csv,36
Shopify,N00048,1,2025-07-03,CA,KIT04,3,24.99,0,Returning,Paid search,Ceramic bowl 4,Kitchen,7497,shopify-2025-07.csv,37
Shopify,N00049,1,2025-07-03,CA,DEC04,2,59.99,0,New,Organic,Oak frame 4,Decor,11998,shopify-2025-07.csv,38
Shopify,N00049,2,2025-07-03,CA,DEC01,2,59.99,0,New,Organic,Oak frame 1,Decor,11998,shopify-2025-07.csv,39
Shopify,N00050,1,2025-07-03,CA,BED01,2,14.99,0.1,New,Organic,Linen duvet 1,Bedding,2698,shopify-2025-07.csv,40
Shopify,N00051,1,2025-07-03,US,DEC02,1,24.99,0,Returning,Email,Oak frame 2,Decor,2499,shopify-2025-07.csv,41
Shopify,N00052,1,2025-07-03,US,BED04,3,14.99,0,Returning,Email,Linen duvet 4,Bedding,4497,shopify-2025-07.csv,42
Shopify,N00053,1,2025-07-03,US,KIT02,3,24.99,0.1,Returning,Marketplace,Ceramic bowl 2,Kitchen,6747,shopify-2025-07.csv,43
Shopify,N00055,1,2025-07-03,UK,KIT03,2,39.99,0,Returning,Marketplace,Ceramic bowl 3,Kitchen,7998,shopify-2025-07.csv,45
Shopify,N00067,1,2025-07-04,UK,LIG03,2,59.99,0.1,New,Paid search,Desk lamp 3,Lighting,10798,shopify-2025-07.csv,46
Shopify,N00068,1,2025-07-04,CA,KIT01,1,14.99,0,New,Email,Ceramic bowl 1,Kitchen,1499,shopify-2025-07.csv,47
Shopify,N00069,1,2025-07-04,US,DEC04,3,59.99,0,New,Direct,Oak frame 4,Decor,17997,shopify-2025-07.csv,48
Shopify,N00071,1,2025-07-04,US,STO01,2,24.99,0,New,Paid search,Woven basket 1,Storage,4998,shopify-2025-07.csv,50
Shopify,N00071,2,2025-07-04,US,BED04,3,14.99,0,New,Paid search,Linen duvet 4,Bedding,4497,shopify-2025-07.csv,51
Shopify,N00072,1,2025-07-04,UK,STO03,3,79.99,0,New,Paid search,Woven basket 3,Storage,23997,shopify-2025-07.csv,52
Shopify,N00072,2,2025-07-04,UK,DEC02,2,24.99,0,New,Paid search,Oak frame 2,Decor,4998,shopify-2025-07.csv,53
Shopify,N00073,1,2025-07-04,US,DEC02,1,79.99,0,New,Paid search,Oak frame 2,Decor,7999,shopify-2025-07.csv,54
Shopify,N00074,1,2025-07-04,CA,BED03,1,79.99,0.15,New,Marketplace,Linen duvet 3,Bedding,6799,shopify-2025-07.csv,55
Shopify,N00074,2,2025-07-04,CA,LIG03,1,79.99,0,New,Marketplace,Desk lamp 3,Lighting,7999,shopify-2025-07.csv,56
Shopify,N00075,1,2025-07-04,UK,STO02,2,24.99,0.1,New,Organic,Woven basket 2,Storage,4498,shopify-2025-07.csv,57
Shopify,N00076,1,2025-07-04,UK,LIG01,3,14.99,0.15,New,Direct,Desk lamp 1,Lighting,3822,shopify-2025-07.csv,58
Shopify,N00077,1,2025-07-04,DE,LIG02,3,79.99,0,New,Email,Desk lamp 2,Lighting,23997,shopify-2025-07.csv,59
Shopify,N00077,2,2025-07-04,DE,KIT03,3,14.99,0,New,Email,Ceramic bowl 3,Kitchen,4497,shopify-2025-07.csv,60
Shopify,N00089,1,2025-07-05,CA,STO04,2,79.99,0.15,New,Email,Woven basket 4,Storage,13598,shopify-2025-07.csv,61
Shopify,N00089,2,2025-07-05,CA,BED04,3,39.99,0,New,Email,Linen duvet 4,Bedding,11997,shopify-2025-07.csv,62
Shopify,N00090,1,2025-07-05,UK,LIG04,1,14.99,0,New,Paid search,Desk lamp 4,Lighting,1499,shopify-2025-07.csv,63
Shopify,N00090,2,2025-07-05,UK,BED01,3,14.99,0.15,New,Paid search,Linen duvet 1,Bedding,3822,shopify-2025-07.csv,64
Shopify,N00091,1,2025-07-05,UK,LIG02,1,79.99,0,New,Organic,Desk lamp 2,Lighting,7999,shopify-2025-07.csv,65
Shopify,N00091,2,2025-07-05,UK,LIG04,2,79.99,0.15,New,Organic,Desk lamp 4,Lighting,13598,shopify-2025-07.csv,66
Shopify,N00092,1,2025-07-05,UK,STO02,2,14.99,0,Returning,Paid search,Woven basket 2,Storage,2998,shopify-2025-07.csv,67
Shopify,N00092,2,2025-07-05,UK,KIT02,3,14.99,0,Returning,Paid search,Ceramic bowl 2,Kitchen,4497,shopify-2025-07.csv,68
Shopify,N00093,1,2025-07-05,US,KIT04,3,59.99,0,Returning,Paid search,Ceramic bowl 4,Kitchen,17997,shopify-2025-07.csv,69
Shopify,N00094,1,2025-07-05,UK,DEC04,1,24.99,0.15,New,Email,Oak frame 4,Decor,2124,shopify-2025-07.csv,70
Shopify,N00095,1,2025-07-05,US,DEC03,1,79.99,0,New,Direct,Oak frame 3,Decor,7999,shopify-2025-07.csv,71
Shopify,N00095,2,2025-07-05,US,LIG04,2,79.99,0,New,Direct,Desk lamp 4,Lighting,15998,shopify-2025-07.csv,72
Shopify,N00096,1,2025-07-05,DE,LIG04,2,79.99,0,New,Paid search,Desk lamp 4,Lighting,15998,shopify-2025-07.csv,73
Shopify,N00098,1,2025-07-05,US,STO01,2,24.99,0,New,Marketplace,Woven basket 1,Storage,4998,shopify-2025-07.csv,76
Shopify,N00098,2,2025-07-05,US,LIG04,1,14.99,0.15,New,Marketplace,Desk lamp 4,Lighting,1274,shopify-2025-07.csv,77
Shopify,N00099,1,2025-07-05,UK,DEC01,1,59.99,0.1,Returning,Direct,Oak frame 1,Decor,5399,shopify-2025-07.csv,78
Shopify,N00111,1,2025-07-06,DE,DEC04,1,14.99,0,Returning,Email,Oak frame 4,Decor,1499,shopify-2025-07.csv,79
Shopify,N00112,1,2025-07-06,US,DEC03,1,24.99,0,New,Organic,Oak frame 3,Decor,2499,shopify-2025-07.csv,80
Shopify,N00112,2,2025-07-06,US,DEC01,3,79.99,0,New,Organic,Oak frame 1,Decor,23997,shopify-2025-07.csv,81
Shopify,N00114,1,2025-07-06,US,KIT03,1,24.99,0.1,Returning,Direct,Ceramic bowl 3,Kitchen,2249,shopify-2025-07.csv,83
Shopify,N00115,1,2025-07-06,UK,BED01,3,79.99,0.1,Returning,Email,Linen duvet 1,Bedding,21597,shopify-2025-07.csv,84
Shopify,N00115,2,2025-07-06,UK,STO03,2,14.99,0,Returning,Email,Woven basket 3,Storage,2998,shopify-2025-07.csv,85
Shopify,N00116,1,2025-07-06,DE,DEC01,3,79.99,0,New,Email,Oak frame 1,Decor,23997,shopify-2025-07.csv,86
Shopify,N00117,1,2025-07-06,US,LIG01,1,79.99,0.1,New,Email,Desk lamp 1,Lighting,7199,shopify-2025-07.csv,87
Shopify,N00118,1,2025-07-06,CA,LIG01,3,59.99,0.1,Returning,Marketplace,Desk lamp 1,Lighting,16197,shopify-2025-07.csv,88
Shopify,N00119,1,2025-07-06,US,STO02,1,59.99,0.1,Returning,Direct,Woven basket 2,Storage,5399,shopify-2025-07.csv,89
Shopify,N00119,2,2025-07-06,US,KIT03,3,39.99,0,Returning,Direct,Ceramic bowl 3,Kitchen,11997,shopify-2025-07.csv,90
Shopify,N00120,1,2025-07-06,UK,KIT02,2,59.99,0.1,New,Marketplace,Ceramic bowl 2,Kitchen,10798,shopify-2025-07.csv,91
Shopify,N00120,2,2025-07-06,UK,DEC04,1,14.99,0.15,New,Marketplace,Oak frame 4,Decor,1274,shopify-2025-07.csv,92
Shopify,N00121,1,2025-07-06,US,DEC02,2,24.99,0.15,New,Email,Oak frame 2,Decor,4248,shopify-2025-07.csv,93
Shopify,N00133,1,2025-07-07,DE,BED01,3,24.99,0,Returning,Paid search,Linen duvet 1,Bedding,7497,shopify-2025-07.csv,94
Shopify,N00134,1,2025-07-07,US,KIT01,1,59.99,0.15,Returning,Paid search,Ceramic bowl 1,Kitchen,5099,shopify-2025-07.csv,95
Shopify,N00135,1,2025-07-07,CA,BED02,2,39.99,0.1,New,Paid search,Linen duvet 2,Bedding,7198,shopify-2025-07.csv,96
Shopify,N00136,1,2025-07-07,US,DEC01,2,14.99,0,Returning,Paid search,Oak frame 1,Decor,2998,shopify-2025-07.csv,97
Shopify,N00136,2,2025-07-07,US,BED02,2,24.99,0.15,Returning,Paid search,Linen duvet 2,Bedding,4248,shopify-2025-07.csv,98
Shopify,N00137,1,2025-07-07,US,LIG03,3,59.99,0.15,New,Direct,Desk lamp 3,Lighting,15297,shopify-2025-07.csv,99
Shopify,N00137,2,2025-07-07,US,STO03,2,79.99,0.1,New,Direct,Woven basket 3,Storage,14398,shopify-2025-07.csv,100
Shopify,N00138,1,2025-07-07,US,STO04,1,14.99,0,Returning,Organic,Woven basket 4,Storage,1499,shopify-2025-07.csv,101
Shopify,N00139,1,2025-07-07,CA,KIT04,3,14.99,0,New,Email,Ceramic bowl 4,Kitchen,4497,shopify-2025-07.csv,102
Shopify,N00140,1,2025-07-07,US,KIT02,1,39.99,0,New,Paid search,Ceramic bowl 2,Kitchen,3999,shopify-2025-07.csv,103
Shopify,N00141,1,2025-07-07,US,DEC01,1,79.99,0.1,New,Organic,Oak frame 1,Decor,7199,shopify-2025-07.csv,104
Shopify,N00141,2,2025-07-07,US,LIG04,2,39.99,0,New,Organic,Desk lamp 4,Lighting,7998,shopify-2025-07.csv,105
Shopify,N00142,1,2025-07-07,US,LIG03,2,59.99,0.15,Returning,Organic,Desk lamp 3,Lighting,10198,shopify-2025-07.csv,106
Shopify,N00142,2,2025-07-07,US,BED04,2,39.99,0,Returning,Organic,Linen duvet 4,Bedding,7998,shopify-2025-07.csv,107
Shopify,N00143,1,2025-07-07,UK,DEC01,1,39.99,0.1,New,Marketplace,Oak frame 1,Decor,3599,shopify-2025-07.csv,108
Shopify,N00155,1,2025-07-08,US,LIG04,1,24.99,0,Returning,Marketplace,Desk lamp 4,Lighting,2499,shopify-2025-07.csv,109
Shopify,N00155,2,2025-07-08,US,BED04,3,24.99,0.1,Returning,Marketplace,Linen duvet 4,Bedding,6747,shopify-2025-07.csv,110
Shopify,N00156,1,2025-07-08,US,KIT01,3,24.99,0.1,New,Marketplace,Ceramic bowl 1,Kitchen,6747,shopify-2025-07.csv,111
Shopify,N00156,2,2025-07-08,US,DEC03,2,14.99,0,New,Marketplace,Oak frame 3,Decor,2998,shopify-2025-07.csv,112
Shopify,N00157,1,2025-07-08,DE,STO02,3,39.99,0,New,Paid search,Woven basket 2,Storage,11997,shopify-2025-07.csv,113
Shopify,N00158,1,2025-07-08,US,BED03,3,79.99,0.15,New,Marketplace,Linen duvet 3,Bedding,20397,shopify-2025-07.csv,114
Shopify,N00158,2,2025-07-08,US,LIG03,2,39.99,0,New,Marketplace,Desk lamp 3,Lighting,7998,shopify-2025-07.csv,115
Shopify,N00159,1,2025-07-08,US,STO02,3,59.99,0.15,New,Email,Woven basket 2,Storage,15297,shopify-2025-07.csv,116
Shopify,N00160,1,2025-07-08,CA,LIG03,3,24.99,0.1,Returning,Paid search,Desk lamp 3,Lighting,6747,shopify-2025-07.csv,117
Shopify,N00161,1,2025-07-08,US,STO03,1,39.99,0,New,Email,Woven basket 3,Storage,3999,shopify-2025-07.csv,118
Shopify,N00161,2,2025-07-08,US,STO04,3,24.99,0,New,Email,Woven basket 4,Storage,7497,shopify-2025-07.csv,119
Shopify,N00162,1,2025-07-08,US,DEC03,1,79.99,0,Returning,Marketplace,Oak frame 3,Decor,7999,shopify-2025-07.csv,120
Shopify,N00163,1,2025-07-08,US,KIT01,3,24.99,0,New,Direct,Ceramic bowl 1,Kitchen,7497,shopify-2025-07.csv,121
Shopify,N00164,1,2025-07-08,US,DEC01,2,59.99,0.1,New,Organic,Oak frame 1,Decor,10798,shopify-2025-07.csv,122
Shopify,N00164,2,2025-07-08,US,KIT01,3,39.99,0,New,Organic,Ceramic bowl 1,Kitchen,11997,shopify-2025-07.csv,123
Shopify,N00165,1,2025-07-08,DE,KIT02,2,39.99,0.15,New,Marketplace,Ceramic bowl 2,Kitchen,6798,shopify-2025-07.csv,124
Shopify,N00177,1,2025-07-09,US,STO01,2,39.99,0,Returning,Paid search,Woven basket 1,Storage,7998,shopify-2025-07.csv,125
Shopify,N00178,1,2025-07-09,US,BED01,3,14.99,0,New,Direct,Linen duvet 1,Bedding,4497,shopify-2025-07.csv,126
Shopify,N00179,1,2025-07-09,US,LIG03,3,59.99,0,New,Marketplace,Desk lamp 3,Lighting,17997,shopify-2025-07.csv,127
Shopify,N00180,1,2025-07-09,US,LIG04,1,39.99,0.15,New,Email,Desk lamp 4,Lighting,3399,shopify-2025-07.csv,128
Shopify,N00181,1,2025-07-09,UK,DEC04,1,59.99,0,New,Organic,Oak frame 4,Decor,5999,shopify-2025-07.csv,129
Shopify,N00182,1,2025-07-09,CA,DEC02,2,24.99,0,New,Organic,Oak frame 2,Decor,4998,shopify-2025-07.csv,130
Shopify,N00182,2,2025-07-09,CA,LIG01,2,39.99,0.15,New,Organic,Desk lamp 1,Lighting,6798,shopify-2025-07.csv,131
Shopify,N00183,1,2025-07-09,DE,LIG01,3,24.99,0.1,New,Paid search,Desk lamp 1,Lighting,6747,shopify-2025-07.csv,132
Shopify,N00183,2,2025-07-09,DE,BED04,3,59.99,0.1,New,Paid search,Linen duvet 4,Bedding,16197,shopify-2025-07.csv,133
Shopify,N00184,1,2025-07-09,US,LIG03,3,59.99,0,New,Marketplace,Desk lamp 3,Lighting,17997,shopify-2025-07.csv,134
Shopify,N00185,1,2025-07-09,DE,BED04,3,39.99,0.15,New,Paid search,Linen duvet 4,Bedding,10197,shopify-2025-07.csv,135
Shopify,N00186,1,2025-07-09,UK,LIG03,3,24.99,0.15,Returning,Marketplace,Desk lamp 3,Lighting,6372,shopify-2025-07.csv,136
Shopify,N00187,1,2025-07-09,US,LIG02,3,59.99,0.15,Returning,Direct,Desk lamp 2,Lighting,15297,shopify-2025-07.csv,137
Shopify,N00199,1,2025-07-10,UK,DEC04,1,14.99,0,New,Marketplace,Oak frame 4,Decor,1499,shopify-2025-07.csv,138
Shopify,N00200,1,2025-07-10,US,DEC01,1,24.99,0,Returning,Paid search,Oak frame 1,Decor,2499,shopify-2025-07.csv,139
Shopify,N00200,2,2025-07-10,US,BED04,2,59.99,0,Returning,Paid search,Linen duvet 4,Bedding,11998,shopify-2025-07.csv,140
Shopify,N00201,1,2025-07-10,UK,STO04,3,14.99,0.15,Returning,Email,Woven basket 4,Storage,3822,shopify-2025-07.csv,141
Shopify,N00202,1,2025-07-10,DE,KIT01,1,14.99,0.1,New,Direct,Ceramic bowl 1,Kitchen,1349,shopify-2025-07.csv,142
Shopify,N00203,1,2025-07-10,UK,DEC03,3,79.99,0,New,Marketplace,Oak frame 3,Decor,23997,shopify-2025-07.csv,143
Shopify,N00204,1,2025-07-10,UK,KIT02,1,79.99,0,New,Organic,Ceramic bowl 2,Kitchen,7999,shopify-2025-07.csv,144
Shopify,N00205,1,2025-07-10,CA,BED02,2,14.99,0,New,Organic,Linen duvet 2,Bedding,2998,shopify-2025-07.csv,145
Shopify,N00206,1,2025-07-10,US,KIT02,3,14.99,0.1,New,Organic,Ceramic bowl 2,Kitchen,4047,shopify-2025-07.csv,146
Shopify,N00206,2,2025-07-10,US,DEC01,2,39.99,0,New,Organic,Oak frame 1,Decor,7998,shopify-2025-07.csv,147
Shopify,N00207,1,2025-07-10,UK,LIG01,2,14.99,0,New,Organic,Desk lamp 1,Lighting,2998,shopify-2025-07.csv,148
Shopify,N00208,1,2025-07-10,US,KIT01,2,24.99,0,New,Email,Ceramic bowl 1,Kitchen,4998,shopify-2025-07.csv,149
Shopify,N00209,1,2025-07-10,UK,LIG03,2,14.99,0,New,Email,Desk lamp 3,Lighting,2998,shopify-2025-07.csv,150
Shopify,N00221,1,2025-07-11,US,BED04,1,39.99,0,New,Paid search,Linen duvet 4,Bedding,3999,shopify-2025-07.csv,151
Shopify,N00222,1,2025-07-11,DE,DEC03,3,79.99,0.1,New,Direct,Oak frame 3,Decor,21597,shopify-2025-07.csv,152
Shopify,N00223,1,2025-07-11,US,LIG02,1,59.99,0.1,Returning,Organic,Desk lamp 2,Lighting,5399,shopify-2025-07.csv,153
Shopify,N00224,1,2025-07-11,US,DEC02,1,59.99,0.15,New,Organic,Oak frame 2,Decor,5099,shopify-2025-07.csv,154
Shopify,N00225,1,2025-07-11,US,DEC01,3,39.99,0.1,New,Direct,Oak frame 1,Decor,10797,shopify-2025-07.csv,155
Shopify,N00226,1,2025-07-11,CA,BED02,3,39.99,0,New,Organic,Linen duvet 2,Bedding,11997,shopify-2025-07.csv,156
Shopify,N00227,1,2025-07-11,DE,KIT03,2,14.99,0.15,New,Paid search,Ceramic bowl 3,Kitchen,2548,shopify-2025-07.csv,157
Shopify,N00227,2,2025-07-11,DE,LIG02,2,59.99,0,New,Paid search,Desk lamp 2,Lighting,11998,shopify-2025-07.csv,158
Shopify,N00228,1,2025-07-11,US,DEC01,3,39.99,0.1,New,Organic,Oak frame 1,Decor,10797,shopify-2025-07.csv,159
Shopify,N00228,2,2025-07-11,US,STO03,1,79.99,0,New,Organic,Woven basket 3,Storage,7999,shopify-2025-07.csv,160
Shopify,N00229,1,2025-07-11,US,DEC02,2,14.99,0,Returning,Marketplace,Oak frame 2,Decor,2998,shopify-2025-07.csv,161
Shopify,N00229,2,2025-07-11,US,STO03,1,59.99,0.1,Returning,Marketplace,Woven basket 3,Storage,5399,shopify-2025-07.csv,162
Shopify,N00230,1,2025-07-11,CA,LIG01,3,24.99,0.1,New,Marketplace,Desk lamp 1,Lighting,6747,shopify-2025-07.csv,163
Shopify,N00231,1,2025-07-11,US,DEC01,3,59.99,0.15,Returning,Direct,Oak frame 1,Decor,15297,shopify-2025-07.csv,164
Shopify,N00243,1,2025-07-12,CA,BED03,1,39.99,0,New,Email,Linen duvet 3,Bedding,3999,shopify-2025-07.csv,165
Shopify,N00244,1,2025-07-12,DE,KIT04,3,59.99,0.1,Returning,Organic,Ceramic bowl 4,Kitchen,16197,shopify-2025-07.csv,166
Shopify,N00245,1,2025-07-12,DE,DEC04,1,79.99,0.1,New,Organic,Oak frame 4,Decor,7199,shopify-2025-07.csv,167
Shopify,N00246,1,2025-07-12,US,KIT03,1,39.99,0.15,New,Paid search,Ceramic bowl 3,Kitchen,3399,shopify-2025-07.csv,168
Shopify,N00247,1,2025-07-12,DE,DEC03,1,79.99,0.15,New,Marketplace,Oak frame 3,Decor,6799,shopify-2025-07.csv,169
Shopify,N00248,1,2025-07-12,DE,STO03,1,59.99,0,New,Email,Woven basket 3,Storage,5999,shopify-2025-07.csv,170
Shopify,N00249,1,2025-07-12,UK,STO03,3,14.99,0,New,Organic,Woven basket 3,Storage,4497,shopify-2025-07.csv,171
Shopify,N00250,1,2025-07-12,US,BED02,3,39.99,0.1,Returning,Organic,Linen duvet 2,Bedding,10797,shopify-2025-07.csv,172
Shopify,N00250,2,2025-07-12,US,LIG02,1,14.99,0,Returning,Organic,Desk lamp 2,Lighting,1499,shopify-2025-07.csv,173
Shopify,N00251,1,2025-07-12,US,BED04,1,24.99,0.15,New,Direct,Linen duvet 4,Bedding,2124,shopify-2025-07.csv,174
Shopify,N00252,1,2025-07-12,US,STO01,2,14.99,0,New,Paid search,Woven basket 1,Storage,2998,shopify-2025-07.csv,175
Shopify,N00253,1,2025-07-12,US,KIT01,1,79.99,0.1,Returning,Email,Ceramic bowl 1,Kitchen,7199,shopify-2025-07.csv,176
Shopify,N00253,2,2025-07-12,US,BED03,2,59.99,0,Returning,Email,Linen duvet 3,Bedding,11998,shopify-2025-07.csv,177
Shopify,N00265,1,2025-07-13,US,KIT02,1,14.99,0,Returning,Email,Ceramic bowl 2,Kitchen,1499,shopify-2025-07.csv,178
Shopify,N00266,1,2025-07-13,DE,KIT02,3,24.99,0.1,Returning,Email,Ceramic bowl 2,Kitchen,6747,shopify-2025-07.csv,179
Shopify,N00266,2,2025-07-13,DE,DEC02,3,79.99,0.15,Returning,Email,Oak frame 2,Decor,20397,shopify-2025-07.csv,180
Shopify,N00267,1,2025-07-13,DE,LIG02,1,79.99,0,New,Email,Desk lamp 2,Lighting,7999,shopify-2025-07.csv,181
Shopify,N00267,2,2025-07-13,DE,STO03,2,59.99,0.1,New,Email,Woven basket 3,Storage,10798,shopify-2025-07.csv,182
Shopify,N00268,1,2025-07-13,US,BED04,1,39.99,0.15,New,Paid search,Linen duvet 4,Bedding,3399,shopify-2025-07.csv,183
Shopify,N00269,1,2025-07-13,CA,BED04,2,24.99,0.15,Returning,Paid search,Linen duvet 4,Bedding,4248,shopify-2025-07.csv,184
Shopify,N00270,1,2025-07-13,US,STO03,1,24.99,0.1,Returning,Paid search,Woven basket 3,Storage,2249,shopify-2025-07.csv,185
Shopify,N00271,1,2025-07-13,CA,LIG01,1,39.99,0.1,New,Email,Desk lamp 1,Lighting,3599,shopify-2025-07.csv,186
Shopify,N00272,1,2025-07-13,DE,LIG04,3,59.99,0.15,Returning,Email,Desk lamp 4,Lighting,15297,shopify-2025-07.csv,187
Shopify,N00273,1,2025-07-13,US,BED01,1,14.99,0,New,Email,Linen duvet 1,Bedding,1499,shopify-2025-07.csv,188
Shopify,N00273,2,2025-07-13,US,LIG02,2,24.99,0.15,New,Email,Desk lamp 2,Lighting,4248,shopify-2025-07.csv,189
Shopify,N00274,1,2025-07-13,DE,KIT03,3,24.99,0.1,New,Paid search,Ceramic bowl 3,Kitchen,6747,shopify-2025-07.csv,190
Shopify,N00275,1,2025-07-13,US,BED04,1,14.99,0.15,New,Direct,Linen duvet 4,Bedding,1274,shopify-2025-07.csv,191
Shopify,N00287,1,2025-07-14,CA,DEC02,1,59.99,0,New,Direct,Oak frame 2,Decor,5999,shopify-2025-07.csv,192
Shopify,N00288,1,2025-07-14,UK,DEC03,1,24.99,0.1,Returning,Email,Oak frame 3,Decor,2249,shopify-2025-07.csv,193
Shopify,N00289,1,2025-07-14,CA,BED04,3,39.99,0.15,Returning,Paid search,Linen duvet 4,Bedding,10197,shopify-2025-07.csv,194
Shopify,N00290,1,2025-07-14,US,KIT04,2,24.99,0,Returning,Paid search,Ceramic bowl 4,Kitchen,4998,shopify-2025-07.csv,195
Shopify,N00290,2,2025-07-14,US,STO01,3,39.99,0.15,Returning,Paid search,Woven basket 1,Storage,10197,shopify-2025-07.csv,196
Shopify,N00291,1,2025-07-14,DE,KIT03,3,39.99,0.15,New,Paid search,Ceramic bowl 3,Kitchen,10197,shopify-2025-07.csv,197
Shopify,N00292,1,2025-07-14,US,STO02,3,79.99,0.15,New,Paid search,Woven basket 2,Storage,20397,shopify-2025-07.csv,198
Shopify,N00293,1,2025-07-14,UK,LIG03,1,14.99,0,New,Organic,Desk lamp 3,Lighting,1499,shopify-2025-07.csv,199
Shopify,N00294,1,2025-07-14,CA,KIT02,1,79.99,0,Returning,Organic,Ceramic bowl 2,Kitchen,7999,shopify-2025-07.csv,200
Shopify,N00295,1,2025-07-14,US,KIT01,3,24.99,0.1,New,Marketplace,Ceramic bowl 1,Kitchen,6747,shopify-2025-07.csv,201
Shopify,N00295,2,2025-07-14,US,STO01,1,24.99,0,New,Marketplace,Woven basket 1,Storage,2499,shopify-2025-07.csv,202
Shopify,N00296,1,2025-07-14,US,KIT02,2,24.99,0.1,New,Paid search,Ceramic bowl 2,Kitchen,4498,shopify-2025-07.csv,203
Shopify,N00297,1,2025-07-14,DE,STO04,3,59.99,0.15,New,Direct,Woven basket 4,Storage,15297,shopify-2025-07.csv,204
Shopify,N00309,1,2025-07-15,DE,KIT03,3,39.99,0.15,New,Marketplace,Ceramic bowl 3,Kitchen,10197,shopify-2025-07.csv,205
Shopify,N00310,1,2025-07-15,US,KIT01,1,39.99,0,New,Direct,Ceramic bowl 1,Kitchen,3999,shopify-2025-07.csv,206
Shopify,N00311,1,2025-07-15,CA,KIT04,1,39.99,0,New,Marketplace,Ceramic bowl 4,Kitchen,3999,shopify-2025-07.csv,207
Shopify,N00311,2,2025-07-15,CA,BED03,2,39.99,0,New,Marketplace,Linen duvet 3,Bedding,7998,shopify-2025-07.csv,208
Shopify,N00312,1,2025-07-15,UK,STO02,2,24.99,0.1,New,Paid search,Woven basket 2,Storage,4498,shopify-2025-07.csv,209
Shopify,N00313,1,2025-07-15,DE,STO01,3,39.99,0,Returning,Email,Woven basket 1,Storage,11997,shopify-2025-07.csv,210
Shopify,N00314,1,2025-07-15,UK,STO01,2,79.99,0.1,Returning,Direct,Woven basket 1,Storage,14398,shopify-2025-07.csv,211
Shopify,N00315,1,2025-07-15,US,STO03,2,24.99,0.1,New,Direct,Woven basket 3,Storage,4498,shopify-2025-07.csv,212
Shopify,N00316,1,2025-07-15,US,KIT03,1,39.99,0,New,Marketplace,Ceramic bowl 3,Kitchen,3999,shopify-2025-07.csv,213
Shopify,N00317,1,2025-07-15,US,KIT02,1,14.99,0.1,Returning,Marketplace,Ceramic bowl 2,Kitchen,1349,shopify-2025-07.csv,214
Shopify,N00318,1,2025-07-15,UK,BED04,2,79.99,0.1,New,Marketplace,Linen duvet 4,Bedding,14398,shopify-2025-07.csv,215
Shopify,N00319,1,2025-07-15,US,KIT03,2,39.99,0.1,New,Marketplace,Ceramic bowl 3,Kitchen,7198,shopify-2025-07.csv,216
Shopify,N00331,1,2025-07-16,DE,STO02,3,14.99,0.1,Returning,Marketplace,Woven basket 2,Storage,4047,shopify-2025-07.csv,217
Shopify,N00332,1,2025-07-16,US,KIT02,3,79.99,0,New,Direct,Ceramic bowl 2,Kitchen,23997,shopify-2025-07.csv,218
Shopify,N00332,2,2025-07-16,US,DEC03,3,24.99,0,New,Direct,Oak frame 3,Decor,7497,shopify-2025-07.csv,219
Shopify,N00333,1,2025-07-16,US,KIT04,1,79.99,0.1,New,Email,Ceramic bowl 4,Kitchen,7199,shopify-2025-07.csv,220
Shopify,N00334,1,2025-07-16,UK,LIG01,2,59.99,0.15,New,Email,Desk lamp 1,Lighting,10198,shopify-2025-07.csv,221
Shopify,N00335,1,2025-07-16,DE,DEC03,3,59.99,0,New,Organic,Oak frame 3,Decor,17997,shopify-2025-07.csv,222
Shopify,N00336,1,2025-07-16,UK,STO02,3,24.99,0.1,New,Email,Woven basket 2,Storage,6747,shopify-2025-07.csv,223
Shopify,N00336,2,2025-07-16,UK,LIG04,3,79.99,0,New,Email,Desk lamp 4,Lighting,23997,shopify-2025-07.csv,224
Shopify,N00337,1,2025-07-16,CA,DEC01,2,24.99,0.15,Returning,Direct,Oak frame 1,Decor,4248,shopify-2025-07.csv,225
Shopify,N00338,1,2025-07-16,DE,STO02,1,79.99,0.1,Returning,Paid search,Woven basket 2,Storage,7199,shopify-2025-07.csv,226
Shopify,N00339,1,2025-07-16,DE,STO01,3,14.99,0,Returning,Direct,Woven basket 1,Storage,4497,shopify-2025-07.csv,227
Shopify,N00340,1,2025-07-16,DE,STO02,3,39.99,0,New,Marketplace,Woven basket 2,Storage,11997,shopify-2025-07.csv,228
Shopify,N00340,2,2025-07-16,DE,LIG01,1,14.99,0,New,Marketplace,Desk lamp 1,Lighting,1499,shopify-2025-07.csv,229
Shopify,N00341,1,2025-07-16,US,STO01,1,59.99,0,Returning,Marketplace,Woven basket 1,Storage,5999,shopify-2025-07.csv,230
Shopify,N00353,1,2025-07-17,US,DEC02,3,39.99,0.15,Returning,Marketplace,Oak frame 2,Decor,10197,shopify-2025-07.csv,231
Shopify,N00353,2,2025-07-17,US,LIG03,1,59.99,0.1,Returning,Marketplace,Desk lamp 3,Lighting,5399,shopify-2025-07.csv,232
Shopify,N00354,1,2025-07-17,US,DEC04,3,79.99,0,New,Email,Oak frame 4,Decor,23997,shopify-2025-07.csv,233
Shopify,N00354,2,2025-07-17,US,STO01,1,24.99,0.1,New,Email,Woven basket 1,Storage,2249,shopify-2025-07.csv,234
Shopify,N00355,1,2025-07-17,US,BED02,3,14.99,0.15,Returning,Direct,Linen duvet 2,Bedding,3822,shopify-2025-07.csv,235
Shopify,N00356,1,2025-07-17,UK,DEC01,2,79.99,0.15,New,Marketplace,Oak frame 1,Decor,13598,shopify-2025-07.csv,236
Shopify,N00357,1,2025-07-17,UK,STO04,2,59.99,0,Returning,Paid search,Woven basket 4,Storage,11998,shopify-2025-07.csv,237
Shopify,N00357,2,2025-07-17,UK,LIG03,2,59.99,0,Returning,Paid search,Desk lamp 3,Lighting,11998,shopify-2025-07.csv,238
Shopify,N00358,1,2025-07-17,CA,BED01,2,39.99,0,Returning,Organic,Linen duvet 1,Bedding,7998,shopify-2025-07.csv,239
Shopify,N00359,1,2025-07-17,CA,KIT04,1,14.99,0,New,Paid search,Ceramic bowl 4,Kitchen,1499,shopify-2025-07.csv,240
Shopify,N00360,1,2025-07-17,DE,DEC04,2,14.99,0.15,Returning,Organic,Oak frame 4,Decor,2548,shopify-2025-07.csv,241
Shopify,N00361,1,2025-07-17,UK,LIG04,3,24.99,0.15,Returning,Marketplace,Desk lamp 4,Lighting,6372,shopify-2025-07.csv,242
Shopify,N00362,1,2025-07-17,US,LIG02,3,24.99,0.15,New,Marketplace,Desk lamp 2,Lighting,6372,shopify-2025-07.csv,243
Shopify,N00363,1,2025-07-17,US,KIT01,2,14.99,0.1,New,Paid search,Ceramic bowl 1,Kitchen,2698,shopify-2025-07.csv,244
Shopify,N00363,2,2025-07-17,US,LIG03,2,24.99,0,New,Paid search,Desk lamp 3,Lighting,4998,shopify-2025-07.csv,245
Shopify,N00375,1,2025-07-18,UK,LIG03,2,79.99,0.1,New,Direct,Desk lamp 3,Lighting,14398,shopify-2025-07.csv,246
Shopify,N00375,2,2025-07-18,UK,DEC01,2,79.99,0.15,New,Direct,Oak frame 1,Decor,13598,shopify-2025-07.csv,247
Shopify,N00376,1,2025-07-18,UK,BED04,3,59.99,0.15,Returning,Paid search,Linen duvet 4,Bedding,15297,shopify-2025-07.csv,248
Shopify,N00376,2,2025-07-18,UK,STO01,2,59.99,0,Returning,Paid search,Woven basket 1,Storage,11998,shopify-2025-07.csv,249
Shopify,N00377,1,2025-07-18,CA,DEC02,1,59.99,0.15,New,Organic,Oak frame 2,Decor,5099,shopify-2025-07.csv,250
Shopify,N00378,1,2025-07-18,US,LIG03,2,39.99,0,Returning,Organic,Desk lamp 3,Lighting,7998,shopify-2025-07.csv,251
Shopify,N00379,1,2025-07-18,UK,KIT04,1,14.99,0,New,Direct,Ceramic bowl 4,Kitchen,1499,shopify-2025-07.csv,252
Shopify,N00379,2,2025-07-18,UK,STO01,1,79.99,0,New,Direct,Woven basket 1,Storage,7999,shopify-2025-07.csv,253
Shopify,N00380,1,2025-07-18,US,DEC01,3,14.99,0.1,Returning,Marketplace,Oak frame 1,Decor,4047,shopify-2025-07.csv,254
Shopify,N00381,1,2025-07-18,CA,DEC03,1,59.99,0,Returning,Email,Oak frame 3,Decor,5999,shopify-2025-07.csv,255
Shopify,N00382,1,2025-07-18,UK,BED04,1,59.99,0.15,Returning,Email,Linen duvet 4,Bedding,5099,shopify-2025-07.csv,256
Shopify,N00382,2,2025-07-18,UK,BED02,2,59.99,0,Returning,Email,Linen duvet 2,Bedding,11998,shopify-2025-07.csv,257
Shopify,N00383,1,2025-07-18,DE,BED03,1,59.99,0.15,Returning,Paid search,Linen duvet 3,Bedding,5099,shopify-2025-07.csv,258
Shopify,N00383,2,2025-07-18,DE,BED03,3,59.99,0.1,Returning,Paid search,Linen duvet 3,Bedding,16197,shopify-2025-07.csv,259
Shopify,N00384,1,2025-07-18,US,BED03,2,14.99,0,Returning,Direct,Linen duvet 3,Bedding,2998,shopify-2025-07.csv,260
Shopify,N00385,1,2025-07-18,DE,BED03,1,14.99,0,New,Marketplace,Linen duvet 3,Bedding,1499,shopify-2025-07.csv,261
Shopify,N00397,1,2025-07-19,DE,DEC03,2,24.99,0,Returning,Direct,Oak frame 3,Decor,4998,shopify-2025-07.csv,262
Shopify,N00398,1,2025-07-19,US,STO03,1,59.99,0.15,New,Marketplace,Woven basket 3,Storage,5099,shopify-2025-07.csv,263
Shopify,N00399,1,2025-07-19,CA,KIT02,1,14.99,0.15,New,Organic,Ceramic bowl 2,Kitchen,1274,shopify-2025-07.csv,264
Shopify,N00400,1,2025-07-19,UK,DEC01,1,59.99,0.1,New,Marketplace,Oak frame 1,Decor,5399,shopify-2025-07.csv,265
Shopify,N00401,1,2025-07-19,US,STO03,3,79.99,0.1,New,Direct,Woven basket 3,Storage,21597,shopify-2025-07.csv,266
Shopify,N00402,1,2025-07-19,CA,LIG03,2,39.99,0,Returning,Marketplace,Desk lamp 3,Lighting,7998,shopify-2025-07.csv,267
Shopify,N00402,2,2025-07-19,CA,BED04,3,59.99,0.1,Returning,Marketplace,Linen duvet 4,Bedding,16197,shopify-2025-07.csv,268
Shopify,N00403,1,2025-07-19,UK,KIT03,2,24.99,0.1,New,Marketplace,Ceramic bowl 3,Kitchen,4498,shopify-2025-07.csv,269
Shopify,N00404,1,2025-07-19,DE,STO01,3,39.99,0.15,Returning,Marketplace,Woven basket 1,Storage,10197,shopify-2025-07.csv,270
Shopify,N00404,2,2025-07-19,DE,KIT03,1,79.99,0,Returning,Marketplace,Ceramic bowl 3,Kitchen,7999,shopify-2025-07.csv,271
Shopify,N00405,1,2025-07-19,CA,LIG03,2,14.99,0,Returning,Direct,Desk lamp 3,Lighting,2998,shopify-2025-07.csv,272
Shopify,N00405,2,2025-07-19,CA,KIT02,3,14.99,0,Returning,Direct,Ceramic bowl 2,Kitchen,4497,shopify-2025-07.csv,273
Shopify,N00406,1,2025-07-19,US,KIT02,3,59.99,0,New,Organic,Ceramic bowl 2,Kitchen,17997,shopify-2025-07.csv,274
Shopify,N00407,1,2025-07-19,US,KIT02,2,14.99,0,New,Organic,Ceramic bowl 2,Kitchen,2998,shopify-2025-07.csv,275
Shopify,N00419,1,2025-07-20,US,LIG01,1,14.99,0,New,Organic,Desk lamp 1,Lighting,1499,shopify-2025-07.csv,276
Shopify,N00419,2,2025-07-20,US,LIG02,3,24.99,0.15,New,Organic,Desk lamp 2,Lighting,6372,shopify-2025-07.csv,277
Shopify,N00420,1,2025-07-20,US,KIT02,3,59.99,0.1,Returning,Paid search,Ceramic bowl 2,Kitchen,16197,shopify-2025-07.csv,278
Shopify,N00421,1,2025-07-20,DE,STO03,3,79.99,0,New,Organic,Woven basket 3,Storage,23997,shopify-2025-07.csv,279
Shopify,N00422,1,2025-07-20,US,LIG03,3,59.99,0,New,Email,Desk lamp 3,Lighting,17997,shopify-2025-07.csv,280
Shopify,N00423,1,2025-07-20,US,STO02,3,24.99,0,Returning,Organic,Woven basket 2,Storage,7497,shopify-2025-07.csv,281
Shopify,N00424,1,2025-07-20,DE,DEC04,2,24.99,0.15,New,Paid search,Oak frame 4,Decor,4248,shopify-2025-07.csv,282
Shopify,N00425,1,2025-07-20,CA,STO02,3,14.99,0,New,Email,Woven basket 2,Storage,4497,shopify-2025-07.csv,283
Shopify,N00425,2,2025-07-20,CA,STO04,2,24.99,0.15,New,Email,Woven basket 4,Storage,4248,shopify-2025-07.csv,284
Shopify,N00426,1,2025-07-20,UK,STO03,2,24.99,0,New,Organic,Woven basket 3,Storage,4998,shopify-2025-07.csv,285
Shopify,N00426,2,2025-07-20,UK,KIT03,2,14.99,0.15,New,Organic,Ceramic bowl 3,Kitchen,2548,shopify-2025-07.csv,286
Shopify,N00427,1,2025-07-20,CA,KIT03,1,59.99,0.1,New,Paid search,Ceramic bowl 3,Kitchen,5399,shopify-2025-07.csv,287
Shopify,N00428,1,2025-07-20,US,BED01,3,14.99,0.1,New,Organic,Linen duvet 1,Bedding,4047,shopify-2025-07.csv,288
Shopify,N00429,1,2025-07-20,US,STO04,2,79.99,0.1,New,Paid search,Woven basket 4,Storage,14398,shopify-2025-07.csv,289
Shopify,N00441,1,2025-07-21,US,BED03,1,14.99,0,Returning,Organic,Linen duvet 3,Bedding,1499,shopify-2025-07.csv,290
Shopify,N00441,2,2025-07-21,US,STO04,2,79.99,0,Returning,Organic,Woven basket 4,Storage,15998,shopify-2025-07.csv,291
Shopify,N00442,1,2025-07-21,DE,DEC03,2,59.99,0.15,Returning,Organic,Oak frame 3,Decor,10198,shopify-2025-07.csv,292
Shopify,N00442,2,2025-07-21,DE,STO04,2,39.99,0,Returning,Organic,Woven basket 4,Storage,7998,shopify-2025-07.csv,293
Shopify,N00443,1,2025-07-21,US,BED01,1,39.99,0,New,Email,Linen duvet 1,Bedding,3999,shopify-2025-07.csv,294
Shopify,N00444,1,2025-07-21,US,BED03,3,59.99,0,New,Marketplace,Linen duvet 3,Bedding,17997,shopify-2025-07.csv,295
Shopify,N00445,1,2025-07-21,DE,BED02,1,39.99,0.15,New,Paid search,Linen duvet 2,Bedding,3399,shopify-2025-07.csv,296
Shopify,N00446,1,2025-07-21,DE,KIT04,3,39.99,0,Returning,Email,Ceramic bowl 4,Kitchen,11997,shopify-2025-07.csv,297
Shopify,N00446,2,2025-07-21,DE,KIT03,1,14.99,0.15,Returning,Email,Ceramic bowl 3,Kitchen,1274,shopify-2025-07.csv,298
Shopify,N00447,1,2025-07-21,US,LIG01,3,39.99,0,New,Marketplace,Desk lamp 1,Lighting,11997,shopify-2025-07.csv,299
Shopify,N00448,1,2025-07-21,US,STO03,3,59.99,0.1,New,Organic,Woven basket 3,Storage,16197,shopify-2025-07.csv,300
Shopify,N00449,1,2025-07-21,CA,KIT03,3,14.99,0,New,Marketplace,Ceramic bowl 3,Kitchen,4497,shopify-2025-07.csv,301
Shopify,N00450,1,2025-07-21,UK,LIG02,1,59.99,0,Returning,Direct,Desk lamp 2,Lighting,5999,shopify-2025-07.csv,302
Shopify,N00451,1,2025-07-21,US,DEC04,2,39.99,0.1,Returning,Organic,Oak frame 4,Decor,7198,shopify-2025-07.csv,303
Shopify,N00451,2,2025-07-21,US,LIG02,3,39.99,0,Returning,Organic,Desk lamp 2,Lighting,11997,shopify-2025-07.csv,304
Shopify,N00463,1,2025-07-22,UK,KIT04,3,59.99,0,Returning,Organic,Ceramic bowl 4,Kitchen,17997,shopify-2025-07.csv,305
Shopify,N00463,2,2025-07-22,UK,BED02,1,39.99,0.1,Returning,Organic,Linen duvet 2,Bedding,3599,shopify-2025-07.csv,306
Shopify,N00464,1,2025-07-22,UK,LIG01,3,39.99,0.1,New,Marketplace,Desk lamp 1,Lighting,10797,shopify-2025-07.csv,307
Shopify,N00465,1,2025-07-22,US,DEC02,3,39.99,0,New,Organic,Oak frame 2,Decor,11997,shopify-2025-07.csv,308
Shopify,N00466,1,2025-07-22,US,BED02,3,59.99,0,New,Marketplace,Linen duvet 2,Bedding,17997,shopify-2025-07.csv,309
Shopify,N00467,1,2025-07-22,UK,STO01,3,79.99,0,New,Paid search,Woven basket 1,Storage,23997,shopify-2025-07.csv,310
Shopify,N00467,2,2025-07-22,UK,DEC01,2,79.99,0.15,New,Paid search,Oak frame 1,Decor,13598,shopify-2025-07.csv,311
Shopify,N00468,1,2025-07-22,DE,BED03,1,14.99,0.1,New,Paid search,Linen duvet 3,Bedding,1349,shopify-2025-07.csv,312
Shopify,N00468,2,2025-07-22,DE,STO03,2,79.99,0.15,New,Paid search,Woven basket 3,Storage,13598,shopify-2025-07.csv,313
Shopify,N00469,1,2025-07-22,UK,BED04,2,59.99,0.15,Returning,Organic,Linen duvet 4,Bedding,10198,shopify-2025-07.csv,314
Shopify,N00470,1,2025-07-22,DE,KIT03,1,59.99,0.1,Returning,Marketplace,Ceramic bowl 3,Kitchen,5399,shopify-2025-07.csv,315
Shopify,N00471,1,2025-07-22,CA,LIG02,2,39.99,0,New,Marketplace,Desk lamp 2,Lighting,7998,shopify-2025-07.csv,316
Shopify,N00472,1,2025-07-22,UK,DEC04,1,14.99,0.1,Returning,Email,Oak frame 4,Decor,1349,shopify-2025-07.csv,317
Shopify,N00473,1,2025-07-22,US,DEC04,3,39.99,0,Returning,Marketplace,Oak frame 4,Decor,11997,shopify-2025-07.csv,318
Shopify,N00473,2,2025-07-22,US,LIG03,2,79.99,0,Returning,Marketplace,Desk lamp 3,Lighting,15998,shopify-2025-07.csv,319
Shopify,N00485,1,2025-07-23,US,BED03,2,59.99,0.1,Returning,Organic,Linen duvet 3,Bedding,10798,shopify-2025-07.csv,320
Shopify,N00486,1,2025-07-23,UK,KIT03,1,59.99,0.15,New,Email,Ceramic bowl 3,Kitchen,5099,shopify-2025-07.csv,321
Shopify,N00486,2,2025-07-23,UK,STO02,2,24.99,0.1,New,Email,Woven basket 2,Storage,4498,shopify-2025-07.csv,322
Shopify,N00487,1,2025-07-23,CA,LIG01,3,39.99,0.1,Returning,Organic,Desk lamp 1,Lighting,10797,shopify-2025-07.csv,323
Shopify,N00488,1,2025-07-23,US,DEC01,3,39.99,0.1,New,Marketplace,Oak frame 1,Decor,10797,shopify-2025-07.csv,324
Shopify,N00489,1,2025-07-23,US,BED01,1,79.99,0,Returning,Direct,Linen duvet 1,Bedding,7999,shopify-2025-07.csv,325
Shopify,N00490,1,2025-07-23,US,STO03,1,59.99,0.15,New,Email,Woven basket 3,Storage,5099,shopify-2025-07.csv,326
Shopify,N00491,1,2025-07-23,CA,KIT02,2,39.99,0,New,Organic,Ceramic bowl 2,Kitchen,7998,shopify-2025-07.csv,327
Shopify,N00492,1,2025-07-23,US,LIG03,1,14.99,0.15,New,Email,Desk lamp 3,Lighting,1274,shopify-2025-07.csv,328
Shopify,N00493,1,2025-07-23,DE,STO02,2,14.99,0,New,Organic,Woven basket 2,Storage,2998,shopify-2025-07.csv,329
Shopify,N00494,1,2025-07-23,DE,DEC01,3,59.99,0.15,Returning,Organic,Oak frame 1,Decor,15297,shopify-2025-07.csv,330
Shopify,N00494,2,2025-07-23,DE,DEC03,1,24.99,0.1,Returning,Organic,Oak frame 3,Decor,2249,shopify-2025-07.csv,331
Shopify,N00495,1,2025-07-23,US,LIG03,2,59.99,0,Returning,Marketplace,Desk lamp 3,Lighting,11998,shopify-2025-07.csv,332
Shopify,N00495,2,2025-07-23,US,KIT02,3,39.99,0.15,Returning,Marketplace,Ceramic bowl 2,Kitchen,10197,shopify-2025-07.csv,333
Shopify,N00507,1,2025-07-24,US,BED01,2,39.99,0.1,New,Organic,Linen duvet 1,Bedding,7198,shopify-2025-07.csv,334
Shopify,N00507,2,2025-07-24,US,BED04,1,39.99,0,New,Organic,Linen duvet 4,Bedding,3999,shopify-2025-07.csv,335
Shopify,N00508,1,2025-07-24,DE,LIG02,1,59.99,0.1,New,Email,Desk lamp 2,Lighting,5399,shopify-2025-07.csv,336
Shopify,N00509,1,2025-07-24,CA,LIG03,3,59.99,0,New,Email,Desk lamp 3,Lighting,17997,shopify-2025-07.csv,337
Shopify,N00509,2,2025-07-24,CA,LIG04,1,24.99,0.15,New,Email,Desk lamp 4,Lighting,2124,shopify-2025-07.csv,338
Shopify,N00510,1,2025-07-24,CA,KIT01,2,24.99,0.1,Returning,Marketplace,Ceramic bowl 1,Kitchen,4498,shopify-2025-07.csv,339
Shopify,N00511,1,2025-07-24,US,LIG02,3,14.99,0.1,Returning,Email,Desk lamp 2,Lighting,4047,shopify-2025-07.csv,340
Shopify,N00511,2,2025-07-24,US,LIG02,2,39.99,0,Returning,Email,Desk lamp 2,Lighting,7998,shopify-2025-07.csv,341
Shopify,N00512,1,2025-07-24,UK,DEC04,2,24.99,0.15,Returning,Email,Oak frame 4,Decor,4248,shopify-2025-07.csv,342
Shopify,N00513,1,2025-07-24,US,KIT02,3,24.99,0,New,Paid search,Ceramic bowl 2,Kitchen,7497,shopify-2025-07.csv,343
Shopify,N00513,2,2025-07-24,US,LIG01,3,39.99,0.1,New,Paid search,Desk lamp 1,Lighting,10797,shopify-2025-07.csv,344
Shopify,N00514,1,2025-07-24,US,STO04,2,14.99,0.15,New,Paid search,Woven basket 4,Storage,2548,shopify-2025-07.csv,345
Shopify,N00515,1,2025-07-24,US,DEC02,2,79.99,0,New,Marketplace,Oak frame 2,Decor,15998,shopify-2025-07.csv,346
Shopify,N00516,1,2025-07-24,US,BED02,2,14.99,0,Returning,Marketplace,Linen duvet 2,Bedding,2998,shopify-2025-07.csv,347
Shopify,N00517,1,2025-07-24,US,LIG02,3,59.99,0.15,New,Organic,Desk lamp 2,Lighting,15297,shopify-2025-07.csv,348
Shopify,N00517,2,2025-07-24,US,BED04,2,39.99,0,New,Organic,Linen duvet 4,Bedding,7998,shopify-2025-07.csv,349
Shopify,N00529,1,2025-07-25,CA,BED04,1,24.99,0.15,New,Direct,Linen duvet 4,Bedding,2124,shopify-2025-07.csv,350
Shopify,N00530,1,2025-07-25,US,STO03,2,24.99,0,Returning,Organic,Woven basket 3,Storage,4998,shopify-2025-07.csv,351
Shopify,N00530,2,2025-07-25,US,STO03,3,24.99,0.15,Returning,Organic,Woven basket 3,Storage,6372,shopify-2025-07.csv,352
Shopify,N00531,1,2025-07-25,DE,BED02,2,59.99,0.1,New,Paid search,Linen duvet 2,Bedding,10798,shopify-2025-07.csv,353
Shopify,N00531,2,2025-07-25,DE,LIG03,3,59.99,0.15,New,Paid search,Desk lamp 3,Lighting,15297,shopify-2025-07.csv,354
Shopify,N00532,1,2025-07-25,DE,LIG04,1,14.99,0.1,New,Direct,Desk lamp 4,Lighting,1349,shopify-2025-07.csv,355
Shopify,N00532,2,2025-07-25,DE,LIG03,3,59.99,0,New,Direct,Desk lamp 3,Lighting,17997,shopify-2025-07.csv,356
Shopify,N00533,1,2025-07-25,CA,KIT01,3,59.99,0,New,Marketplace,Ceramic bowl 1,Kitchen,17997,shopify-2025-07.csv,357
Shopify,N00534,1,2025-07-25,US,BED01,2,59.99,0,New,Paid search,Linen duvet 1,Bedding,11998,shopify-2025-07.csv,358
Shopify,N00535,1,2025-07-25,US,STO02,1,59.99,0,New,Email,Woven basket 2,Storage,5999,shopify-2025-07.csv,359
Shopify,N00536,1,2025-07-25,US,BED04,1,14.99,0,Returning,Marketplace,Linen duvet 4,Bedding,1499,shopify-2025-07.csv,360
Shopify,N00536,2,2025-07-25,US,KIT04,1,24.99,0,Returning,Marketplace,Ceramic bowl 4,Kitchen,2499,shopify-2025-07.csv,361
Shopify,N00537,1,2025-07-25,CA,DEC01,3,14.99,0,New,Email,Oak frame 1,Decor,4497,shopify-2025-07.csv,362
Shopify,N00538,1,2025-07-25,UK,BED04,1,24.99,0,New,Paid search,Linen duvet 4,Bedding,2499,shopify-2025-07.csv,363
Shopify,N00539,1,2025-07-25,US,KIT02,3,39.99,0.15,New,Paid search,Ceramic bowl 2,Kitchen,10197,shopify-2025-07.csv,364
Shopify,N00551,1,2025-07-26,US,BED04,1,14.99,0,Returning,Organic,Linen duvet 4,Bedding,1499,shopify-2025-07.csv,365
Shopify,N00552,1,2025-07-26,DE,STO01,3,14.99,0,Returning,Direct,Woven basket 1,Storage,4497,shopify-2025-07.csv,366
Shopify,N00553,1,2025-07-26,UK,LIG03,2,59.99,0,Returning,Paid search,Desk lamp 3,Lighting,11998,shopify-2025-07.csv,367
Shopify,N00554,1,2025-07-26,UK,DEC03,1,59.99,0.15,New,Marketplace,Oak frame 3,Decor,5099,shopify-2025-07.csv,368
Shopify,N00555,1,2025-07-26,UK,BED01,1,39.99,0,New,Direct,Linen duvet 1,Bedding,3999,shopify-2025-07.csv,369
Shopify,N00556,1,2025-07-26,US,BED04,3,59.99,0.1,New,Direct,Linen duvet 4,Bedding,16197,shopify-2025-07.csv,370
Shopify,N00557,1,2025-07-26,CA,KIT02,2,39.99,0.1,New,Email,Ceramic bowl 2,Kitchen,7198,shopify-2025-07.csv,371
Shopify,N00558,1,2025-07-26,US,STO04,2,79.99,0.15,New,Organic,Woven basket 4,Storage,13598,shopify-2025-07.csv,372
Shopify,N00559,1,2025-07-26,DE,KIT03,1,79.99,0,New,Marketplace,Ceramic bowl 3,Kitchen,7999,shopify-2025-07.csv,373
Shopify,N00560,1,2025-07-26,UK,STO04,3,24.99,0.1,New,Direct,Woven basket 4,Storage,6747,shopify-2025-07.csv,374
Shopify,N00561,1,2025-07-26,DE,KIT01,3,24.99,0.1,New,Paid search,Ceramic bowl 1,Kitchen,6747,shopify-2025-07.csv,375
Shopify,N00573,1,2025-07-27,US,BED03,3,14.99,0.1,New,Paid search,Linen duvet 3,Bedding,4047,shopify-2025-07.csv,376
Shopify,N00573,2,2025-07-27,US,KIT03,2,14.99,0.1,New,Paid search,Ceramic bowl 3,Kitchen,2698,shopify-2025-07.csv,377
Shopify,N00574,1,2025-07-27,US,KIT02,2,39.99,0.15,Returning,Paid search,Ceramic bowl 2,Kitchen,6798,shopify-2025-07.csv,378
Shopify,N00574,2,2025-07-27,US,DEC01,2,14.99,0,Returning,Paid search,Oak frame 1,Decor,2998,shopify-2025-07.csv,379
Shopify,N00575,1,2025-07-27,UK,BED04,2,39.99,0.1,New,Paid search,Linen duvet 4,Bedding,7198,shopify-2025-07.csv,380
Shopify,N00576,1,2025-07-27,DE,DEC04,3,24.99,0,New,Email,Oak frame 4,Decor,7497,shopify-2025-07.csv,381
Shopify,N00577,1,2025-07-27,DE,KIT01,2,59.99,0.1,New,Direct,Ceramic bowl 1,Kitchen,10798,shopify-2025-07.csv,382
Shopify,N00578,1,2025-07-27,DE,BED02,1,79.99,0,New,Organic,Linen duvet 2,Bedding,7999,shopify-2025-07.csv,383
Shopify,N00579,1,2025-07-27,UK,LIG01,1,79.99,0,New,Direct,Desk lamp 1,Lighting,7999,shopify-2025-07.csv,384
Shopify,N00580,1,2025-07-27,DE,DEC03,2,39.99,0.1,New,Organic,Oak frame 3,Decor,7198,shopify-2025-07.csv,385
Shopify,N00581,1,2025-07-27,US,BED03,2,14.99,0,Returning,Marketplace,Linen duvet 3,Bedding,2998,shopify-2025-07.csv,386
Shopify,N00582,1,2025-07-27,CA,LIG03,1,39.99,0,New,Email,Desk lamp 3,Lighting,3999,shopify-2025-07.csv,387
Shopify,N00583,1,2025-07-27,UK,STO03,2,24.99,0,New,Paid search,Woven basket 3,Storage,4998,shopify-2025-07.csv,388
Shopify,N00583,2,2025-07-27,UK,KIT01,2,59.99,0,New,Paid search,Ceramic bowl 1,Kitchen,11998,shopify-2025-07.csv,389
Shopify,N00595,1,2025-07-28,CA,STO04,2,24.99,0,New,Direct,Woven basket 4,Storage,4998,shopify-2025-07.csv,390
Shopify,N00596,1,2025-07-28,US,STO04,2,14.99,0.15,Returning,Direct,Woven basket 4,Storage,2548,shopify-2025-07.csv,391
Shopify,N00596,2,2025-07-28,US,STO02,3,59.99,0.15,Returning,Direct,Woven basket 2,Storage,15297,shopify-2025-07.csv,392
Shopify,N00597,1,2025-07-28,CA,KIT03,2,79.99,0.1,New,Direct,Ceramic bowl 3,Kitchen,14398,shopify-2025-07.csv,393
Shopify,N00597,2,2025-07-28,CA,STO02,1,79.99,0,New,Direct,Woven basket 2,Storage,7999,shopify-2025-07.csv,394
Shopify,N00598,1,2025-07-28,US,STO01,2,24.99,0.1,New,Organic,Woven basket 1,Storage,4498,shopify-2025-07.csv,395
Shopify,N00598,2,2025-07-28,US,LIG04,3,59.99,0,New,Organic,Desk lamp 4,Lighting,17997,shopify-2025-07.csv,396
Shopify,N00599,1,2025-07-28,US,KIT03,1,59.99,0.15,Returning,Direct,Ceramic bowl 3,Kitchen,5099,shopify-2025-07.csv,397
Shopify,N00600,1,2025-07-28,US,LIG02,2,14.99,0.1,New,Direct,Desk lamp 2,Lighting,2698,shopify-2025-07.csv,398
Shopify,N00601,1,2025-07-28,US,KIT01,2,39.99,0,New,Organic,Ceramic bowl 1,Kitchen,7998,shopify-2025-07.csv,399
Shopify,N00602,1,2025-07-28,CA,LIG03,1,39.99,0,Returning,Paid search,Desk lamp 3,Lighting,3999,shopify-2025-07.csv,400
Shopify,N00603,1,2025-07-28,CA,BED03,1,79.99,0,New,Email,Linen duvet 3,Bedding,7999,shopify-2025-07.csv,401
Shopify,N00603,2,2025-07-28,CA,BED04,1,79.99,0.1,New,Email,Linen duvet 4,Bedding,7199,shopify-2025-07.csv,402
Shopify,N00604,1,2025-07-28,CA,LIG01,3,39.99,0,New,Direct,Desk lamp 1,Lighting,11997,shopify-2025-07.csv,403
Shopify,N00605,1,2025-07-28,CA,BED03,1,79.99,0.1,New,Paid search,Linen duvet 3,Bedding,7199,shopify-2025-07.csv,404
Shopify,N00617,1,2025-07-29,DE,LIG01,3,14.99,0,New,Paid search,Desk lamp 1,Lighting,4497,shopify-2025-07.csv,405
Shopify,N00618,1,2025-07-29,US,STO02,3,79.99,0,Returning,Organic,Woven basket 2,Storage,23997,shopify-2025-07.csv,406
Shopify,N00619,1,2025-07-29,US,KIT02,3,24.99,0,Returning,Email,Ceramic bowl 2,Kitchen,7497,shopify-2025-07.csv,407
Shopify,N00620,1,2025-07-29,DE,STO03,2,14.99,0.1,New,Organic,Woven basket 3,Storage,2698,shopify-2025-07.csv,408
Shopify,N00620,2,2025-07-29,DE,DEC02,2,79.99,0,New,Organic,Oak frame 2,Decor,15998,shopify-2025-07.csv,409
Shopify,N00621,1,2025-07-29,CA,DEC02,2,59.99,0,New,Email,Oak frame 2,Decor,11998,shopify-2025-07.csv,410
Shopify,N00622,1,2025-07-29,UK,STO03,3,24.99,0.15,New,Marketplace,Woven basket 3,Storage,6372,shopify-2025-07.csv,411
Shopify,N00623,1,2025-07-29,US,BED03,3,59.99,0.15,New,Organic,Linen duvet 3,Bedding,15297,shopify-2025-07.csv,412
Shopify,N00624,1,2025-07-29,US,STO02,3,79.99,0.15,New,Paid search,Woven basket 2,Storage,20397,shopify-2025-07.csv,413
Shopify,N00625,1,2025-07-29,DE,STO01,2,79.99,0.15,New,Organic,Woven basket 1,Storage,13598,shopify-2025-07.csv,414
Shopify,N00626,1,2025-07-29,US,KIT04,3,14.99,0,New,Paid search,Ceramic bowl 4,Kitchen,4497,shopify-2025-07.csv,415
Shopify,N00627,1,2025-07-29,CA,LIG01,1,39.99,0,New,Direct,Desk lamp 1,Lighting,3999,shopify-2025-07.csv,416
Shopify,N00639,1,2025-07-30,US,STO02,1,14.99,0,New,Organic,Woven basket 2,Storage,1499,shopify-2025-07.csv,417
Shopify,N00640,1,2025-07-30,US,DEC03,3,59.99,0,New,Organic,Oak frame 3,Decor,17997,shopify-2025-07.csv,418
Shopify,N00641,1,2025-07-30,UK,STO01,3,24.99,0.1,New,Marketplace,Woven basket 1,Storage,6747,shopify-2025-07.csv,419
Shopify,N00641,2,2025-07-30,UK,KIT02,2,39.99,0,New,Marketplace,Ceramic bowl 2,Kitchen,7998,shopify-2025-07.csv,420
Shopify,N00642,1,2025-07-30,US,LIG03,3,39.99,0,New,Email,Desk lamp 3,Lighting,11997,shopify-2025-07.csv,421
Shopify,N00643,1,2025-07-30,US,STO04,2,14.99,0,New,Organic,Woven basket 4,Storage,2998,shopify-2025-07.csv,422
Shopify,N00643,2,2025-07-30,US,LIG01,3,59.99,0,New,Organic,Desk lamp 1,Lighting,17997,shopify-2025-07.csv,423
Shopify,N00644,1,2025-07-30,US,KIT03,3,24.99,0.1,New,Organic,Ceramic bowl 3,Kitchen,6747,shopify-2025-07.csv,424
Shopify,N00645,1,2025-07-30,US,STO04,3,59.99,0,Returning,Email,Woven basket 4,Storage,17997,shopify-2025-07.csv,425
Shopify,N00645,2,2025-07-30,US,DEC03,3,14.99,0.15,Returning,Email,Oak frame 3,Decor,3822,shopify-2025-07.csv,426
Shopify,N00646,1,2025-07-30,CA,LIG04,1,14.99,0,Returning,Paid search,Desk lamp 4,Lighting,1499,shopify-2025-07.csv,427
Shopify,N00647,1,2025-07-30,UK,DEC02,1,24.99,0.1,Returning,Direct,Oak frame 2,Decor,2249,shopify-2025-07.csv,428
Shopify,N00648,1,2025-07-30,UK,DEC04,1,59.99,0.1,New,Organic,Oak frame 4,Decor,5399,shopify-2025-07.csv,429
Shopify,N00649,1,2025-07-30,US,DEC03,2,14.99,0.1,New,Direct,Oak frame 3,Decor,2698,shopify-2025-07.csv,430
Shopify,N00661,1,2025-07-31,DE,KIT04,3,59.99,0.15,New,Paid search,Ceramic bowl 4,Kitchen,15297,shopify-2025-07.csv,431
Shopify,N00662,1,2025-07-31,CA,LIG01,3,39.99,0,Returning,Organic,Desk lamp 1,Lighting,11997,shopify-2025-07.csv,432
Shopify,N00662,2,2025-07-31,CA,DEC03,2,59.99,0,Returning,Organic,Oak frame 3,Decor,11998,shopify-2025-07.csv,433
Shopify,N00663,1,2025-07-31,US,DEC01,2,79.99,0.15,Returning,Marketplace,Oak frame 1,Decor,13598,shopify-2025-07.csv,434
Shopify,N00664,1,2025-07-31,DE,BED03,1,59.99,0.15,Returning,Marketplace,Linen duvet 3,Bedding,5099,shopify-2025-07.csv,435
Shopify,N00665,1,2025-07-31,UK,STO02,2,24.99,0,New,Email,Woven basket 2,Storage,4998,shopify-2025-07.csv,436
Shopify,N00665,2,2025-07-31,UK,BED01,2,59.99,0.1,New,Email,Linen duvet 1,Bedding,10798,shopify-2025-07.csv,437
Shopify,N00666,1,2025-07-31,DE,KIT04,3,59.99,0.15,Returning,Organic,Ceramic bowl 4,Kitchen,15297,shopify-2025-07.csv,438
Shopify,N00666,2,2025-07-31,DE,KIT03,1,14.99,0.15,Returning,Organic,Ceramic bowl 3,Kitchen,1274,shopify-2025-07.csv,439
Shopify,N00667,1,2025-07-31,UK,DEC01,3,39.99,0,Returning,Email,Oak frame 1,Decor,11997,shopify-2025-07.csv,440
Shopify,N00667,2,2025-07-31,UK,KIT03,2,79.99,0.1,Returning,Email,Ceramic bowl 3,Kitchen,14398,shopify-2025-07.csv,441
Shopify,N00668,1,2025-07-31,UK,LIG03,2,39.99,0.1,New,Paid search,Desk lamp 3,Lighting,7198,shopify-2025-07.csv,442
Shopify,N00669,1,2025-07-31,US,DEC04,3,14.99,0.15,New,Email,Oak frame 4,Decor,3822,shopify-2025-07.csv,443
Shopify,N00670,1,2025-07-31,US,KIT04,2,39.99,0,New,Direct,Ceramic bowl 4,Kitchen,7998,shopify-2025-07.csv,444
Shopify,N00671,1,2025-07-31,US,STO02,2,79.99,0,Returning,Organic,Woven basket 2,Storage,15998,shopify-2025-07.csv,445
Shopify,N00671,2,2025-07-31,US,DEC03,1,59.99,0,Returning,Organic,Oak frame 3,Decor,5999,shopify-2025-07.csv,446
Shopify,N00683,1,2025-08-01,UK,DEC04,3,59.99,0,New,Direct,Oak frame 4,Decor,17997,shopify-2025-08.csv,2
Shopify,N00684,1,2025-08-01,CA,BED03,1,39.99,0,New,Paid search,Linen duvet 3,Bedding,3999,shopify-2025-08.csv,3
Shopify,N00685,1,2025-08-01,CA,LIG04,3,39.99,0.15,New,Direct,Desk lamp 4,Lighting,10197,shopify-2025-08.csv,4
Shopify,N00686,1,2025-08-01,US,DEC01,2,39.99,0.15,New,Paid search,Oak frame 1,Decor,6798,shopify-2025-08.csv,5
Shopify,N00686,2,2025-08-01,US,LIG04,3,59.99,0.1,New,Paid search,Desk lamp 4,Lighting,16197,shopify-2025-08.csv,6
Shopify,N00687,1,2025-08-01,UK,KIT03,1,59.99,0,New,Direct,Ceramic bowl 3,Kitchen,5999,shopify-2025-08.csv,7
Shopify,N00687,2,2025-08-01,UK,BED02,2,14.99,0,New,Direct,Linen duvet 2,Bedding,2998,shopify-2025-08.csv,8
Shopify,N00688,1,2025-08-01,UK,LIG03,2,79.99,0.15,Returning,Organic,Desk lamp 3,Lighting,13598,shopify-2025-08.csv,9
Shopify,N00689,1,2025-08-01,CA,LIG03,1,39.99,0,Returning,Marketplace,Desk lamp 3,Lighting,3999,shopify-2025-08.csv,10
Shopify,N00689,2,2025-08-01,CA,LIG04,2,14.99,0,Returning,Marketplace,Desk lamp 4,Lighting,2998,shopify-2025-08.csv,11
Shopify,N00690,1,2025-08-01,US,BED03,1,59.99,0,New,Organic,Linen duvet 3,Bedding,5999,shopify-2025-08.csv,12
Shopify,N00691,1,2025-08-01,DE,LIG03,1,79.99,0.1,New,Organic,Desk lamp 3,Lighting,7199,shopify-2025-08.csv,13
Shopify,N00692,1,2025-08-01,US,DEC04,2,39.99,0,Returning,Email,Oak frame 4,Decor,7998,shopify-2025-08.csv,14
Shopify,N00693,1,2025-08-01,DE,KIT02,1,14.99,0.15,New,Email,Ceramic bowl 2,Kitchen,1274,shopify-2025-08.csv,15
Shopify,N00705,1,2025-08-02,US,LIG01,1,14.99,0,New,Direct,Desk lamp 1,Lighting,1499,shopify-2025-08.csv,16
Shopify,N00706,1,2025-08-02,UK,KIT02,1,39.99,0,Returning,Organic,Ceramic bowl 2,Kitchen,3999,shopify-2025-08.csv,17
Shopify,N00707,1,2025-08-02,UK,STO01,3,79.99,0,Returning,Marketplace,Woven basket 1,Storage,23997,shopify-2025-08.csv,18
Shopify,N00708,1,2025-08-02,DE,DEC03,2,39.99,0,Returning,Paid search,Oak frame 3,Decor,7998,shopify-2025-08.csv,19
Shopify,N00708,2,2025-08-02,DE,KIT02,3,39.99,0,Returning,Paid search,Ceramic bowl 2,Kitchen,11997,shopify-2025-08.csv,20
Shopify,N00709,1,2025-08-02,UK,LIG02,1,39.99,0.1,Returning,Direct,Desk lamp 2,Lighting,3599,shopify-2025-08.csv,21
Shopify,N00710,1,2025-08-02,US,KIT01,3,79.99,0,New,Direct,Ceramic bowl 1,Kitchen,23997,shopify-2025-08.csv,22
Shopify,N00711,1,2025-08-02,CA,KIT01,1,79.99,0.15,New,Organic,Ceramic bowl 1,Kitchen,6799,shopify-2025-08.csv,23
Shopify,N00711,2,2025-08-02,CA,LIG03,1,14.99,0.1,New,Organic,Desk lamp 3,Lighting,1349,shopify-2025-08.csv,24
Shopify,N00712,1,2025-08-02,US,BED01,1,14.99,0.1,Returning,Marketplace,Linen duvet 1,Bedding,1349,shopify-2025-08.csv,25
Shopify,N00712,2,2025-08-02,US,LIG01,3,24.99,0,Returning,Marketplace,Desk lamp 1,Lighting,7497,shopify-2025-08.csv,26
Shopify,N00713,1,2025-08-02,DE,LIG03,1,24.99,0.1,Returning,Email,Desk lamp 3,Lighting,2249,shopify-2025-08.csv,27
Shopify,N00714,1,2025-08-02,DE,STO03,3,39.99,0,New,Direct,Woven basket 3,Storage,11997,shopify-2025-08.csv,28
Shopify,N00715,1,2025-08-02,US,DEC03,1,14.99,0,New,Organic,Oak frame 3,Decor,1499,shopify-2025-08.csv,29
Shopify,N00727,1,2025-08-03,UK,BED04,1,14.99,0.15,Returning,Direct,Linen duvet 4,Bedding,1274,shopify-2025-08.csv,30
Shopify,N00727,2,2025-08-03,UK,STO03,3,59.99,0.1,Returning,Direct,Woven basket 3,Storage,16197,shopify-2025-08.csv,31
Shopify,N00728,1,2025-08-03,DE,DEC01,2,14.99,0.15,New,Direct,Oak frame 1,Decor,2548,shopify-2025-08.csv,32
Shopify,N00729,1,2025-08-03,US,DEC02,2,39.99,0.1,New,Organic,Oak frame 2,Decor,7198,shopify-2025-08.csv,33
Shopify,N00730,1,2025-08-03,US,LIG03,2,24.99,0,New,Paid search,Desk lamp 3,Lighting,4998,shopify-2025-08.csv,34
Shopify,N00731,1,2025-08-03,CA,BED02,2,14.99,0.1,New,Direct,Linen duvet 2,Bedding,2698,shopify-2025-08.csv,35
Shopify,N00732,1,2025-08-03,US,KIT01,2,59.99,0.1,Returning,Paid search,Ceramic bowl 1,Kitchen,10798,shopify-2025-08.csv,36
Shopify,N00733,1,2025-08-03,US,KIT01,3,59.99,0.15,Returning,Organic,Ceramic bowl 1,Kitchen,15297,shopify-2025-08.csv,37
Shopify,N00733,2,2025-08-03,US,DEC01,1,24.99,0,Returning,Organic,Oak frame 1,Decor,2499,shopify-2025-08.csv,38
Shopify,N00734,1,2025-08-03,UK,DEC02,1,59.99,0,Returning,Email,Oak frame 2,Decor,5999,shopify-2025-08.csv,39
Shopify,N00735,1,2025-08-03,UK,STO02,3,14.99,0.15,New,Organic,Woven basket 2,Storage,3822,shopify-2025-08.csv,40
Shopify,N00736,1,2025-08-03,CA,BED03,3,59.99,0,New,Marketplace,Linen duvet 3,Bedding,17997,shopify-2025-08.csv,41
Shopify,N00737,1,2025-08-03,US,DEC02,1,79.99,0,New,Direct,Oak frame 2,Decor,7999,shopify-2025-08.csv,42
Shopify,N00737,2,2025-08-03,US,DEC01,3,14.99,0.15,New,Direct,Oak frame 1,Decor,3822,shopify-2025-08.csv,43
Shopify,N00749,1,2025-08-04,CA,KIT02,2,24.99,0.15,New,Paid search,Ceramic bowl 2,Kitchen,4248,shopify-2025-08.csv,44
Shopify,N00750,1,2025-08-04,CA,BED03,1,14.99,0.15,New,Organic,Linen duvet 3,Bedding,1274,shopify-2025-08.csv,45
Shopify,N00751,1,2025-08-04,UK,DEC03,2,39.99,0.15,New,Email,Oak frame 3,Decor,6798,shopify-2025-08.csv,46
Shopify,N00751,2,2025-08-04,UK,KIT03,1,39.99,0,New,Email,Ceramic bowl 3,Kitchen,3999,shopify-2025-08.csv,47
Shopify,N00752,1,2025-08-04,US,KIT02,2,39.99,0,New,Paid search,Ceramic bowl 2,Kitchen,7998,shopify-2025-08.csv,48
Shopify,N00753,1,2025-08-04,CA,DEC01,1,14.99,0.1,New,Organic,Oak frame 1,Decor,1349,shopify-2025-08.csv,49
Shopify,N00754,1,2025-08-04,UK,BED03,1,39.99,0.1,Returning,Organic,Linen duvet 3,Bedding,3599,shopify-2025-08.csv,50
Shopify,N00754,2,2025-08-04,UK,BED04,1,14.99,0.15,Returning,Organic,Linen duvet 4,Bedding,1274,shopify-2025-08.csv,51
Shopify,N00755,1,2025-08-04,DE,KIT04,2,24.99,0,New,Direct,Ceramic bowl 4,Kitchen,4998,shopify-2025-08.csv,52
Shopify,N00755,2,2025-08-04,DE,KIT04,2,79.99,0.1,New,Direct,Ceramic bowl 4,Kitchen,14398,shopify-2025-08.csv,53
Shopify,N00756,1,2025-08-04,CA,DEC03,2,59.99,0.1,Returning,Organic,Oak frame 3,Decor,10798,shopify-2025-08.csv,54
Shopify,N00757,1,2025-08-04,CA,KIT04,3,79.99,0.15,New,Marketplace,Ceramic bowl 4,Kitchen,20397,shopify-2025-08.csv,55
Shopify,N00758,1,2025-08-04,US,LIG04,2,79.99,0.15,Returning,Paid search,Desk lamp 4,Lighting,13598,shopify-2025-08.csv,56
Shopify,N00758,2,2025-08-04,US,LIG02,2,14.99,0,Returning,Paid search,Desk lamp 2,Lighting,2998,shopify-2025-08.csv,57
Shopify,N00759,1,2025-08-04,CA,STO02,2,14.99,0,Returning,Marketplace,Woven basket 2,Storage,2998,shopify-2025-08.csv,58
Shopify,N00771,1,2025-08-05,CA,DEC01,2,39.99,0,New,Marketplace,Oak frame 1,Decor,7998,shopify-2025-08.csv,59
Shopify,N00771,2,2025-08-05,CA,DEC03,1,59.99,0,New,Marketplace,Oak frame 3,Decor,5999,shopify-2025-08.csv,60
Shopify,N00772,1,2025-08-05,DE,LIG04,2,59.99,0,New,Marketplace,Desk lamp 4,Lighting,11998,shopify-2025-08.csv,61
Shopify,N00773,1,2025-08-05,UK,STO02,3,14.99,0,Returning,Direct,Woven basket 2,Storage,4497,shopify-2025-08.csv,62
Shopify,N00774,1,2025-08-05,US,KIT04,2,24.99,0,Returning,Email,Ceramic bowl 4,Kitchen,4998,shopify-2025-08.csv,63
Shopify,N00775,1,2025-08-05,CA,STO01,3,59.99,0,New,Direct,Woven basket 1,Storage,17997,shopify-2025-08.csv,64
Shopify,N00775,2,2025-08-05,CA,KIT02,1,14.99,0.15,New,Direct,Ceramic bowl 2,Kitchen,1274,shopify-2025-08.csv,65
Shopify,N00776,1,2025-08-05,US,KIT04,1,79.99,0.1,Returning,Email,Ceramic bowl 4,Kitchen,7199,shopify-2025-08.csv,66
Shopify,N00777,1,2025-08-05,US,DEC03,3,79.99,0.15,New,Marketplace,Oak frame 3,Decor,20397,shopify-2025-08.csv,67
Shopify,N00777,2,2025-08-05,US,LIG03,2,39.99,0,New,Marketplace,Desk lamp 3,Lighting,7998,shopify-2025-08.csv,68
Shopify,N00778,1,2025-08-05,DE,BED01,3,14.99,0.15,New,Paid search,Linen duvet 1,Bedding,3822,shopify-2025-08.csv,69
Shopify,N00778,2,2025-08-05,DE,STO02,3,39.99,0,New,Paid search,Woven basket 2,Storage,11997,shopify-2025-08.csv,70
Shopify,N00779,1,2025-08-05,US,KIT03,1,24.99,0.15,New,Paid search,Ceramic bowl 3,Kitchen,2124,shopify-2025-08.csv,71
Shopify,N00779,2,2025-08-05,US,KIT01,3,79.99,0,New,Paid search,Ceramic bowl 1,Kitchen,23997,shopify-2025-08.csv,72
Shopify,N00780,1,2025-08-05,DE,KIT01,1,14.99,0.1,Returning,Direct,Ceramic bowl 1,Kitchen,1349,shopify-2025-08.csv,73
Shopify,N00781,1,2025-08-05,UK,LIG03,3,39.99,0.15,New,Marketplace,Desk lamp 3,Lighting,10197,shopify-2025-08.csv,74
Shopify,N00793,1,2025-08-06,CA,KIT02,1,39.99,0,Returning,Organic,Ceramic bowl 2,Kitchen,3999,shopify-2025-08.csv,75
Shopify,N00794,1,2025-08-06,US,STO03,3,14.99,0.15,New,Direct,Woven basket 3,Storage,3822,shopify-2025-08.csv,76
Shopify,N00795,1,2025-08-06,DE,STO04,2,24.99,0,Returning,Paid search,Woven basket 4,Storage,4998,shopify-2025-08.csv,77
Shopify,N00795,2,2025-08-06,DE,DEC01,2,24.99,0,Returning,Paid search,Oak frame 1,Decor,4998,shopify-2025-08.csv,78
Shopify,N00796,1,2025-08-06,US,LIG01,3,14.99,0.15,New,Email,Desk lamp 1,Lighting,3822,shopify-2025-08.csv,79
Shopify,N00796,2,2025-08-06,US,BED01,3,39.99,0.15,New,Email,Linen duvet 1,Bedding,10197,shopify-2025-08.csv,80
Shopify,N00797,1,2025-08-06,US,DEC04,1,14.99,0.1,New,Organic,Oak frame 4,Decor,1349,shopify-2025-08.csv,81
Shopify,N00798,1,2025-08-06,UK,LIG02,3,14.99,0.15,New,Marketplace,Desk lamp 2,Lighting,3822,shopify-2025-08.csv,82
Shopify,N00799,1,2025-08-06,DE,BED02,3,59.99,0.15,New,Direct,Linen duvet 2,Bedding,15297,shopify-2025-08.csv,83
Shopify,N00800,1,2025-08-06,US,BED03,1,39.99,0.1,New,Organic,Linen duvet 3,Bedding,3599,shopify-2025-08.csv,84
Shopify,N00801,1,2025-08-06,US,BED02,3,24.99,0,New,Marketplace,Linen duvet 2,Bedding,7497,shopify-2025-08.csv,85
Shopify,N00802,1,2025-08-06,US,BED03,2,39.99,0.1,New,Marketplace,Linen duvet 3,Bedding,7198,shopify-2025-08.csv,86
Shopify,N00802,2,2025-08-06,US,DEC04,3,39.99,0.15,New,Marketplace,Oak frame 4,Decor,10197,shopify-2025-08.csv,87
Shopify,N00803,1,2025-08-06,CA,DEC04,2,39.99,0,New,Direct,Oak frame 4,Decor,7998,shopify-2025-08.csv,88
Shopify,N00815,1,2025-08-07,DE,LIG02,2,24.99,0,Returning,Marketplace,Desk lamp 2,Lighting,4998,shopify-2025-08.csv,89
Shopify,N00815,2,2025-08-07,DE,BED01,3,14.99,0,Returning,Marketplace,Linen duvet 1,Bedding,4497,shopify-2025-08.csv,90
Shopify,N00816,1,2025-08-07,UK,LIG03,3,24.99,0,New,Direct,Desk lamp 3,Lighting,7497,shopify-2025-08.csv,91
Shopify,N00817,1,2025-08-07,UK,BED03,3,59.99,0,New,Organic,Linen duvet 3,Bedding,17997,shopify-2025-08.csv,92
Shopify,N00818,1,2025-08-07,US,KIT02,1,24.99,0.15,New,Organic,Ceramic bowl 2,Kitchen,2124,shopify-2025-08.csv,93
Shopify,N00818,2,2025-08-07,US,KIT01,1,39.99,0,New,Organic,Ceramic bowl 1,Kitchen,3999,shopify-2025-08.csv,94
Shopify,N00819,1,2025-08-07,US,BED04,1,14.99,0.1,New,Organic,Linen duvet 4,Bedding,1349,shopify-2025-08.csv,95
Shopify,N00819,2,2025-08-07,US,DEC01,2,14.99,0.1,New,Organic,Oak frame 1,Decor,2698,shopify-2025-08.csv,96
Shopify,N00820,1,2025-08-07,US,LIG04,2,24.99,0,New,Direct,Desk lamp 4,Lighting,4998,shopify-2025-08.csv,97
Shopify,N00821,1,2025-08-07,DE,BED03,2,14.99,0.15,Returning,Direct,Linen duvet 3,Bedding,2548,shopify-2025-08.csv,98
Shopify,N00822,1,2025-08-07,US,BED02,2,14.99,0.15,New,Paid search,Linen duvet 2,Bedding,2548,shopify-2025-08.csv,99
Shopify,N00823,1,2025-08-07,CA,KIT03,1,79.99,0,Returning,Marketplace,Ceramic bowl 3,Kitchen,7999,shopify-2025-08.csv,100
Shopify,N00824,1,2025-08-07,UK,KIT01,3,24.99,0,New,Marketplace,Ceramic bowl 1,Kitchen,7497,shopify-2025-08.csv,101
Shopify,N00824,2,2025-08-07,UK,DEC01,2,39.99,0.15,New,Marketplace,Oak frame 1,Decor,6798,shopify-2025-08.csv,102
Shopify,N00825,1,2025-08-07,CA,STO04,2,39.99,0.1,New,Paid search,Woven basket 4,Storage,7198,shopify-2025-08.csv,103
Shopify,N00825,2,2025-08-07,CA,BED01,1,14.99,0,New,Paid search,Linen duvet 1,Bedding,1499,shopify-2025-08.csv,104
Shopify,N00837,1,2025-08-08,UK,STO01,3,79.99,0.15,Returning,Email,Woven basket 1,Storage,20397,shopify-2025-08.csv,105
Shopify,N00838,1,2025-08-08,CA,STO04,2,79.99,0.15,Returning,Marketplace,Woven basket 4,Storage,13598,shopify-2025-08.csv,106
Shopify,N00839,1,2025-08-08,US,DEC01,3,59.99,0.1,New,Direct,Oak frame 1,Decor,16197,shopify-2025-08.csv,107
Shopify,N00840,1,2025-08-08,DE,DEC03,3,79.99,0.15,Returning,Paid search,Oak frame 3,Decor,20397,shopify-2025-08.csv,108
Shopify,N00841,1,2025-08-08,CA,STO03,1,24.99,0,New,Email,Woven basket 3,Storage,2499,shopify-2025-08.csv,109
Shopify,N00841,2,2025-08-08,CA,DEC02,2,59.99,0,New,Email,Oak frame 2,Decor,11998,shopify-2025-08.csv,110
Shopify,N00842,1,2025-08-08,US,LIG04,3,39.99,0.1,New,Paid search,Desk lamp 4,Lighting,10797,shopify-2025-08.csv,111
Shopify,N00843,1,2025-08-08,UK,BED04,1,24.99,0,New,Marketplace,Linen duvet 4,Bedding,2499,shopify-2025-08.csv,112
Shopify,N00843,2,2025-08-08,UK,STO04,1,59.99,0.15,New,Marketplace,Woven basket 4,Storage,5099,shopify-2025-08.csv,113
Shopify,N00844,1,2025-08-08,US,STO01,1,39.99,0,New,Marketplace,Woven basket 1,Storage,3999,shopify-2025-08.csv,114
Shopify,N00845,1,2025-08-08,CA,KIT01,2,39.99,0,Returning,Marketplace,Ceramic bowl 1,Kitchen,7998,shopify-2025-08.csv,115
Shopify,N00846,1,2025-08-08,US,DEC02,2,79.99,0.1,New,Direct,Oak frame 2,Decor,14398,shopify-2025-08.csv,116
Shopify,N00847,1,2025-08-08,CA,LIG03,2,79.99,0,New,Direct,Desk lamp 3,Lighting,15998,shopify-2025-08.csv,117
Shopify,N00847,2,2025-08-08,CA,STO04,2,14.99,0.1,New,Direct,Woven basket 4,Storage,2698,shopify-2025-08.csv,118
Shopify,N00859,1,2025-08-09,US,DEC01,2,79.99,0.15,Returning,Marketplace,Oak frame 1,Decor,13598,shopify-2025-08.csv,119
Shopify,N00860,1,2025-08-09,US,DEC01,3,14.99,0.1,Returning,Email,Oak frame 1,Decor,4047,shopify-2025-08.csv,120
Shopify,N00860,2,2025-08-09,US,STO03,1,39.99,0,Returning,Email,Woven basket 3,Storage,3999,shopify-2025-08.csv,121
Shopify,N00861,1,2025-08-09,CA,KIT01,1,39.99,0,Returning,Email,Ceramic bowl 1,Kitchen,3999,shopify-2025-08.csv,122
Shopify,N00861,2,2025-08-09,CA,STO01,2,79.99,0.1,Returning,Email,Woven basket 1,Storage,14398,shopify-2025-08.csv,123
Shopify,N00862,1,2025-08-09,DE,LIG02,1,79.99,0.1,New,Paid search,Desk lamp 2,Lighting,7199,shopify-2025-08.csv,124
Shopify,N00863,1,2025-08-09,UK,STO01,1,14.99,0.15,Returning,Organic,Woven basket 1,Storage,1274,shopify-2025-08.csv,125
Shopify,N00864,1,2025-08-09,US,DEC03,2,24.99,0,New,Marketplace,Oak frame 3,Decor,4998,shopify-2025-08.csv,126
Shopify,N00865,1,2025-08-09,CA,BED04,2,59.99,0,New,Email,Linen duvet 4,Bedding,11998,shopify-2025-08.csv,127
Shopify,N00865,2,2025-08-09,CA,LIG02,1,79.99,0.15,New,Email,Desk lamp 2,Lighting,6799,shopify-2025-08.csv,128
Shopify,N00866,1,2025-08-09,CA,KIT02,2,39.99,0.1,Returning,Paid search,Ceramic bowl 2,Kitchen,7198,shopify-2025-08.csv,129
Shopify,N00867,1,2025-08-09,UK,STO03,1,79.99,0.1,New,Direct,Woven basket 3,Storage,7199,shopify-2025-08.csv,130
Shopify,N00868,1,2025-08-09,US,KIT02,2,79.99,0.1,Returning,Organic,Ceramic bowl 2,Kitchen,14398,shopify-2025-08.csv,131
Shopify,N00869,1,2025-08-09,UK,DEC04,3,79.99,0,Returning,Organic,Oak frame 4,Decor,23997,shopify-2025-08.csv,132
Shopify,N00881,1,2025-08-10,US,DEC04,2,14.99,0,Returning,Direct,Oak frame 4,Decor,2998,shopify-2025-08.csv,133
Shopify,N00882,1,2025-08-10,DE,LIG02,1,79.99,0.15,New,Marketplace,Desk lamp 2,Lighting,6799,shopify-2025-08.csv,134
Shopify,N00882,2,2025-08-10,DE,KIT02,3,79.99,0,New,Marketplace,Ceramic bowl 2,Kitchen,23997,shopify-2025-08.csv,135
Shopify,N00883,1,2025-08-10,US,BED03,1,24.99,0,New,Paid search,Linen duvet 3,Bedding,2499,shopify-2025-08.csv,136
Shopify,N00883,2,2025-08-10,US,KIT04,3,14.99,0,New,Paid search,Ceramic bowl 4,Kitchen,4497,shopify-2025-08.csv,137
Shopify,N00884,1,2025-08-10,DE,STO01,2,24.99,0,New,Organic,Woven basket 1,Storage,4998,shopify-2025-08.csv,138
Shopify,N00884,2,2025-08-10,DE,DEC03,2,39.99,0,New,Organic,Oak frame 3,Decor,7998,shopify-2025-08.csv,139
Shopify,N00885,1,2025-08-10,CA,BED04,2,39.99,0.15,New,Paid search,Linen duvet 4,Bedding,6798,shopify-2025-08.csv,140
Shopify,N00885,2,2025-08-10,CA,LIG04,2,79.99,0.1,New,Paid search,Desk lamp 4,Lighting,14398,shopify-2025-08.csv,141
Shopify,N00886,1,2025-08-10,CA,DEC04,1,59.99,0.1,Returning,Email,Oak frame 4,Decor,5399,shopify-2025-08.csv,142
Shopify,N00886,2,2025-08-10,CA,LIG01,2,79.99,0.1,Returning,Email,Desk lamp 1,Lighting,14398,shopify-2025-08.csv,143
Shopify,N00887,1,2025-08-10,DE,STO02,3,59.99,0,Returning,Direct,Woven basket 2,Storage,17997,shopify-2025-08.csv,144
Shopify,N00887,2,2025-08-10,DE,LIG03,2,79.99,0,Returning,Direct,Desk lamp 3,Lighting,15998,shopify-2025-08.csv,145
Shopify,N00888,1,2025-08-10,CA,STO02,2,39.99,0.1,New,Marketplace,Woven basket 2,Storage,7198,shopify-2025-08.csv,146
Shopify,N00888,2,2025-08-10,CA,BED02,2,59.99,0,New,Marketplace,Linen duvet 2,Bedding,11998,shopify-2025-08.csv,147
Shopify,N00889,1,2025-08-10,UK,LIG04,2,59.99,0,New,Email,Desk lamp 4,Lighting,11998,shopify-2025-08.csv,148
Shopify,N00890,1,2025-08-10,US,BED01,3,14.99,0.15,Returning,Direct,Linen duvet 1,Bedding,3822,shopify-2025-08.csv,149
Shopify,N00891,1,2025-08-10,DE,BED01,3,24.99,0.15,New,Paid search,Linen duvet 1,Bedding,6372,shopify-2025-08.csv,150
Shopify,N00903,1,2025-08-11,UK,DEC04,3,14.99,0.1,Returning,Direct,Oak frame 4,Decor,4047,shopify-2025-08.csv,151
Shopify,N00904,1,2025-08-11,DE,DEC03,2,39.99,0,Returning,Marketplace,Oak frame 3,Decor,7998,shopify-2025-08.csv,152
Shopify,N00904,2,2025-08-11,DE,LIG02,2,24.99,0,Returning,Marketplace,Desk lamp 2,Lighting,4998,shopify-2025-08.csv,153
Shopify,N00905,1,2025-08-11,DE,BED03,3,14.99,0,New,Paid search,Linen duvet 3,Bedding,4497,shopify-2025-08.csv,154
Shopify,N00905,2,2025-08-11,DE,DEC01,1,79.99,0,New,Paid search,Oak frame 1,Decor,7999,shopify-2025-08.csv,155
Shopify,N00906,1,2025-08-11,US,STO01,1,79.99,0,Returning,Email,Woven basket 1,Storage,7999,shopify-2025-08.csv,156
Shopify,N00907,1,2025-08-11,UK,STO02,3,24.99,0.15,New,Email,Woven basket 2,Storage,6372,shopify-2025-08.csv,157
Shopify,N00908,1,2025-08-11,CA,LIG02,3,24.99,0.1,Returning,Direct,Desk lamp 2,Lighting,6747,shopify-2025-08.csv,158
Shopify,N00909,1,2025-08-11,US,KIT01,1,14.99,0.1,Returning,Organic,Ceramic bowl 1,Kitchen,1349,shopify-2025-08.csv,159
Shopify,N00909,2,2025-08-11,US,BED02,3,24.99,0,Returning,Organic,Linen duvet 2,Bedding,7497,shopify-2025-08.csv,160
Shopify,N00910,1,2025-08-11,CA,DEC02,3,14.99,0.1,New,Email,Oak frame 2,Decor,4047,shopify-2025-08.csv,161
Shopify,N00911,1,2025-08-11,US,BED02,2,14.99,0,New,Paid search,Linen duvet 2,Bedding,2998,shopify-2025-08.csv,162
Shopify,N00912,1,2025-08-11,US,BED01,2,14.99,0,Returning,Organic,Linen duvet 1,Bedding,2998,shopify-2025-08.csv,163
Shopify,N00912,2,2025-08-11,US,DEC02,3,79.99,0,Returning,Organic,Oak frame 2,Decor,23997,shopify-2025-08.csv,164
Shopify,N00913,1,2025-08-11,DE,STO03,1,79.99,0.15,New,Paid search,Woven basket 3,Storage,6799,shopify-2025-08.csv,165
Shopify,N00925,1,2025-08-12,DE,BED01,2,14.99,0.1,Returning,Marketplace,Linen duvet 1,Bedding,2698,shopify-2025-08.csv,166
Shopify,N00926,1,2025-08-12,CA,LIG01,3,79.99,0,Returning,Organic,Desk lamp 1,Lighting,23997,shopify-2025-08.csv,167
Shopify,N00926,2,2025-08-12,CA,BED04,1,24.99,0,Returning,Organic,Linen duvet 4,Bedding,2499,shopify-2025-08.csv,168
Shopify,N00927,1,2025-08-12,DE,KIT03,3,14.99,0.1,Returning,Direct,Ceramic bowl 3,Kitchen,4047,shopify-2025-08.csv,169
Shopify,N00928,1,2025-08-12,US,BED01,1,39.99,0,New,Direct,Linen duvet 1,Bedding,3999,shopify-2025-08.csv,170
Shopify,N00928,2,2025-08-12,US,BED03,3,14.99,0,New,Direct,Linen duvet 3,Bedding,4497,shopify-2025-08.csv,171
Shopify,N00929,1,2025-08-12,CA,STO03,3,24.99,0,New,Marketplace,Woven basket 3,Storage,7497,shopify-2025-08.csv,172
Shopify,N00930,1,2025-08-12,DE,BED04,1,59.99,0.1,Returning,Email,Linen duvet 4,Bedding,5399,shopify-2025-08.csv,173
Shopify,N00931,1,2025-08-12,US,BED03,3,79.99,0,New,Paid search,Linen duvet 3,Bedding,23997,shopify-2025-08.csv,174
Shopify,N00931,2,2025-08-12,US,STO01,1,59.99,0,New,Paid search,Woven basket 1,Storage,5999,shopify-2025-08.csv,175
Shopify,N00932,1,2025-08-12,US,KIT03,3,79.99,0,New,Paid search,Ceramic bowl 3,Kitchen,23997,shopify-2025-08.csv,176
Shopify,N00933,1,2025-08-12,US,LIG03,1,79.99,0,Returning,Email,Desk lamp 3,Lighting,7999,shopify-2025-08.csv,177
Shopify,N00934,1,2025-08-12,US,DEC03,1,24.99,0.15,New,Organic,Oak frame 3,Decor,2124,shopify-2025-08.csv,178
Shopify,N00935,1,2025-08-12,DE,STO01,1,14.99,0,New,Marketplace,Woven basket 1,Storage,1499,shopify-2025-08.csv,179
Shopify,N00935,2,2025-08-12,DE,DEC02,1,14.99,0.15,New,Marketplace,Oak frame 2,Decor,1274,shopify-2025-08.csv,180
Shopify,N00947,1,2025-08-13,CA,BED01,3,39.99,0.1,New,Paid search,Linen duvet 1,Bedding,10797,shopify-2025-08.csv,181
Shopify,N00947,2,2025-08-13,CA,KIT03,1,59.99,0.1,New,Paid search,Ceramic bowl 3,Kitchen,5399,shopify-2025-08.csv,182
Shopify,N00948,1,2025-08-13,US,KIT01,3,59.99,0.1,Returning,Email,Ceramic bowl 1,Kitchen,16197,shopify-2025-08.csv,183
Shopify,N00949,1,2025-08-13,DE,KIT03,3,24.99,0,Returning,Marketplace,Ceramic bowl 3,Kitchen,7497,shopify-2025-08.csv,184
Shopify,N00950,1,2025-08-13,UK,LIG01,1,59.99,0,New,Marketplace,Desk lamp 1,Lighting,5999,shopify-2025-08.csv,185
Shopify,N00951,1,2025-08-13,UK,DEC04,3,59.99,0.1,Returning,Email,Oak frame 4,Decor,16197,shopify-2025-08.csv,186
Shopify,N00952,1,2025-08-13,DE,STO04,2,79.99,0.1,New,Direct,Woven basket 4,Storage,14398,shopify-2025-08.csv,187
Shopify,N00952,2,2025-08-13,DE,STO01,2,59.99,0,New,Direct,Woven basket 1,Storage,11998,shopify-2025-08.csv,188
Shopify,N00953,1,2025-08-13,CA,STO03,2,24.99,0.15,New,Email,Woven basket 3,Storage,4248,shopify-2025-08.csv,189
Shopify,N00954,1,2025-08-13,CA,LIG04,2,24.99,0.15,New,Paid search,Desk lamp 4,Lighting,4248,shopify-2025-08.csv,190
Shopify,N00954,2,2025-08-13,CA,DEC02,3,14.99,0,New,Paid search,Oak frame 2,Decor,4497,shopify-2025-08.csv,191
Shopify,N00955,1,2025-08-13,US,STO03,3,14.99,0.15,Returning,Paid search,Woven basket 3,Storage,3822,shopify-2025-08.csv,192
Shopify,N00956,1,2025-08-13,US,KIT03,1,79.99,0.15,New,Email,Ceramic bowl 3,Kitchen,6799,shopify-2025-08.csv,193
Shopify,N00956,2,2025-08-13,US,KIT04,1,14.99,0,New,Email,Ceramic bowl 4,Kitchen,1499,shopify-2025-08.csv,194
Shopify,N00957,1,2025-08-13,US,BED01,3,14.99,0,Returning,Direct,Linen duvet 1,Bedding,4497,shopify-2025-08.csv,195
Shopify,N00969,1,2025-08-14,US,DEC01,3,59.99,0.1,Returning,Marketplace,Oak frame 1,Decor,16197,shopify-2025-08.csv,196
Shopify,N00969,2,2025-08-14,US,DEC04,3,24.99,0.15,Returning,Marketplace,Oak frame 4,Decor,6372,shopify-2025-08.csv,197
Shopify,N00970,1,2025-08-14,US,LIG02,2,39.99,0,Returning,Organic,Desk lamp 2,Lighting,7998,shopify-2025-08.csv,198
Shopify,N00971,1,2025-08-14,US,DEC01,3,59.99,0.15,Returning,Paid search,Oak frame 1,Decor,15297,shopify-2025-08.csv,199
Shopify,N00972,1,2025-08-14,CA,LIG01,1,39.99,0,Returning,Email,Desk lamp 1,Lighting,3999,shopify-2025-08.csv,200
Shopify,N00973,1,2025-08-14,DE,STO02,1,14.99,0,Returning,Paid search,Woven basket 2,Storage,1499,shopify-2025-08.csv,201
Shopify,N00973,2,2025-08-14,DE,LIG01,2,79.99,0.15,Returning,Paid search,Desk lamp 1,Lighting,13598,shopify-2025-08.csv,202
Shopify,N00974,1,2025-08-14,US,BED03,2,14.99,0.1,New,Organic,Linen duvet 3,Bedding,2698,shopify-2025-08.csv,203
Shopify,N00975,1,2025-08-14,US,LIG03,3,14.99,0.1,Returning,Paid search,Desk lamp 3,Lighting,4047,shopify-2025-08.csv,204
Shopify,N00976,1,2025-08-14,UK,BED01,2,14.99,0,New,Paid search,Linen duvet 1,Bedding,2998,shopify-2025-08.csv,205
Shopify,N00977,1,2025-08-14,UK,LIG02,2,39.99,0,Returning,Direct,Desk lamp 2,Lighting,7998,shopify-2025-08.csv,206
Shopify,N00977,2,2025-08-14,UK,STO01,3,24.99,0,Returning,Direct,Woven basket 1,Storage,7497,shopify-2025-08.csv,207
Shopify,N00978,1,2025-08-14,US,KIT01,1,59.99,0,Returning,Organic,Ceramic bowl 1,Kitchen,5999,shopify-2025-08.csv,208
Shopify,N00979,1,2025-08-14,US,KIT03,2,59.99,0,New,Marketplace,Ceramic bowl 3,Kitchen,11998,shopify-2025-08.csv,209
Shopify,N00991,1,2025-08-15,CA,LIG01,1,79.99,0,New,Marketplace,Desk lamp 1,Lighting,7999,shopify-2025-08.csv,210
Shopify,N00992,1,2025-08-15,US,BED03,2,79.99,0,New,Direct,Linen duvet 3,Bedding,15998,shopify-2025-08.csv,211
Shopify,N00993,1,2025-08-15,UK,STO01,1,14.99,0,New,Organic,Woven basket 1,Storage,1499,shopify-2025-08.csv,212
Shopify,N00994,1,2025-08-15,US,LIG01,2,39.99,0,Returning,Marketplace,Desk lamp 1,Lighting,7998,shopify-2025-08.csv,213
Shopify,N00994,2,2025-08-15,US,STO02,2,39.99,0.15,Returning,Marketplace,Woven basket 2,Storage,6798,shopify-2025-08.csv,214
Shopify,N00995,1,2025-08-15,US,STO03,2,39.99,0.15,Returning,Email,Woven basket 3,Storage,6798,shopify-2025-08.csv,215
Shopify,N00995,2,2025-08-15,US,BED02,1,79.99,0,Returning,Email,Linen duvet 2,Bedding,7999,shopify-2025-08.csv,216
Shopify,N00996,1,2025-08-15,US,LIG01,1,14.99,0.15,Returning,Marketplace,Desk lamp 1,Lighting,1274,shopify-2025-08.csv,217
Shopify,N00997,1,2025-08-15,US,KIT01,1,24.99,0,New,Email,Ceramic bowl 1,Kitchen,2499,shopify-2025-08.csv,218
Shopify,N00997,2,2025-08-15,US,KIT01,3,24.99,0.1,New,Email,Ceramic bowl 1,Kitchen,6747,shopify-2025-08.csv,219
Shopify,N00998,1,2025-08-15,UK,KIT01,2,59.99,0.1,Returning,Organic,Ceramic bowl 1,Kitchen,10798,shopify-2025-08.csv,220
Shopify,N00999,1,2025-08-15,UK,KIT01,2,14.99,0,New,Email,Ceramic bowl 1,Kitchen,2998,shopify-2025-08.csv,221
Shopify,N00999,2,2025-08-15,UK,DEC02,2,79.99,0.1,New,Email,Oak frame 2,Decor,14398,shopify-2025-08.csv,222
Shopify,N01000,1,2025-08-15,UK,STO01,2,59.99,0.1,New,Direct,Woven basket 1,Storage,10798,shopify-2025-08.csv,223
Shopify,N01000,2,2025-08-15,UK,DEC02,1,14.99,0.1,New,Direct,Oak frame 2,Decor,1349,shopify-2025-08.csv,224
Shopify,N01001,1,2025-08-15,CA,BED01,1,59.99,0,New,Paid search,Linen duvet 1,Bedding,5999,shopify-2025-08.csv,225
Shopify,N01013,1,2025-08-16,UK,LIG03,3,59.99,0,Returning,Direct,Desk lamp 3,Lighting,17997,shopify-2025-08.csv,226
Shopify,N01013,2,2025-08-16,UK,LIG03,3,39.99,0,Returning,Direct,Desk lamp 3,Lighting,11997,shopify-2025-08.csv,227
Shopify,N01014,1,2025-08-16,UK,LIG04,1,24.99,0,New,Direct,Desk lamp 4,Lighting,2499,shopify-2025-08.csv,228
Shopify,N01015,1,2025-08-16,US,LIG01,2,39.99,0,New,Marketplace,Desk lamp 1,Lighting,7998,shopify-2025-08.csv,229
Shopify,N01015,2,2025-08-16,US,LIG04,1,59.99,0.1,New,Marketplace,Desk lamp 4,Lighting,5399,shopify-2025-08.csv,230
Shopify,N01016,1,2025-08-16,DE,BED02,2,79.99,0.1,New,Direct,Linen duvet 2,Bedding,14398,shopify-2025-08.csv,231
Shopify,N01016,2,2025-08-16,DE,STO03,1,39.99,0,New,Direct,Woven basket 3,Storage,3999,shopify-2025-08.csv,232
Shopify,N01017,1,2025-08-16,US,STO02,2,24.99,0.15,New,Organic,Woven basket 2,Storage,4248,shopify-2025-08.csv,233
Shopify,N01018,1,2025-08-16,US,KIT01,1,39.99,0.15,New,Email,Ceramic bowl 1,Kitchen,3399,shopify-2025-08.csv,234
Shopify,N01018,2,2025-08-16,US,LIG03,3,59.99,0,New,Email,Desk lamp 3,Lighting,17997,shopify-2025-08.csv,235
Shopify,N01019,1,2025-08-16,CA,STO02,2,24.99,0,Returning,Marketplace,Woven basket 2,Storage,4998,shopify-2025-08.csv,236
Shopify,N01020,1,2025-08-16,DE,BED01,2,59.99,0,Returning,Marketplace,Linen duvet 1,Bedding,11998,shopify-2025-08.csv,237
Shopify,N01021,1,2025-08-16,CA,STO02,3,59.99,0.1,Returning,Paid search,Woven basket 2,Storage,16197,shopify-2025-08.csv,238
Shopify,N01022,1,2025-08-16,DE,BED01,1,24.99,0,Returning,Marketplace,Linen duvet 1,Bedding,2499,shopify-2025-08.csv,239
Shopify,N01022,2,2025-08-16,DE,LIG02,1,79.99,0.15,Returning,Marketplace,Desk lamp 2,Lighting,6799,shopify-2025-08.csv,240
Shopify,N01023,1,2025-08-16,UK,LIG03,3,24.99,0,New,Organic,Desk lamp 3,Lighting,7497,shopify-2025-08.csv,241
Shopify,N01023,2,2025-08-16,UK,BED03,3,39.99,0.1,New,Organic,Linen duvet 3,Bedding,10797,shopify-2025-08.csv,242
Shopify,N01035,1,2025-08-17,UK,STO01,2,39.99,0.1,New,Marketplace,Woven basket 1,Storage,7198,shopify-2025-08.csv,243
Shopify,N01036,1,2025-08-17,US,DEC03,2,24.99,0,New,Marketplace,Oak frame 3,Decor,4998,shopify-2025-08.csv,244
Shopify,N01036,2,2025-08-17,US,BED04,1,39.99,0,New,Marketplace,Linen duvet 4,Bedding,3999,shopify-2025-08.csv,245
Shopify,N01037,1,2025-08-17,DE,BED02,3,59.99,0,New,Paid search,Linen duvet 2,Bedding,17997,shopify-2025-08.csv,246
Shopify,N01038,1,2025-08-17,US,DEC01,2,24.99,0,New,Marketplace,Oak frame 1,Decor,4998,shopify-2025-08.csv,247
Shopify,N01039,1,2025-08-17,DE,DEC03,1,24.99,0.15,New,Organic,Oak frame 3,Decor,2124,shopify-2025-08.csv,248
Shopify,N01040,1,2025-08-17,US,DEC04,2,24.99,0,New,Organic,Oak frame 4,Decor,4998,shopify-2025-08.csv,249
Shopify,N01041,1,2025-08-17,DE,STO04,2,79.99,0.15,New,Direct,Woven basket 4,Storage,13598,shopify-2025-08.csv,250
Shopify,N01042,1,2025-08-17,UK,KIT04,2,39.99,0,New,Email,Ceramic bowl 4,Kitchen,7998,shopify-2025-08.csv,251
Shopify,N01042,2,2025-08-17,UK,LIG03,3,24.99,0.1,New,Email,Desk lamp 3,Lighting,6747,shopify-2025-08.csv,252
Shopify,N01043,1,2025-08-17,US,KIT02,2,24.99,0.1,Returning,Paid search,Ceramic bowl 2,Kitchen,4498,shopify-2025-08.csv,253
Shopify,N01044,1,2025-08-17,UK,BED04,3,79.99,0,New,Email,Linen duvet 4,Bedding,23997,shopify-2025-08.csv,254
Shopify,N01045,1,2025-08-17,UK,DEC01,1,59.99,0.15,Returning,Organic,Oak frame 1,Decor,5099,shopify-2025-08.csv,255
Shopify,N01045,2,2025-08-17,UK,STO04,1,14.99,0,Returning,Organic,Woven basket 4,Storage,1499,shopify-2025-08.csv,256
Shopify,N01057,1,2025-08-18,US,DEC02,1,39.99,0.1,Returning,Marketplace,Oak frame 2,Decor,3599,shopify-2025-08.csv,257
Shopify,N01058,1,2025-08-18,US,KIT04,3,14.99,0.15,New,Email,Ceramic bowl 4,Kitchen,3822,shopify-2025-08.csv,258
Shopify,N01059,1,2025-08-18,CA,KIT04,2,14.99,0.1,New,Direct,Ceramic bowl 4,Kitchen,2698,shopify-2025-08.csv,259
Shopify,N01060,1,2025-08-18,DE,LIG01,1,59.99,0,Returning,Organic,Desk lamp 1,Lighting,5999,shopify-2025-08.csv,260
Shopify,N01061,1,2025-08-18,US,DEC02,3,59.99,0.1,New,Email,Oak frame 2,Decor,16197,shopify-2025-08.csv,261
Shopify,N01061,2,2025-08-18,US,LIG04,2,59.99,0.15,New,Email,Desk lamp 4,Lighting,10198,shopify-2025-08.csv,262
Shopify,N01062,1,2025-08-18,DE,BED02,1,79.99,0.15,New,Email,Linen duvet 2,Bedding,6799,shopify-2025-08.csv,263
Shopify,N01062,2,2025-08-18,DE,LIG01,1,59.99,0.15,New,Email,Desk lamp 1,Lighting,5099,shopify-2025-08.csv,264
Shopify,N01063,1,2025-08-18,US,LIG02,3,79.99,0,New,Paid search,Desk lamp 2,Lighting,23997,shopify-2025-08.csv,265
Shopify,N01064,1,2025-08-18,UK,LIG02,3,79.99,0,New,Marketplace,Desk lamp 2,Lighting,23997,shopify-2025-08.csv,266
Shopify,N01064,2,2025-08-18,UK,DEC04,2,24.99,0.15,New,Marketplace,Oak frame 4,Decor,4248,shopify-2025-08.csv,267
Shopify,N01065,1,2025-08-18,DE,STO04,1,59.99,0.1,Returning,Direct,Woven basket 4,Storage,5399,shopify-2025-08.csv,268
Shopify,N01066,1,2025-08-18,US,BED04,2,79.99,0.15,New,Email,Linen duvet 4,Bedding,13598,shopify-2025-08.csv,269
Shopify,N01066,2,2025-08-18,US,BED02,3,79.99,0.1,New,Email,Linen duvet 2,Bedding,21597,shopify-2025-08.csv,270
Shopify,N01067,1,2025-08-18,UK,STO03,2,39.99,0,New,Marketplace,Woven basket 3,Storage,7998,shopify-2025-08.csv,271
Shopify,N01079,1,2025-08-19,DE,BED01,1,24.99,0.1,New,Organic,Linen duvet 1,Bedding,2249,shopify-2025-08.csv,272
Shopify,N01080,1,2025-08-19,US,BED04,1,59.99,0,New,Email,Linen duvet 4,Bedding,5999,shopify-2025-08.csv,273
Shopify,N01080,2,2025-08-19,US,KIT02,1,79.99,0,New,Email,Ceramic bowl 2,Kitchen,7999,shopify-2025-08.csv,274
Shopify,N01081,1,2025-08-19,US,LIG03,2,59.99,0,Returning,Direct,Desk lamp 3,Lighting,11998,shopify-2025-08.csv,275
Shopify,N01082,1,2025-08-19,US,STO04,2,59.99,0.1,New,Organic,Woven basket 4,Storage,10798,shopify-2025-08.csv,276
Shopify,N01082,2,2025-08-19,US,DEC04,3,59.99,0.15,New,Organic,Oak frame 4,Decor,15297,shopify-2025-08.csv,277
Shopify,N01083,1,2025-08-19,DE,BED02,3,39.99,0.15,Returning,Marketplace,Linen duvet 2,Bedding,10197,shopify-2025-08.csv,278
Shopify,N01084,1,2025-08-19,US,STO03,3,79.99,0.15,New,Paid search,Woven basket 3,Storage,20397,shopify-2025-08.csv,279
Shopify,N01085,1,2025-08-19,US,KIT04,2,24.99,0,Returning,Marketplace,Ceramic bowl 4,Kitchen,4998,shopify-2025-08.csv,280
Shopify,N01086,1,2025-08-19,DE,STO02,2,59.99,0.15,Returning,Marketplace,Woven basket 2,Storage,10198,shopify-2025-08.csv,281
Shopify,N01087,1,2025-08-19,UK,KIT02,3,24.99,0,Returning,Email,Ceramic bowl 2,Kitchen,7497,shopify-2025-08.csv,282
Shopify,N01087,2,2025-08-19,UK,STO01,3,39.99,0.1,Returning,Email,Woven basket 1,Storage,10797,shopify-2025-08.csv,283
Shopify,N01088,1,2025-08-19,DE,DEC01,2,14.99,0,New,Direct,Oak frame 1,Decor,2998,shopify-2025-08.csv,284
Shopify,N01089,1,2025-08-19,UK,LIG04,1,24.99,0.15,Returning,Paid search,Desk lamp 4,Lighting,2124,shopify-2025-08.csv,285
Shopify,N01101,1,2025-08-20,UK,BED01,2,14.99,0.1,New,Email,Linen duvet 1,Bedding,2698,shopify-2025-08.csv,286
Shopify,N01102,1,2025-08-20,UK,DEC02,2,79.99,0,Returning,Paid search,Oak frame 2,Decor,15998,shopify-2025-08.csv,287
Shopify,N01103,1,2025-08-20,DE,LIG03,2,59.99,0,Returning,Organic,Desk lamp 3,Lighting,11998,shopify-2025-08.csv,288
Shopify,N01104,1,2025-08-20,US,BED03,3,59.99,0.15,New,Marketplace,Linen duvet 3,Bedding,15297,shopify-2025-08.csv,289
Shopify,N01104,2,2025-08-20,US,BED03,1,59.99,0,New,Marketplace,Linen duvet 3,Bedding,5999,shopify-2025-08.csv,290
Shopify,N01105,1,2025-08-20,US,STO04,3,59.99,0.1,New,Organic,Woven basket 4,Storage,16197,shopify-2025-08.csv,291
Shopify,N01106,1,2025-08-20,CA,DEC04,2,79.99,0,New,Paid search,Oak frame 4,Decor,15998,shopify-2025-08.csv,292
Shopify,N01107,1,2025-08-20,CA,KIT02,1,24.99,0,Returning,Marketplace,Ceramic bowl 2,Kitchen,2499,shopify-2025-08.csv,293
Shopify,N01107,2,2025-08-20,CA,STO02,1,79.99,0.1,Returning,Marketplace,Woven basket 2,Storage,7199,shopify-2025-08.csv,294
Shopify,N01108,1,2025-08-20,US,STO02,1,59.99,0.15,New,Marketplace,Woven basket 2,Storage,5099,shopify-2025-08.csv,295
Shopify,N01109,1,2025-08-20,UK,KIT03,1,14.99,0,New,Paid search,Ceramic bowl 3,Kitchen,1499,shopify-2025-08.csv,296
Shopify,N01110,1,2025-08-20,DE,BED03,1,59.99,0,New,Organic,Linen duvet 3,Bedding,5999,shopify-2025-08.csv,297
Shopify,N01111,1,2025-08-20,UK,DEC04,2,59.99,0.15,Returning,Marketplace,Oak frame 4,Decor,10198,shopify-2025-08.csv,298
Shopify,N01111,2,2025-08-20,UK,STO02,3,24.99,0,Returning,Marketplace,Woven basket 2,Storage,7497,shopify-2025-08.csv,299
Shopify,N01123,1,2025-08-21,US,STO04,1,59.99,0.1,Returning,Direct,Woven basket 4,Storage,5399,shopify-2025-08.csv,300
Shopify,N01124,1,2025-08-21,DE,BED03,1,24.99,0,New,Direct,Linen duvet 3,Bedding,2499,shopify-2025-08.csv,301
Shopify,N01125,1,2025-08-21,DE,KIT01,1,39.99,0.1,Returning,Marketplace,Ceramic bowl 1,Kitchen,3599,shopify-2025-08.csv,302
Shopify,N01126,1,2025-08-21,UK,LIG01,1,24.99,0.15,Returning,Direct,Desk lamp 1,Lighting,2124,shopify-2025-08.csv,303
Shopify,N01127,1,2025-08-21,US,DEC01,1,14.99,0.15,New,Direct,Oak frame 1,Decor,1274,shopify-2025-08.csv,304
Shopify,N01128,1,2025-08-21,US,DEC04,2,59.99,0,New,Marketplace,Oak frame 4,Decor,11998,shopify-2025-08.csv,305
Shopify,N01129,1,2025-08-21,CA,BED04,3,79.99,0.1,New,Organic,Linen duvet 4,Bedding,21597,shopify-2025-08.csv,306
Shopify,N01129,2,2025-08-21,CA,DEC01,2,24.99,0,New,Organic,Oak frame 1,Decor,4998,shopify-2025-08.csv,307
Shopify,N01130,1,2025-08-21,US,STO01,2,14.99,0,New,Paid search,Woven basket 1,Storage,2998,shopify-2025-08.csv,308
Shopify,N01131,1,2025-08-21,US,KIT04,3,79.99,0,New,Marketplace,Ceramic bowl 4,Kitchen,23997,shopify-2025-08.csv,309
Shopify,N01132,1,2025-08-21,CA,KIT03,3,14.99,0,Returning,Organic,Ceramic bowl 3,Kitchen,4497,shopify-2025-08.csv,310
Shopify,N01132,2,2025-08-21,CA,DEC02,3,39.99,0,Returning,Organic,Oak frame 2,Decor,11997,shopify-2025-08.csv,311
Shopify,N01133,1,2025-08-21,US,KIT02,3,24.99,0,Returning,Email,Ceramic bowl 2,Kitchen,7497,shopify-2025-08.csv,312
Shopify,N01133,2,2025-08-21,US,LIG02,1,59.99,0,Returning,Email,Desk lamp 2,Lighting,5999,shopify-2025-08.csv,313
Shopify,N01145,1,2025-08-22,UK,BED01,2,24.99,0,Returning,Direct,Linen duvet 1,Bedding,4998,shopify-2025-08.csv,314
Shopify,N01146,1,2025-08-22,UK,KIT03,3,24.99,0.1,New,Paid search,Ceramic bowl 3,Kitchen,6747,shopify-2025-08.csv,315
Shopify,N01146,2,2025-08-22,UK,LIG02,3,59.99,0.1,New,Paid search,Desk lamp 2,Lighting,16197,shopify-2025-08.csv,316
Shopify,N01147,1,2025-08-22,US,STO02,2,24.99,0,Returning,Paid search,Woven basket 2,Storage,4998,shopify-2025-08.csv,317
Shopify,N01148,1,2025-08-22,US,KIT02,1,39.99,0,New,Paid search,Ceramic bowl 2,Kitchen,3999,shopify-2025-08.csv,318
Shopify,N01149,1,2025-08-22,DE,BED03,3,39.99,0.1,New,Paid search,Linen duvet 3,Bedding,10797,shopify-2025-08.csv,319
Shopify,N01150,1,2025-08-22,US,LIG02,1,59.99,0,New,Marketplace,Desk lamp 2,Lighting,5999,shopify-2025-08.csv,320
Shopify,N01151,1,2025-08-22,UK,KIT02,3,14.99,0.15,Returning,Marketplace,Ceramic bowl 2,Kitchen,3822,shopify-2025-08.csv,321
Shopify,N01152,1,2025-08-22,CA,BED04,3,14.99,0.15,New,Organic,Linen duvet 4,Bedding,3822,shopify-2025-08.csv,322
Shopify,N01152,2,2025-08-22,CA,DEC03,1,24.99,0.15,New,Organic,Oak frame 3,Decor,2124,shopify-2025-08.csv,323
Shopify,N01153,1,2025-08-22,UK,BED03,1,79.99,0.15,Returning,Marketplace,Linen duvet 3,Bedding,6799,shopify-2025-08.csv,324
Shopify,N01153,2,2025-08-22,UK,KIT03,2,39.99,0.1,Returning,Marketplace,Ceramic bowl 3,Kitchen,7198,shopify-2025-08.csv,325
Shopify,N01154,1,2025-08-22,UK,LIG03,1,24.99,0,New,Direct,Desk lamp 3,Lighting,2499,shopify-2025-08.csv,326
Shopify,N01155,1,2025-08-22,US,STO04,2,39.99,0,New,Direct,Woven basket 4,Storage,7998,shopify-2025-08.csv,327
Shopify,N01155,2,2025-08-22,US,DEC01,3,24.99,0.15,New,Direct,Oak frame 1,Decor,6372,shopify-2025-08.csv,328
Shopify,N01167,1,2025-08-23,CA,BED04,2,14.99,0.15,Returning,Direct,Linen duvet 4,Bedding,2548,shopify-2025-08.csv,329
Shopify,N01168,1,2025-08-23,US,KIT02,3,14.99,0.15,New,Paid search,Ceramic bowl 2,Kitchen,3822,shopify-2025-08.csv,330
Shopify,N01168,2,2025-08-23,US,STO01,2,79.99,0,New,Paid search,Woven basket 1,Storage,15998,shopify-2025-08.csv,331
Shopify,N01169,1,2025-08-23,DE,BED04,1,39.99,0,Returning,Direct,Linen duvet 4,Bedding,3999,shopify-2025-08.csv,332
Shopify,N01170,1,2025-08-23,US,LIG04,2,14.99,0,Returning,Email,Desk lamp 4,Lighting,2998,shopify-2025-08.csv,333
Shopify,N01170,2,2025-08-23,US,BED04,2,24.99,0.15,Returning,Email,Linen duvet 4,Bedding,4248,shopify-2025-08.csv,334
Shopify,N01171,1,2025-08-23,DE,BED03,3,39.99,0.1,New,Paid search,Linen duvet 3,Bedding,10797,shopify-2025-08.csv,335
Shopify,N01171,2,2025-08-23,DE,DEC04,2,24.99,0,New,Paid search,Oak frame 4,Decor,4998,shopify-2025-08.csv,336
Shopify,N01172,1,2025-08-23,US,LIG03,3,59.99,0.15,Returning,Organic,Desk lamp 3,Lighting,15297,shopify-2025-08.csv,337
Shopify,N01173,1,2025-08-23,CA,KIT04,3,14.99,0.15,New,Organic,Ceramic bowl 4,Kitchen,3822,shopify-2025-08.csv,338
Shopify,N01174,1,2025-08-23,US,KIT04,1,79.99,0,Returning,Marketplace,Ceramic bowl 4,Kitchen,7999,shopify-2025-08.csv,339
Shopify,N01175,1,2025-08-23,CA,LIG01,2,59.99,0,New,Organic,Desk lamp 1,Lighting,11998,shopify-2025-08.csv,340
Shopify,N01176,1,2025-08-23,US,LIG04,1,24.99,0.15,Returning,Paid search,Desk lamp 4,Lighting,2124,shopify-2025-08.csv,341
Shopify,N01176,2,2025-08-23,US,LIG02,2,24.99,0.15,Returning,Paid search,Desk lamp 2,Lighting,4248,shopify-2025-08.csv,342
Shopify,N01177,1,2025-08-23,DE,LIG04,1,59.99,0.1,Returning,Organic,Desk lamp 4,Lighting,5399,shopify-2025-08.csv,343
Shopify,N01189,1,2025-08-24,US,DEC03,2,24.99,0.1,New,Organic,Oak frame 3,Decor,4498,shopify-2025-08.csv,344
Shopify,N01189,2,2025-08-24,US,BED04,3,39.99,0.15,New,Organic,Linen duvet 4,Bedding,10197,shopify-2025-08.csv,345
Shopify,N01190,1,2025-08-24,UK,STO02,2,24.99,0.1,Returning,Paid search,Woven basket 2,Storage,4498,shopify-2025-08.csv,346
Shopify,N01191,1,2025-08-24,DE,BED04,3,24.99,0.15,New,Organic,Linen duvet 4,Bedding,6372,shopify-2025-08.csv,347
Shopify,N01192,1,2025-08-24,CA,DEC04,3,24.99,0.1,New,Email,Oak frame 4,Decor,6747,shopify-2025-08.csv,348
Shopify,N01192,2,2025-08-24,CA,KIT01,3,14.99,0,New,Email,Ceramic bowl 1,Kitchen,4497,shopify-2025-08.csv,349
Shopify,N01193,1,2025-08-24,DE,STO01,1,39.99,0.1,New,Direct,Woven basket 1,Storage,3599,shopify-2025-08.csv,350
Shopify,N01194,1,2025-08-24,UK,DEC01,3,24.99,0.1,New,Paid search,Oak frame 1,Decor,6747,shopify-2025-08.csv,351
Shopify,N01195,1,2025-08-24,UK,STO03,1,59.99,0,New,Direct,Woven basket 3,Storage,5999,shopify-2025-08.csv,352
Shopify,N01196,1,2025-08-24,UK,BED02,2,79.99,0,New,Email,Linen duvet 2,Bedding,15998,shopify-2025-08.csv,353
Shopify,N01197,1,2025-08-24,US,BED01,2,24.99,0,New,Direct,Linen duvet 1,Bedding,4998,shopify-2025-08.csv,354
Shopify,N01198,1,2025-08-24,CA,KIT03,2,24.99,0,Returning,Marketplace,Ceramic bowl 3,Kitchen,4998,shopify-2025-08.csv,355
Shopify,N01199,1,2025-08-24,UK,KIT02,3,39.99,0.1,New,Marketplace,Ceramic bowl 2,Kitchen,10797,shopify-2025-08.csv,356
Shopify,N01211,1,2025-08-25,DE,DEC02,2,14.99,0.15,New,Direct,Oak frame 2,Decor,2548,shopify-2025-08.csv,357
Shopify,N01211,2,2025-08-25,DE,KIT02,1,24.99,0,New,Direct,Ceramic bowl 2,Kitchen,2499,shopify-2025-08.csv,358
Shopify,N01212,1,2025-08-25,US,DEC03,3,59.99,0,New,Direct,Oak frame 3,Decor,17997,shopify-2025-08.csv,359
Shopify,N01213,1,2025-08-25,US,BED02,1,24.99,0.1,Returning,Marketplace,Linen duvet 2,Bedding,2249,shopify-2025-08.csv,360
Shopify,N01213,2,2025-08-25,US,DEC01,2,59.99,0.1,Returning,Marketplace,Oak frame 1,Decor,10798,shopify-2025-08.csv,361
Shopify,N01214,1,2025-08-25,US,DEC04,1,24.99,0.15,Returning,Paid search,Oak frame 4,Decor,2124,shopify-2025-08.csv,362
Shopify,N01215,1,2025-08-25,CA,KIT02,1,79.99,0.1,Returning,Paid search,Ceramic bowl 2,Kitchen,7199,shopify-2025-08.csv,363
Shopify,N01216,1,2025-08-25,DE,DEC02,1,24.99,0.15,New,Email,Oak frame 2,Decor,2124,shopify-2025-08.csv,364
Shopify,N01217,1,2025-08-25,US,BED04,3,59.99,0,New,Direct,Linen duvet 4,Bedding,17997,shopify-2025-08.csv,365
Shopify,N01217,2,2025-08-25,US,LIG02,3,59.99,0.1,New,Direct,Desk lamp 2,Lighting,16197,shopify-2025-08.csv,366
Shopify,N01218,1,2025-08-25,CA,STO04,2,79.99,0.1,Returning,Marketplace,Woven basket 4,Storage,14398,shopify-2025-08.csv,367
Shopify,N01218,2,2025-08-25,CA,LIG04,3,59.99,0,Returning,Marketplace,Desk lamp 4,Lighting,17997,shopify-2025-08.csv,368
Shopify,N01219,1,2025-08-25,CA,DEC01,3,59.99,0,Returning,Marketplace,Oak frame 1,Decor,17997,shopify-2025-08.csv,369
Shopify,N01220,1,2025-08-25,US,BED04,3,79.99,0.1,New,Direct,Linen duvet 4,Bedding,21597,shopify-2025-08.csv,370
Shopify,N01221,1,2025-08-25,CA,KIT03,2,24.99,0,New,Marketplace,Ceramic bowl 3,Kitchen,4998,shopify-2025-08.csv,371
Shopify,N01233,1,2025-08-26,CA,LIG01,2,14.99,0.15,New,Organic,Desk lamp 1,Lighting,2548,shopify-2025-08.csv,372
Shopify,N01234,1,2025-08-26,US,STO02,1,59.99,0,New,Email,Woven basket 2,Storage,5999,shopify-2025-08.csv,373
Shopify,N01235,1,2025-08-26,DE,LIG04,2,59.99,0.15,Returning,Marketplace,Desk lamp 4,Lighting,10198,shopify-2025-08.csv,374
Shopify,N01236,1,2025-08-26,UK,BED01,3,59.99,0,New,Email,Linen duvet 1,Bedding,17997,shopify-2025-08.csv,375
Shopify,N01237,1,2025-08-26,US,KIT02,1,24.99,0.1,Returning,Paid search,Ceramic bowl 2,Kitchen,2249,shopify-2025-08.csv,376
Shopify,N01238,1,2025-08-26,CA,STO01,3,39.99,0,Returning,Direct,Woven basket 1,Storage,11997,shopify-2025-08.csv,377
Shopify,N01238,2,2025-08-26,CA,BED03,1,79.99,0.1,Returning,Direct,Linen duvet 3,Bedding,7199,shopify-2025-08.csv,378
Shopify,N01239,1,2025-08-26,CA,LIG04,3,59.99,0,Returning,Paid search,Desk lamp 4,Lighting,17997,shopify-2025-08.csv,379
Shopify,N01240,1,2025-08-26,US,LIG03,3,39.99,0.15,New,Direct,Desk lamp 3,Lighting,10197,shopify-2025-08.csv,380
Shopify,N01240,2,2025-08-26,US,KIT01,3,79.99,0.15,New,Direct,Ceramic bowl 1,Kitchen,20397,shopify-2025-08.csv,381
Shopify,N01241,1,2025-08-26,UK,KIT04,2,79.99,0,Returning,Marketplace,Ceramic bowl 4,Kitchen,15998,shopify-2025-08.csv,382
Shopify,N01242,1,2025-08-26,UK,STO02,1,59.99,0.15,Returning,Organic,Woven basket 2,Storage,5099,shopify-2025-08.csv,383
Shopify,N01243,1,2025-08-26,DE,LIG04,3,24.99,0.1,Returning,Paid search,Desk lamp 4,Lighting,6747,shopify-2025-08.csv,384
Shopify,N01243,2,2025-08-26,DE,LIG01,3,14.99,0.1,Returning,Paid search,Desk lamp 1,Lighting,4047,shopify-2025-08.csv,385
Shopify,N01255,1,2025-08-27,US,DEC01,1,24.99,0,Returning,Paid search,Oak frame 1,Decor,2499,shopify-2025-08.csv,386
Shopify,N01255,2,2025-08-27,US,STO03,1,39.99,0,Returning,Paid search,Woven basket 3,Storage,3999,shopify-2025-08.csv,387
Shopify,N01256,1,2025-08-27,UK,BED03,2,24.99,0,New,Organic,Linen duvet 3,Bedding,4998,shopify-2025-08.csv,388
Shopify,N01257,1,2025-08-27,US,BED03,2,79.99,0,New,Direct,Linen duvet 3,Bedding,15998,shopify-2025-08.csv,389
Shopify,N01258,1,2025-08-27,DE,STO01,3,39.99,0.1,Returning,Direct,Woven basket 1,Storage,10797,shopify-2025-08.csv,390
Shopify,N01259,1,2025-08-27,CA,BED03,2,79.99,0.15,New,Organic,Linen duvet 3,Bedding,13598,shopify-2025-08.csv,391
Shopify,N01260,1,2025-08-27,CA,BED01,1,59.99,0,Returning,Paid search,Linen duvet 1,Bedding,5999,shopify-2025-08.csv,392
Shopify,N01261,1,2025-08-27,US,KIT03,2,39.99,0,New,Paid search,Ceramic bowl 3,Kitchen,7998,shopify-2025-08.csv,393
Shopify,N01262,1,2025-08-27,UK,STO02,1,79.99,0,New,Organic,Woven basket 2,Storage,7999,shopify-2025-08.csv,394
Shopify,N01262,2,2025-08-27,UK,LIG04,3,39.99,0.15,New,Organic,Desk lamp 4,Lighting,10197,shopify-2025-08.csv,395
Shopify,N01263,1,2025-08-27,US,LIG02,2,14.99,0,Returning,Organic,Desk lamp 2,Lighting,2998,shopify-2025-08.csv,396
Shopify,N01263,2,2025-08-27,US,LIG01,3,14.99,0.1,Returning,Organic,Desk lamp 1,Lighting,4047,shopify-2025-08.csv,397
Shopify,N01264,1,2025-08-27,US,BED02,2,24.99,0,New,Paid search,Linen duvet 2,Bedding,4998,shopify-2025-08.csv,398
Shopify,N01265,1,2025-08-27,CA,KIT03,1,79.99,0.15,New,Direct,Ceramic bowl 3,Kitchen,6799,shopify-2025-08.csv,399
Shopify,N01265,2,2025-08-27,CA,DEC03,1,14.99,0,New,Direct,Oak frame 3,Decor,1499,shopify-2025-08.csv,400
Shopify,N01277,1,2025-08-28,US,LIG02,2,39.99,0.15,New,Organic,Desk lamp 2,Lighting,6798,shopify-2025-08.csv,401
Shopify,N01278,1,2025-08-28,CA,STO04,3,59.99,0.1,New,Paid search,Woven basket 4,Storage,16197,shopify-2025-08.csv,402
Shopify,N01279,1,2025-08-28,US,KIT03,1,39.99,0.15,New,Email,Ceramic bowl 3,Kitchen,3399,shopify-2025-08.csv,403
Shopify,N01280,1,2025-08-28,UK,BED03,3,79.99,0,New,Organic,Linen duvet 3,Bedding,23997,shopify-2025-08.csv,404
Shopify,N01280,2,2025-08-28,UK,STO03,3,24.99,0.1,New,Organic,Woven basket 3,Storage,6747,shopify-2025-08.csv,405
Shopify,N01281,1,2025-08-28,CA,LIG03,2,59.99,0,New,Organic,Desk lamp 3,Lighting,11998,shopify-2025-08.csv,406
Shopify,N01282,1,2025-08-28,US,LIG02,1,79.99,0,Returning,Paid search,Desk lamp 2,Lighting,7999,shopify-2025-08.csv,407
Shopify,N01282,2,2025-08-28,US,KIT02,1,59.99,0.15,Returning,Paid search,Ceramic bowl 2,Kitchen,5099,shopify-2025-08.csv,408
Shopify,N01283,1,2025-08-28,UK,DEC01,3,39.99,0,Returning,Email,Oak frame 1,Decor,11997,shopify-2025-08.csv,409
Shopify,N01283,2,2025-08-28,UK,KIT01,3,39.99,0,Returning,Email,Ceramic bowl 1,Kitchen,11997,shopify-2025-08.csv,410
Shopify,N01284,1,2025-08-28,DE,LIG02,2,14.99,0,Returning,Paid search,Desk lamp 2,Lighting,2998,shopify-2025-08.csv,411
Shopify,N01285,1,2025-08-28,UK,BED02,1,59.99,0,Returning,Email,Linen duvet 2,Bedding,5999,shopify-2025-08.csv,412
Shopify,N01285,2,2025-08-28,UK,BED03,3,14.99,0.15,Returning,Email,Linen duvet 3,Bedding,3822,shopify-2025-08.csv,413
Shopify,N01286,1,2025-08-28,DE,BED04,2,14.99,0.1,Returning,Marketplace,Linen duvet 4,Bedding,2698,shopify-2025-08.csv,414
Shopify,N01287,1,2025-08-28,US,STO01,1,79.99,0,Returning,Organic,Woven basket 1,Storage,7999,shopify-2025-08.csv,415
Shopify,N01299,1,2025-08-29,CA,LIG04,3,79.99,0,Returning,Direct,Desk lamp 4,Lighting,23997,shopify-2025-08.csv,416
Shopify,N01300,1,2025-08-29,DE,BED02,2,14.99,0.1,New,Organic,Linen duvet 2,Bedding,2698,shopify-2025-08.csv,417
Shopify,N01301,1,2025-08-29,DE,DEC04,1,59.99,0,New,Direct,Oak frame 4,Decor,5999,shopify-2025-08.csv,418
Shopify,N01301,2,2025-08-29,DE,KIT04,2,79.99,0,New,Direct,Ceramic bowl 4,Kitchen,15998,shopify-2025-08.csv,419
Shopify,N01302,1,2025-08-29,UK,BED03,1,59.99,0,New,Direct,Linen duvet 3,Bedding,5999,shopify-2025-08.csv,420
Shopify,N01303,1,2025-08-29,CA,LIG02,3,59.99,0,New,Organic,Desk lamp 2,Lighting,17997,shopify-2025-08.csv,421
Shopify,N01304,1,2025-08-29,UK,DEC03,2,24.99,0,New,Paid search,Oak frame 3,Decor,4998,shopify-2025-08.csv,422
Shopify,N01304,2,2025-08-29,UK,LIG02,1,39.99,0.1,New,Paid search,Desk lamp 2,Lighting,3599,shopify-2025-08.csv,423
Shopify,N01305,1,2025-08-29,CA,LIG02,1,59.99,0.15,New,Email,Desk lamp 2,Lighting,5099,shopify-2025-08.csv,424
Shopify,N01305,2,2025-08-29,CA,KIT01,2,79.99,0.1,New,Email,Ceramic bowl 1,Kitchen,14398,shopify-2025-08.csv,425
Shopify,N01306,1,2025-08-29,CA,BED04,1,39.99,0,Returning,Email,Linen duvet 4,Bedding,3999,shopify-2025-08.csv,426
Shopify,N01307,1,2025-08-29,UK,BED02,3,59.99,0,New,Direct,Linen duvet 2,Bedding,17997,shopify-2025-08.csv,427
Shopify,N01308,1,2025-08-29,DE,DEC02,1,24.99,0,New,Email,Oak frame 2,Decor,2499,shopify-2025-08.csv,428
Shopify,N01309,1,2025-08-29,US,BED04,2,59.99,0.1,New,Marketplace,Linen duvet 4,Bedding,10798,shopify-2025-08.csv,429
Shopify,N01321,1,2025-08-30,UK,BED01,3,24.99,0.1,New,Organic,Linen duvet 1,Bedding,6747,shopify-2025-08.csv,430
Shopify,N01322,1,2025-08-30,US,LIG03,2,39.99,0.1,New,Paid search,Desk lamp 3,Lighting,7198,shopify-2025-08.csv,431
Shopify,N01322,2,2025-08-30,US,BED03,1,24.99,0.1,New,Paid search,Linen duvet 3,Bedding,2249,shopify-2025-08.csv,432
Shopify,N01323,1,2025-08-30,US,KIT02,2,59.99,0,New,Paid search,Ceramic bowl 2,Kitchen,11998,shopify-2025-08.csv,433
Shopify,N01324,1,2025-08-30,CA,STO01,1,24.99,0.1,Returning,Direct,Woven basket 1,Storage,2249,shopify-2025-08.csv,434
Shopify,N01325,1,2025-08-30,CA,LIG02,3,39.99,0,New,Organic,Desk lamp 2,Lighting,11997,shopify-2025-08.csv,435
Shopify,N01325,2,2025-08-30,CA,LIG01,2,59.99,0.15,New,Organic,Desk lamp 1,Lighting,10198,shopify-2025-08.csv,436
Shopify,N01326,1,2025-08-30,UK,KIT03,2,59.99,0,New,Email,Ceramic bowl 3,Kitchen,11998,shopify-2025-08.csv,437
Shopify,N01327,1,2025-08-30,DE,BED01,3,14.99,0,New,Organic,Linen duvet 1,Bedding,4497,shopify-2025-08.csv,438
Shopify,N01327,2,2025-08-30,DE,STO01,1,24.99,0.1,New,Organic,Woven basket 1,Storage,2249,shopify-2025-08.csv,439
Shopify,N01328,1,2025-08-30,UK,KIT02,1,79.99,0.15,New,Paid search,Ceramic bowl 2,Kitchen,6799,shopify-2025-08.csv,440
Shopify,N01329,1,2025-08-30,CA,KIT04,1,24.99,0.15,New,Direct,Ceramic bowl 4,Kitchen,2124,shopify-2025-08.csv,441
Shopify,N01330,1,2025-08-30,DE,KIT02,1,79.99,0.15,New,Marketplace,Ceramic bowl 2,Kitchen,6799,shopify-2025-08.csv,442
Shopify,N01331,1,2025-08-30,US,LIG02,3,14.99,0,Returning,Email,Desk lamp 2,Lighting,4497,shopify-2025-08.csv,443
Shopify,N01343,1,2025-08-31,DE,BED01,2,59.99,0.1,New,Paid search,Linen duvet 1,Bedding,10798,shopify-2025-08.csv,444
Shopify,N01343,2,2025-08-31,DE,DEC01,3,79.99,0,New,Paid search,Oak frame 1,Decor,23997,shopify-2025-08.csv,445
Shopify,N01344,1,2025-08-31,US,BED02,3,59.99,0.1,New,Organic,Linen duvet 2,Bedding,16197,shopify-2025-08.csv,446
Shopify,N01345,1,2025-08-31,UK,STO02,3,24.99,0.15,Returning,Paid search,Woven basket 2,Storage,6372,shopify-2025-08.csv,447
Shopify,N01346,1,2025-08-31,US,BED02,1,24.99,0,New,Organic,Linen duvet 2,Bedding,2499,shopify-2025-08.csv,448
Shopify,N01347,1,2025-08-31,UK,STO03,1,39.99,0,New,Paid search,Woven basket 3,Storage,3999,shopify-2025-08.csv,449
Shopify,N01347,2,2025-08-31,UK,LIG02,3,39.99,0.1,New,Paid search,Desk lamp 2,Lighting,10797,shopify-2025-08.csv,450
Shopify,N01348,1,2025-08-31,US,BED02,3,24.99,0.15,New,Email,Linen duvet 2,Bedding,6372,shopify-2025-08.csv,451
Shopify,N01349,1,2025-08-31,US,BED03,1,39.99,0.15,New,Email,Linen duvet 3,Bedding,3399,shopify-2025-08.csv,452
Shopify,N01349,2,2025-08-31,US,STO02,3,39.99,0.1,New,Email,Woven basket 2,Storage,10797,shopify-2025-08.csv,453
Shopify,N01350,1,2025-08-31,DE,STO02,2,24.99,0,New,Organic,Woven basket 2,Storage,4998,shopify-2025-08.csv,454
Shopify,N01351,1,2025-08-31,US,LIG02,2,14.99,0,New,Direct,Desk lamp 2,Lighting,2998,shopify-2025-08.csv,455
Shopify,N01352,1,2025-08-31,UK,LIG02,1,59.99,0.15,New,Direct,Desk lamp 2,Lighting,5099,shopify-2025-08.csv,456
Shopify,N01353,1,2025-08-31,US,STO04,2,59.99,0.1,New,Marketplace,Woven basket 4,Storage,10798,shopify-2025-08.csv,457
Shopify,N01353,2,2025-08-31,US,STO02,1,79.99,0.1,New,Marketplace,Woven basket 2,Storage,7199,shopify-2025-08.csv,458
Shopify,N01365,1,2025-09-01,US,BED04,3,39.99,0.1,New,Marketplace,Linen duvet 4,Bedding,10797,shopify-2025-09.csv,2
Shopify,N01366,1,2025-09-01,CA,DEC03,3,59.99,0,Returning,Paid search,Oak frame 3,Decor,17997,shopify-2025-09.csv,3
Shopify,N01367,1,2025-09-01,US,DEC02,3,24.99,0.1,New,Direct,Oak frame 2,Decor,6747,shopify-2025-09.csv,4
Shopify,N01368,1,2025-09-01,US,STO02,3,79.99,0,New,Direct,Woven basket 2,Storage,23997,shopify-2025-09.csv,5
Shopify,N01368,2,2025-09-01,US,KIT01,2,59.99,0,New,Direct,Ceramic bowl 1,Kitchen,11998,shopify-2025-09.csv,6
Shopify,N01369,1,2025-09-01,US,DEC03,3,59.99,0,New,Organic,Oak frame 3,Decor,17997,shopify-2025-09.csv,7
Shopify,N01370,1,2025-09-01,CA,KIT01,1,39.99,0,New,Marketplace,Ceramic bowl 1,Kitchen,3999,shopify-2025-09.csv,8
Shopify,N01371,1,2025-09-01,US,BED01,2,79.99,0.1,New,Email,Linen duvet 1,Bedding,14398,shopify-2025-09.csv,9
Shopify,N01372,1,2025-09-01,CA,LIG04,1,59.99,0.1,Returning,Direct,Desk lamp 4,Lighting,5399,shopify-2025-09.csv,10
Shopify,N01373,1,2025-09-01,DE,DEC04,2,59.99,0,New,Marketplace,Oak frame 4,Decor,11998,shopify-2025-09.csv,11
Shopify,N01374,1,2025-09-01,CA,LIG03,3,79.99,0,New,Paid search,Desk lamp 3,Lighting,23997,shopify-2025-09.csv,12
Shopify,N01375,1,2025-09-01,DE,STO01,3,59.99,0,New,Paid search,Woven basket 1,Storage,17997,shopify-2025-09.csv,13
Shopify,N01375,2,2025-09-01,DE,LIG03,3,59.99,0.1,New,Paid search,Desk lamp 3,Lighting,16197,shopify-2025-09.csv,14
Shopify,N01387,1,2025-09-02,UK,KIT01,2,79.99,0.15,New,Paid search,Ceramic bowl 1,Kitchen,13598,shopify-2025-09.csv,15
Shopify,N01388,1,2025-09-02,CA,BED02,3,14.99,0,New,Direct,Linen duvet 2,Bedding,4497,shopify-2025-09.csv,16
Shopify,N01388,2,2025-09-02,CA,BED02,2,24.99,0,New,Direct,Linen duvet 2,Bedding,4998,shopify-2025-09.csv,17
Shopify,N01389,1,2025-09-02,US,BED02,1,39.99,0,Returning,Organic,Linen duvet 2,Bedding,3999,shopify-2025-09.csv,18
Shopify,N01390,1,2025-09-02,US,BED02,1,79.99,0,New,Email,Linen duvet 2,Bedding,7999,shopify-2025-09.csv,19
Shopify,N01391,1,2025-09-02,UK,LIG03,2,39.99,0,New,Organic,Desk lamp 3,Lighting,7998,shopify-2025-09.csv,20
Shopify,N01392,1,2025-09-02,US,BED04,1,39.99,0.15,New,Paid search,Linen duvet 4,Bedding,3399,shopify-2025-09.csv,21
Shopify,N01393,1,2025-09-02,CA,KIT04,2,79.99,0.1,Returning,Marketplace,Ceramic bowl 4,Kitchen,14398,shopify-2025-09.csv,22
Shopify,N01394,1,2025-09-02,DE,LIG02,3,79.99,0,Returning,Organic,Desk lamp 2,Lighting,23997,shopify-2025-09.csv,23
Shopify,N01394,2,2025-09-02,DE,KIT02,3,79.99,0.1,Returning,Organic,Ceramic bowl 2,Kitchen,21597,shopify-2025-09.csv,24
Shopify,N01395,1,2025-09-02,DE,STO01,2,59.99,0.15,Returning,Email,Woven basket 1,Storage,10198,shopify-2025-09.csv,25
Shopify,N01396,1,2025-09-02,US,DEC03,3,14.99,0.1,New,Paid search,Oak frame 3,Decor,4047,shopify-2025-09.csv,26
Shopify,N01397,1,2025-09-02,CA,DEC03,3,59.99,0.1,New,Direct,Oak frame 3,Decor,16197,shopify-2025-09.csv,27
Shopify,N01397,2,2025-09-02,CA,KIT02,1,79.99,0.15,New,Direct,Ceramic bowl 2,Kitchen,6799,shopify-2025-09.csv,28
Shopify,N01409,1,2025-09-03,US,DEC01,1,39.99,0,New,Paid search,Oak frame 1,Decor,3999,shopify-2025-09.csv,29
Shopify,N01409,2,2025-09-03,US,LIG01,1,59.99,0,New,Paid search,Desk lamp 1,Lighting,5999,shopify-2025-09.csv,30
Shopify,N01410,1,2025-09-03,CA,KIT04,2,24.99,0,New,Email,Ceramic bowl 4,Kitchen,4998,shopify-2025-09.csv,31
Shopify,N01411,1,2025-09-03,DE,LIG04,2,59.99,0.15,Returning,Organic,Desk lamp 4,Lighting,10198,shopify-2025-09.csv,32
Shopify,N01412,1,2025-09-03,DE,KIT02,2,14.99,0.1,New,Email,Ceramic bowl 2,Kitchen,2698,shopify-2025-09.csv,33
Shopify,N01413,1,2025-09-03,US,LIG02,1,59.99,0.15,New,Organic,Desk lamp 2,Lighting,5099,shopify-2025-09.csv,34
Shopify,N01414,1,2025-09-03,CA,BED02,3,39.99,0.15,New,Organic,Linen duvet 2,Bedding,10197,shopify-2025-09.csv,35
Shopify,N01415,1,2025-09-03,US,KIT02,3,79.99,0,New,Marketplace,Ceramic bowl 2,Kitchen,23997,shopify-2025-09.csv,36
Shopify,N01415,2,2025-09-03,US,LIG04,3,59.99,0,New,Marketplace,Desk lamp 4,Lighting,17997,shopify-2025-09.csv,37
Shopify,N01416,1,2025-09-03,UK,STO03,2,39.99,0.1,New,Organic,Woven basket 3,Storage,7198,shopify-2025-09.csv,38
Shopify,N01417,1,2025-09-03,US,STO01,3,39.99,0,New,Email,Woven basket 1,Storage,11997,shopify-2025-09.csv,39
Shopify,N01418,1,2025-09-03,DE,KIT04,1,59.99,0,New,Organic,Ceramic bowl 4,Kitchen,5999,shopify-2025-09.csv,40
Shopify,N01419,1,2025-09-03,DE,DEC04,3,24.99,0,Returning,Organic,Oak frame 4,Decor,7497,shopify-2025-09.csv,41
Shopify,N01431,1,2025-09-04,US,BED03,2,39.99,0.1,New,Direct,Linen duvet 3,Bedding,7198,shopify-2025-09.csv,42
Shopify,N01432,1,2025-09-04,US,KIT03,2,14.99,0,New,Paid search,Ceramic bowl 3,Kitchen,2998,shopify-2025-09.csv,43
Shopify,N01432,2,2025-09-04,US,KIT01,1,39.99,0,New,Paid search,Ceramic bowl 1,Kitchen,3999,shopify-2025-09.csv,44
Shopify,N01433,1,2025-09-04,US,STO02,3,59.99,0,New,Marketplace,Woven basket 2,Storage,17997,shopify-2025-09.csv,45
Shopify,N01434,1,2025-09-04,US,DEC04,1,39.99,0.1,Returning,Email,Oak frame 4,Decor,3599,shopify-2025-09.csv,46
Shopify,N01435,1,2025-09-04,UK,STO04,3,14.99,0,Returning,Direct,Woven basket 4,Storage,4497,shopify-2025-09.csv,47
Shopify,N01435,2,2025-09-04,UK,BED02,1,79.99,0,Returning,Direct,Linen duvet 2,Bedding,7999,shopify-2025-09.csv,48
Shopify,N01436,1,2025-09-04,US,LIG01,2,14.99,0,New,Email,Desk lamp 1,Lighting,2998,shopify-2025-09.csv,49
Shopify,N01437,1,2025-09-04,DE,LIG03,2,79.99,0.1,Returning,Email,Desk lamp 3,Lighting,14398,shopify-2025-09.csv,50
Shopify,N01437,2,2025-09-04,DE,LIG04,1,24.99,0.1,Returning,Email,Desk lamp 4,Lighting,2249,shopify-2025-09.csv,51
Shopify,N01438,1,2025-09-04,UK,LIG02,2,14.99,0,New,Direct,Desk lamp 2,Lighting,2998,shopify-2025-09.csv,52
Shopify,N01439,1,2025-09-04,DE,BED02,3,79.99,0.1,Returning,Marketplace,Linen duvet 2,Bedding,21597,shopify-2025-09.csv,53
Shopify,N01439,2,2025-09-04,DE,BED02,1,24.99,0,Returning,Marketplace,Linen duvet 2,Bedding,2499,shopify-2025-09.csv,54
Shopify,N01440,1,2025-09-04,UK,LIG01,1,39.99,0.1,Returning,Direct,Desk lamp 1,Lighting,3599,shopify-2025-09.csv,55
Shopify,N01440,2,2025-09-04,UK,BED04,1,79.99,0.15,Returning,Direct,Linen duvet 4,Bedding,6799,shopify-2025-09.csv,56
Shopify,N01441,1,2025-09-04,US,STO03,1,59.99,0.15,Returning,Paid search,Woven basket 3,Storage,5099,shopify-2025-09.csv,57
Shopify,N01441,2,2025-09-04,US,BED04,3,39.99,0.1,Returning,Paid search,Linen duvet 4,Bedding,10797,shopify-2025-09.csv,58
Shopify,N01453,1,2025-09-05,US,BED01,2,59.99,0.1,New,Direct,Linen duvet 1,Bedding,10798,shopify-2025-09.csv,59
Shopify,N01453,2,2025-09-05,US,KIT02,1,79.99,0.15,New,Direct,Ceramic bowl 2,Kitchen,6799,shopify-2025-09.csv,60
Shopify,N01454,1,2025-09-05,CA,KIT03,1,39.99,0.15,New,Email,Ceramic bowl 3,Kitchen,3399,shopify-2025-09.csv,61
Shopify,N01454,2,2025-09-05,CA,BED03,3,24.99,0,New,Email,Linen duvet 3,Bedding,7497,shopify-2025-09.csv,62
Shopify,N01455,1,2025-09-05,DE,BED03,2,79.99,0,Returning,Direct,Linen duvet 3,Bedding,15998,shopify-2025-09.csv,63
Shopify,N01456,1,2025-09-05,DE,BED04,2,14.99,0.1,New,Organic,Linen duvet 4,Bedding,2698,shopify-2025-09.csv,64
Shopify,N01457,1,2025-09-05,CA,LIG02,3,24.99,0,New,Email,Desk lamp 2,Lighting,7497,shopify-2025-09.csv,65
Shopify,N01458,1,2025-09-05,UK,KIT04,2,79.99,0,New,Email,Ceramic bowl 4,Kitchen,15998,shopify-2025-09.csv,66
Shopify,N01459,1,2025-09-05,US,DEC03,3,14.99,0,New,Direct,Oak frame 3,Decor,4497,shopify-2025-09.csv,67
Shopify,N01459,2,2025-09-05,US,LIG03,2,79.99,0,New,Direct,Desk lamp 3,Lighting,15998,shopify-2025-09.csv,68
Shopify,N01460,1,2025-09-05,US,STO01,2,14.99,0,New,Organic,Woven basket 1,Storage,2998,shopify-2025-09.csv,69
Shopify,N01460,2,2025-09-05,US,KIT02,2,39.99,0.1,New,Organic,Ceramic bowl 2,Kitchen,7198,shopify-2025-09.csv,70
Shopify,N01461,1,2025-09-05,US,KIT03,2,59.99,0.1,Returning,Paid search,Ceramic bowl 3,Kitchen,10798,shopify-2025-09.csv,71
Shopify,N01462,1,2025-09-05,CA,KIT03,2,24.99,0,New,Marketplace,Ceramic bowl 3,Kitchen,4998,shopify-2025-09.csv,72
Shopify,N01462,2,2025-09-05,CA,BED04,3,39.99,0.1,New,Marketplace,Linen duvet 4,Bedding,10797,shopify-2025-09.csv,73
Shopify,N01463,1,2025-09-05,DE,KIT02,2,59.99,0.1,New,Direct,Ceramic bowl 2,Kitchen,10798,shopify-2025-09.csv,74
Shopify,N01475,1,2025-09-06,CA,BED04,2,14.99,0,New,Organic,Linen duvet 4,Bedding,2998,shopify-2025-09.csv,75
Shopify,N01476,1,2025-09-06,US,LIG03,1,79.99,0,New,Email,Desk lamp 3,Lighting,7999,shopify-2025-09.csv,76
Shopify,N01477,1,2025-09-06,CA,DEC03,2,79.99,0.15,Returning,Direct,Oak frame 3,Decor,13598,shopify-2025-09.csv,77
Shopify,N01478,1,2025-09-06,US,LIG03,3,39.99,0,New,Organic,Desk lamp 3,Lighting,11997,shopify-2025-09.csv,78
Shopify,N01478,2,2025-09-06,US,STO01,3,59.99,0,New,Organic,Woven basket 1,Storage,17997,shopify-2025-09.csv,79
Shopify,N01479,1,2025-09-06,US,BED01,3,59.99,0,New,Organic,Linen duvet 1,Bedding,17997,shopify-2025-09.csv,80
Shopify,N01480,1,2025-09-06,CA,STO01,3,24.99,0.1,New,Organic,Woven basket 1,Storage,6747,shopify-2025-09.csv,81
Shopify,N01480,2,2025-09-06,CA,STO04,3,14.99,0.1,New,Organic,Woven basket 4,Storage,4047,shopify-2025-09.csv,82
Shopify,N01481,1,2025-09-06,US,LIG04,1,79.99,0,Returning,Paid search,Desk lamp 4,Lighting,7999,shopify-2025-09.csv,83
Shopify,N01482,1,2025-09-06,UK,LIG01,1,39.99,0,New,Direct,Desk lamp 1,Lighting,3999,shopify-2025-09.csv,84
Shopify,N01483,1,2025-09-06,DE,LIG04,1,79.99,0,New,Paid search,Desk lamp 4,Lighting,7999,shopify-2025-09.csv,85
Shopify,N01484,1,2025-09-06,DE,STO01,3,39.99,0.15,Returning,Marketplace,Woven basket 1,Storage,10197,shopify-2025-09.csv,86
Shopify,N01485,1,2025-09-06,UK,KIT04,1,59.99,0.1,Returning,Marketplace,Ceramic bowl 4,Kitchen,5399,shopify-2025-09.csv,87
Shopify,N01497,1,2025-09-07,DE,BED03,2,59.99,0,Returning,Email,Linen duvet 3,Bedding,11998,shopify-2025-09.csv,88
Shopify,N01498,1,2025-09-07,US,LIG01,2,79.99,0,New,Organic,Desk lamp 1,Lighting,15998,shopify-2025-09.csv,89
Shopify,N01499,1,2025-09-07,CA,STO01,1,59.99,0,New,Direct,Woven basket 1,Storage,5999,shopify-2025-09.csv,90
Shopify,N01500,1,2025-09-07,UK,STO02,2,39.99,0,New,Direct,Woven basket 2,Storage,7998,shopify-2025-09.csv,91
Shopify,N01501,1,2025-09-07,UK,DEC01,1,24.99,0.1,Returning,Marketplace,Oak frame 1,Decor,2249,shopify-2025-09.csv,92
Shopify,N01501,2,2025-09-07,UK,BED03,2,39.99,0,Returning,Marketplace,Linen duvet 3,Bedding,7998,shopify-2025-09.csv,93
Shopify,N01502,1,2025-09-07,US,DEC01,2,14.99,0.1,New,Marketplace,Oak frame 1,Decor,2698,shopify-2025-09.csv,94
Shopify,N01503,1,2025-09-07,US,STO02,3,79.99,0,New,Direct,Woven basket 2,Storage,23997,shopify-2025-09.csv,95
Shopify,N01504,1,2025-09-07,CA,STO03,1,59.99,0,Returning,Marketplace,Woven basket 3,Storage,5999,shopify-2025-09.csv,96
Shopify,N01505,1,2025-09-07,UK,KIT02,2,59.99,0,Returning,Email,Ceramic bowl 2,Kitchen,11998,shopify-2025-09.csv,97
Shopify,N01506,1,2025-09-07,US,DEC02,2,14.99,0.15,Returning,Marketplace,Oak frame 2,Decor,2548,shopify-2025-09.csv,98
Shopify,N01507,1,2025-09-07,US,LIG04,1,39.99,0.15,New,Email,Desk lamp 4,Lighting,3399,shopify-2025-09.csv,99
Shopify,N01507,2,2025-09-07,US,LIG02,3,14.99,0,New,Email,Desk lamp 2,Lighting,4497,shopify-2025-09.csv,100
Shopify,N01519,1,2025-09-08,US,KIT03,3,14.99,0,New,Organic,Ceramic bowl 3,Kitchen,4497,shopify-2025-09.csv,101
Shopify,N01520,1,2025-09-08,DE,LIG02,3,39.99,0,New,Direct,Desk lamp 2,Lighting,11997,shopify-2025-09.csv,102
Shopify,N01521,1,2025-09-08,US,KIT01,1,24.99,0,New,Marketplace,Ceramic bowl 1,Kitchen,2499,shopify-2025-09.csv,103
Shopify,N01521,2,2025-09-08,US,STO02,3,79.99,0.15,New,Marketplace,Woven basket 2,Storage,20397,shopify-2025-09.csv,104
Shopify,N01522,1,2025-09-08,US,STO01,1,59.99,0.15,New,Email,Woven basket 1,Storage,5099,shopify-2025-09.csv,105
Shopify,N01522,2,2025-09-08,US,DEC02,1,39.99,0.1,New,Email,Oak frame 2,Decor,3599,shopify-2025-09.csv,106
Shopify,N01523,1,2025-09-08,US,STO03,2,39.99,0.15,Returning,Organic,Woven basket 3,Storage,6798,shopify-2025-09.csv,107
Shopify,N01524,1,2025-09-08,US,STO04,2,24.99,0,New,Paid search,Woven basket 4,Storage,4998,shopify-2025-09.csv,108
Shopify,N01525,1,2025-09-08,UK,BED03,3,59.99,0.1,New,Direct,Linen duvet 3,Bedding,16197,shopify-2025-09.csv,109
Shopify,N01526,1,2025-09-08,UK,DEC02,3,14.99,0.15,New,Email,Oak frame 2,Decor,3822,shopify-2025-09.csv,110
Shopify,N01527,1,2025-09-08,US,LIG02,3,79.99,0.15,New,Email,Desk lamp 2,Lighting,20397,shopify-2025-09.csv,111
Shopify,N01527,2,2025-09-08,US,STO04,3,59.99,0,New,Email,Woven basket 4,Storage,17997,shopify-2025-09.csv,112
Shopify,N01528,1,2025-09-08,UK,STO02,3,59.99,0.15,Returning,Marketplace,Woven basket 2,Storage,15297,shopify-2025-09.csv,113
Shopify,N01528,2,2025-09-08,UK,DEC04,2,14.99,0,Returning,Marketplace,Oak frame 4,Decor,2998,shopify-2025-09.csv,114
Shopify,N01529,1,2025-09-08,CA,LIG01,2,59.99,0,Returning,Direct,Desk lamp 1,Lighting,11998,shopify-2025-09.csv,115
Shopify,N01541,1,2025-09-09,DE,BED02,2,59.99,0.15,New,Organic,Linen duvet 2,Bedding,10198,shopify-2025-09.csv,116
Shopify,N01542,1,2025-09-09,CA,KIT04,3,24.99,0.1,New,Direct,Ceramic bowl 4,Kitchen,6747,shopify-2025-09.csv,117
Shopify,N01543,1,2025-09-09,UK,DEC01,1,39.99,0.15,New,Paid search,Oak frame 1,Decor,3399,shopify-2025-09.csv,118
Shopify,N01544,1,2025-09-09,UK,STO03,1,59.99,0.1,Returning,Email,Woven basket 3,Storage,5399,shopify-2025-09.csv,119
Shopify,N01545,1,2025-09-09,CA,STO04,2,14.99,0,New,Direct,Woven basket 4,Storage,2998,shopify-2025-09.csv,120
Shopify,N01546,1,2025-09-09,CA,LIG01,1,24.99,0.15,Returning,Email,Desk lamp 1,Lighting,2124,shopify-2025-09.csv,121
Shopify,N01546,2,2025-09-09,CA,LIG02,1,79.99,0.1,Returning,Email,Desk lamp 2,Lighting,7199,shopify-2025-09.csv,122
Shopify,N01547,1,2025-09-09,DE,STO04,1,59.99,0,Returning,Marketplace,Woven basket 4,Storage,5999,shopify-2025-09.csv,123
Shopify,N01548,1,2025-09-09,CA,BED04,2,39.99,0,New,Paid search,Linen duvet 4,Bedding,7998,shopify-2025-09.csv,124
Shopify,N01549,1,2025-09-09,DE,LIG03,3,59.99,0,New,Direct,Desk lamp 3,Lighting,17997,shopify-2025-09.csv,125
Shopify,N01550,1,2025-09-09,UK,DEC04,3,39.99,0,New,Marketplace,Oak frame 4,Decor,11997,shopify-2025-09.csv,126
Shopify,N01551,1,2025-09-09,DE,KIT01,2,24.99,0,Returning,Email,Ceramic bowl 1,Kitchen,4998,shopify-2025-09.csv,127
Shopify,N01551,2,2025-09-09,DE,BED02,2,79.99,0,Returning,Email,Linen duvet 2,Bedding,15998,shopify-2025-09.csv,128
Shopify,N01563,1,2025-09-10,CA,KIT03,2,59.99,0.15,New,Direct,Ceramic bowl 3,Kitchen,10198,shopify-2025-09.csv,129
Shopify,N01564,1,2025-09-10,UK,STO03,1,14.99,0.15,Returning,Paid search,Woven basket 3,Storage,1274,shopify-2025-09.csv,130
Shopify,N01565,1,2025-09-10,US,STO02,3,24.99,0,Returning,Paid search,Woven basket 2,Storage,7497,shopify-2025-09.csv,131
Shopify,N01566,1,2025-09-10,CA,BED04,2,59.99,0,Returning,Direct,Linen duvet 4,Bedding,11998,shopify-2025-09.csv,132
Shopify,N01567,1,2025-09-10,DE,KIT01,2,14.99,0,New,Organic,Ceramic bowl 1,Kitchen,2998,shopify-2025-09.csv,133
Shopify,N01568,1,2025-09-10,UK,LIG01,3,24.99,0,Returning,Marketplace,Desk lamp 1,Lighting,7497,shopify-2025-09.csv,134
Shopify,N01568,2,2025-09-10,UK,DEC02,3,39.99,0.1,Returning,Marketplace,Oak frame 2,Decor,10797,shopify-2025-09.csv,135
Shopify,N01569,1,2025-09-10,DE,STO02,1,39.99,0.15,Returning,Organic,Woven basket 2,Storage,3399,shopify-2025-09.csv,136
Shopify,N01570,1,2025-09-10,US,KIT01,3,79.99,0,Returning,Email,Ceramic bowl 1,Kitchen,23997,shopify-2025-09.csv,137
Shopify,N01571,1,2025-09-10,CA,LIG01,3,59.99,0,New,Email,Desk lamp 1,Lighting,17997,shopify-2025-09.csv,138
Shopify,N01572,1,2025-09-10,US,STO04,1,14.99,0.1,New,Direct,Woven basket 4,Storage,1349,shopify-2025-09.csv,139
Shopify,N01573,1,2025-09-10,US,STO01,2,59.99,0,Returning,Marketplace,Woven basket 1,Storage,11998,shopify-2025-09.csv,140
Shopify,N01585,1,2025-09-11,CA,DEC04,2,59.99,0.1,New,Marketplace,Oak frame 4,Decor,10798,shopify-2025-09.csv,141
Shopify,N01585,2,2025-09-11,CA,DEC04,3,59.99,0,New,Marketplace,Oak frame 4,Decor,17997,shopify-2025-09.csv,142
Shopify,N01586,1,2025-09-11,US,KIT04,3,79.99,0.1,New,Paid search,Ceramic bowl 4,Kitchen,21597,shopify-2025-09.csv,143
Shopify,N01587,1,2025-09-11,US,KIT03,1,39.99,0.15,Returning,Organic,Ceramic bowl 3,Kitchen,3399,shopify-2025-09.csv,144
Shopify,N01587,2,2025-09-11,US,KIT03,1,14.99,0,Returning,Organic,Ceramic bowl 3,Kitchen,1499,shopify-2025-09.csv,145
Shopify,N01588,1,2025-09-11,US,LIG03,2,79.99,0.1,Returning,Paid search,Desk lamp 3,Lighting,14398,shopify-2025-09.csv,146
Shopify,N01589,1,2025-09-11,US,BED03,1,79.99,0.15,New,Email,Linen duvet 3,Bedding,6799,shopify-2025-09.csv,147
Shopify,N01589,2,2025-09-11,US,STO02,2,39.99,0,New,Email,Woven basket 2,Storage,7998,shopify-2025-09.csv,148
Shopify,N01590,1,2025-09-11,CA,BED04,1,39.99,0,New,Organic,Linen duvet 4,Bedding,3999,shopify-2025-09.csv,149
Shopify,N01590,2,2025-09-11,CA,STO02,3,59.99,0,New,Organic,Woven basket 2,Storage,17997,shopify-2025-09.csv,150
Shopify,N01591,1,2025-09-11,US,DEC03,3,39.99,0,Returning,Direct,Oak frame 3,Decor,11997,shopify-2025-09.csv,151
Shopify,N01592,1,2025-09-11,US,BED02,1,79.99,0,New,Direct,Linen duvet 2,Bedding,7999,shopify-2025-09.csv,152
Shopify,N01592,2,2025-09-11,US,KIT03,1,39.99,0,New,Direct,Ceramic bowl 3,Kitchen,3999,shopify-2025-09.csv,153
Shopify,N01593,1,2025-09-11,US,BED04,3,59.99,0.15,Returning,Marketplace,Linen duvet 4,Bedding,15297,shopify-2025-09.csv,154
Shopify,N01594,1,2025-09-11,US,BED02,3,14.99,0.1,New,Email,Linen duvet 2,Bedding,4047,shopify-2025-09.csv,155
Shopify,N01595,1,2025-09-11,UK,DEC04,3,14.99,0,Returning,Marketplace,Oak frame 4,Decor,4497,shopify-2025-09.csv,156
Shopify,N01595,2,2025-09-11,UK,BED01,3,79.99,0.15,Returning,Marketplace,Linen duvet 1,Bedding,20397,shopify-2025-09.csv,157
Shopify,N01607,1,2025-09-12,US,BED03,3,59.99,0,New,Email,Linen duvet 3,Bedding,17997,shopify-2025-09.csv,158
Shopify,N01607,2,2025-09-12,US,BED04,3,79.99,0,New,Email,Linen duvet 4,Bedding,23997,shopify-2025-09.csv,159
Shopify,N01608,1,2025-09-12,US,LIG02,1,79.99,0,New,Marketplace,Desk lamp 2,Lighting,7999,shopify-2025-09.csv,160
Shopify,N01608,2,2025-09-12,US,BED04,1,14.99,0,New,Marketplace,Linen duvet 4,Bedding,1499,shopify-2025-09.csv,161
Shopify,N01609,1,2025-09-12,UK,LIG04,1,24.99,0,New,Paid search,Desk lamp 4,Lighting,2499,shopify-2025-09.csv,162
Shopify,N01610,1,2025-09-12,UK,BED03,1,24.99,0,New,Marketplace,Linen duvet 3,Bedding,2499,shopify-2025-09.csv,163
Shopify,N01610,2,2025-09-12,UK,STO01,2,79.99,0.15,New,Marketplace,Woven basket 1,Storage,13598,shopify-2025-09.csv,164
Shopify,N01611,1,2025-09-12,DE,LIG03,3,24.99,0.1,New,Marketplace,Desk lamp 3,Lighting,6747,shopify-2025-09.csv,165
Shopify,N01612,1,2025-09-12,US,DEC01,1,79.99,0,New,Marketplace,Oak frame 1,Decor,7999,shopify-2025-09.csv,166
Shopify,N01613,1,2025-09-12,DE,KIT04,2,14.99,0.15,New,Marketplace,Ceramic bowl 4,Kitchen,2548,shopify-2025-09.csv,167
Shopify,N01614,1,2025-09-12,UK,STO01,3,79.99,0,Returning,Organic,Woven basket 1,Storage,23997,shopify-2025-09.csv,168
Shopify,N01614,2,2025-09-12,UK,STO04,1,24.99,0,Returning,Organic,Woven basket 4,Storage,2499,shopify-2025-09.csv,169
Shopify,N01615,1,2025-09-12,DE,LIG02,1,79.99,0,Returning,Marketplace,Desk lamp 2,Lighting,7999,shopify-2025-09.csv,170
Shopify,N01615,2,2025-09-12,DE,DEC01,3,24.99,0.1,Returning,Marketplace,Oak frame 1,Decor,6747,shopify-2025-09.csv,171
Shopify,N01616,1,2025-09-12,US,BED02,2,24.99,0.1,Returning,Direct,Linen duvet 2,Bedding,4498,shopify-2025-09.csv,172
Shopify,N01617,1,2025-09-12,US,STO03,1,24.99,0.15,New,Email,Woven basket 3,Storage,2124,shopify-2025-09.csv,173
Shopify,N01617,2,2025-09-12,US,KIT03,3,59.99,0,New,Email,Ceramic bowl 3,Kitchen,17997,shopify-2025-09.csv,174
Shopify,N01629,1,2025-09-13,US,BED04,2,79.99,0.1,New,Marketplace,Linen duvet 4,Bedding,14398,shopify-2025-09.csv,175
Shopify,N01630,1,2025-09-13,UK,KIT01,2,14.99,0,New,Organic,Ceramic bowl 1,Kitchen,2998,shopify-2025-09.csv,176
Shopify,N01631,1,2025-09-13,DE,STO04,3,59.99,0.1,New,Marketplace,Woven basket 4,Storage,16197,shopify-2025-09.csv,177
Shopify,N01632,1,2025-09-13,DE,BED01,1,14.99,0,New,Paid search,Linen duvet 1,Bedding,1499,shopify-2025-09.csv,178
Shopify,N01633,1,2025-09-13,DE,DEC04,1,39.99,0,Returning,Organic,Oak frame 4,Decor,3999,shopify-2025-09.csv,179
Shopify,N01633,2,2025-09-13,DE,STO04,3,39.99,0,Returning,Organic,Woven basket 4,Storage,11997,shopify-2025-09.csv,180
Shopify,N01634,1,2025-09-13,US,LIG01,3,24.99,0.15,New,Paid search,Desk lamp 1,Lighting,6372,shopify-2025-09.csv,181
Shopify,N01634,2,2025-09-13,US,DEC02,1,59.99,0.15,New,Paid search,Oak frame 2,Decor,5099,shopify-2025-09.csv,182
Shopify,N01635,1,2025-09-13,UK,KIT02,1,24.99,0.15,New,Direct,Ceramic bowl 2,Kitchen,2124,shopify-2025-09.csv,183
Shopify,N01635,2,2025-09-13,UK,DEC04,1,39.99,0,New,Direct,Oak frame 4,Decor,3999,shopify-2025-09.csv,184
Shopify,N01636,1,2025-09-13,US,KIT01,3,79.99,0.1,Returning,Paid search,Ceramic bowl 1,Kitchen,21597,shopify-2025-09.csv,185
Shopify,N01636,2,2025-09-13,US,DEC03,2,14.99,0.1,Returning,Paid search,Oak frame 3,Decor,2698,shopify-2025-09.csv,186
Shopify,N01637,1,2025-09-13,UK,DEC02,3,39.99,0,Returning,Organic,Oak frame 2,Decor,11997,shopify-2025-09.csv,187
Shopify,N01637,2,2025-09-13,UK,LIG03,2,39.99,0,Returning,Organic,Desk lamp 3,Lighting,7998,shopify-2025-09.csv,188
Shopify,N01638,1,2025-09-13,CA,DEC01,2,24.99,0,Returning,Organic,Oak frame 1,Decor,4998,shopify-2025-09.csv,189
Shopify,N01638,2,2025-09-13,CA,LIG01,2,39.99,0.1,Returning,Organic,Desk lamp 1,Lighting,7198,shopify-2025-09.csv,190
Shopify,N01639,1,2025-09-13,DE,LIG03,1,39.99,0,New,Paid search,Desk lamp 3,Lighting,3999,shopify-2025-09.csv,191
Shopify,N01639,2,2025-09-13,DE,BED01,2,39.99,0.15,New,Paid search,Linen duvet 1,Bedding,6798,shopify-2025-09.csv,192
Shopify,N01651,1,2025-09-14,US,STO02,1,59.99,0,Returning,Paid search,Woven basket 2,Storage,5999,shopify-2025-09.csv,193
Shopify,N01652,1,2025-09-14,UK,BED02,2,79.99,0.15,New,Marketplace,Linen duvet 2,Bedding,13598,shopify-2025-09.csv,194
Shopify,N01652,2,2025-09-14,UK,DEC03,3,14.99,0,New,Marketplace,Oak frame 3,Decor,4497,shopify-2025-09.csv,195
Shopify,N01653,1,2025-09-14,CA,LIG01,1,59.99,0,New,Organic,Desk lamp 1,Lighting,5999,shopify-2025-09.csv,196
Shopify,N01654,1,2025-09-14,UK,KIT03,2,39.99,0.1,New,Marketplace,Ceramic bowl 3,Kitchen,7198,shopify-2025-09.csv,197
Shopify,N01654,2,2025-09-14,UK,BED03,2,24.99,0.1,New,Marketplace,Linen duvet 3,Bedding,4498,shopify-2025-09.csv,198
Shopify,N01655,1,2025-09-14,US,STO04,1,79.99,0.1,Returning,Direct,Woven basket 4,Storage,7199,shopify-2025-09.csv,199
Shopify,N01655,2,2025-09-14,US,BED02,1,59.99,0,Returning,Direct,Linen duvet 2,Bedding,5999,shopify-2025-09.csv,200
Shopify,N01656,1,2025-09-14,UK,LIG02,3,39.99,0.1,Returning,Organic,Desk lamp 2,Lighting,10797,shopify-2025-09.csv,201
Shopify,N01657,1,2025-09-14,US,DEC04,2,79.99,0,New,Email,Oak frame 4,Decor,15998,shopify-2025-09.csv,202
Shopify,N01658,1,2025-09-14,CA,STO03,3,39.99,0.1,New,Email,Woven basket 3,Storage,10797,shopify-2025-09.csv,203
Shopify,N01659,1,2025-09-14,US,DEC03,1,59.99,0.1,New,Marketplace,Oak frame 3,Decor,5399,shopify-2025-09.csv,204
Shopify,N01660,1,2025-09-14,US,BED03,1,79.99,0.15,New,Email,Linen duvet 3,Bedding,6799,shopify-2025-09.csv,205
Shopify,N01660,2,2025-09-14,US,DEC03,3,39.99,0.15,New,Email,Oak frame 3,Decor,10197,shopify-2025-09.csv,206
Shopify,N01661,1,2025-09-14,US,KIT01,2,59.99,0,Returning,Direct,Ceramic bowl 1,Kitchen,11998,shopify-2025-09.csv,207
Shopify,N01673,1,2025-09-15,US,BED03,3,24.99,0.1,Returning,Direct,Linen duvet 3,Bedding,6747,shopify-2025-09.csv,208
Shopify,N01674,1,2025-09-15,CA,LIG03,1,24.99,0,New,Email,Desk lamp 3,Lighting,2499,shopify-2025-09.csv,209
Shopify,N01674,2,2025-09-15,CA,DEC01,1,14.99,0.15,New,Email,Oak frame 1,Decor,1274,shopify-2025-09.csv,210
Shopify,N01675,1,2025-09-15,US,STO01,3,24.99,0,Returning,Paid search,Woven basket 1,Storage,7497,shopify-2025-09.csv,211
Shopify,N01676,1,2025-09-15,UK,BED03,3,39.99,0.1,Returning,Direct,Linen duvet 3,Bedding,10797,shopify-2025-09.csv,212
Shopify,N01677,1,2025-09-15,UK,LIG04,3,59.99,0.15,Returning,Paid search,Desk lamp 4,Lighting,15297,shopify-2025-09.csv,213
Shopify,N01677,2,2025-09-15,UK,KIT02,2,24.99,0.1,Returning,Paid search,Ceramic bowl 2,Kitchen,4498,shopify-2025-09.csv,214
Shopify,N01678,1,2025-09-15,UK,KIT04,1,79.99,0.1,Returning,Email,Ceramic bowl 4,Kitchen,7199,shopify-2025-09.csv,215
Shopify,N01679,1,2025-09-15,US,LIG03,3,79.99,0.1,New,Marketplace,Desk lamp 3,Lighting,21597,shopify-2025-09.csv,216
Shopify,N01680,1,2025-09-15,US,BED02,2,79.99,0,New,Direct,Linen duvet 2,Bedding,15998,shopify-2025-09.csv,217
Shopify,N01680,2,2025-09-15,US,STO01,3,79.99,0,New,Direct,Woven basket 1,Storage,23997,shopify-2025-09.csv,218
Shopify,N01681,1,2025-09-15,US,KIT03,3,24.99,0,New,Direct,Ceramic bowl 3,Kitchen,7497,shopify-2025-09.csv,219
Shopify,N01682,1,2025-09-15,US,LIG03,3,79.99,0.15,Returning,Direct,Desk lamp 3,Lighting,20397,shopify-2025-09.csv,220
Shopify,N01683,1,2025-09-15,US,LIG03,3,24.99,0.15,New,Email,Desk lamp 3,Lighting,6372,shopify-2025-09.csv,221
Shopify,N01695,1,2025-09-16,US,LIG04,2,39.99,0.15,Returning,Email,Desk lamp 4,Lighting,6798,shopify-2025-09.csv,222
Shopify,N01695,2,2025-09-16,US,DEC01,2,59.99,0.15,Returning,Email,Oak frame 1,Decor,10198,shopify-2025-09.csv,223
Shopify,N01696,1,2025-09-16,DE,DEC01,1,59.99,0,New,Marketplace,Oak frame 1,Decor,5999,shopify-2025-09.csv,224
Shopify,N01697,1,2025-09-16,CA,LIG01,1,79.99,0,Returning,Paid search,Desk lamp 1,Lighting,7999,shopify-2025-09.csv,225
Shopify,N01698,1,2025-09-16,US,DEC04,3,79.99,0.15,New,Email,Oak frame 4,Decor,20397,shopify-2025-09.csv,226
Shopify,N01698,2,2025-09-16,US,DEC02,1,14.99,0,New,Email,Oak frame 2,Decor,1499,shopify-2025-09.csv,227
Shopify,N01699,1,2025-09-16,DE,STO01,1,24.99,0.1,Returning,Email,Woven basket 1,Storage,2249,shopify-2025-09.csv,228
Shopify,N01700,1,2025-09-16,UK,BED01,3,39.99,0,Returning,Paid search,Linen duvet 1,Bedding,11997,shopify-2025-09.csv,229
Shopify,N01701,1,2025-09-16,DE,STO04,2,39.99,0.1,New,Paid search,Woven basket 4,Storage,7198,shopify-2025-09.csv,230
Shopify,N01702,1,2025-09-16,US,KIT04,2,14.99,0.1,Returning,Marketplace,Ceramic bowl 4,Kitchen,2698,shopify-2025-09.csv,231
Shopify,N01703,1,2025-09-16,US,KIT01,3,39.99,0,Returning,Direct,Ceramic bowl 1,Kitchen,11997,shopify-2025-09.csv,232
Shopify,N01703,2,2025-09-16,US,KIT03,1,14.99,0,Returning,Direct,Ceramic bowl 3,Kitchen,1499,shopify-2025-09.csv,233
Shopify,N01704,1,2025-09-16,US,KIT02,1,59.99,0.1,New,Direct,Ceramic bowl 2,Kitchen,5399,shopify-2025-09.csv,234
Shopify,N01704,2,2025-09-16,US,BED04,1,39.99,0,New,Direct,Linen duvet 4,Bedding,3999,shopify-2025-09.csv,235
Shopify,N01705,1,2025-09-16,UK,STO04,2,59.99,0.15,New,Direct,Woven basket 4,Storage,10198,shopify-2025-09.csv,236
Shopify,N01705,2,2025-09-16,UK,KIT04,2,39.99,0.1,New,Direct,Ceramic bowl 4,Kitchen,7198,shopify-2025-09.csv,237
Shopify,N01717,1,2025-09-17,DE,BED04,2,14.99,0,New,Marketplace,Linen duvet 4,Bedding,2998,shopify-2025-09.csv,238
Shopify,N01718,1,2025-09-17,CA,KIT04,1,24.99,0.15,New,Direct,Ceramic bowl 4,Kitchen,2124,shopify-2025-09.csv,239
Shopify,N01718,2,2025-09-17,CA,KIT03,3,24.99,0.15,New,Direct,Ceramic bowl 3,Kitchen,6372,shopify-2025-09.csv,240
Shopify,N01719,1,2025-09-17,DE,KIT01,2,24.99,0,New,Email,Ceramic bowl 1,Kitchen,4998,shopify-2025-09.csv,241
Shopify,N01719,2,2025-09-17,DE,BED04,3,14.99,0,New,Email,Linen duvet 4,Bedding,4497,shopify-2025-09.csv,242
Shopify,N01720,1,2025-09-17,US,BED04,2,59.99,0.1,New,Direct,Linen duvet 4,Bedding,10798,shopify-2025-09.csv,243
Shopify,N01720,2,2025-09-17,US,BED01,2,39.99,0,New,Direct,Linen duvet 1,Bedding,7998,shopify-2025-09.csv,244
Shopify,N01721,1,2025-09-17,UK,KIT01,3,24.99,0,New,Paid search,Ceramic bowl 1,Kitchen,7497,shopify-2025-09.csv,245
Shopify,N01721,2,2025-09-17,UK,DEC03,1,79.99,0,New,Paid search,Oak frame 3,Decor,7999,shopify-2025-09.csv,246
Shopify,N01722,1,2025-09-17,US,BED03,3,39.99,0,Returning,Paid search,Linen duvet 3,Bedding,11997,shopify-2025-09.csv,247
Shopify,N01723,1,2025-09-17,DE,STO02,1,39.99,0,New,Email,Woven basket 2,Storage,3999,shopify-2025-09.csv,248
Shopify,N01723,2,2025-09-17,DE,DEC02,2,39.99,0,New,Email,Oak frame 2,Decor,7998,shopify-2025-09.csv,249
Shopify,N01724,1,2025-09-17,CA,STO04,1,79.99,0.1,Returning,Direct,Woven basket 4,Storage,7199,shopify-2025-09.csv,250
Shopify,N01725,1,2025-09-17,DE,STO03,1,59.99,0,Returning,Direct,Woven basket 3,Storage,5999,shopify-2025-09.csv,251
Shopify,N01725,2,2025-09-17,DE,LIG03,1,24.99,0,Returning,Direct,Desk lamp 3,Lighting,2499,shopify-2025-09.csv,252
Shopify,N01726,1,2025-09-17,CA,STO02,3,24.99,0.1,New,Direct,Woven basket 2,Storage,6747,shopify-2025-09.csv,253
Shopify,N01727,1,2025-09-17,UK,LIG04,2,79.99,0,New,Organic,Desk lamp 4,Lighting,15998,shopify-2025-09.csv,254
Shopify,N01739,1,2025-09-18,US,DEC04,2,39.99,0,New,Paid search,Oak frame 4,Decor,7998,shopify-2025-09.csv,255
Shopify,N01740,1,2025-09-18,CA,STO04,1,79.99,0,New,Paid search,Woven basket 4,Storage,7999,shopify-2025-09.csv,256
Shopify,N01740,2,2025-09-18,CA,KIT03,3,24.99,0.1,New,Paid search,Ceramic bowl 3,Kitchen,6747,shopify-2025-09.csv,257
Shopify,N01741,1,2025-09-18,DE,STO04,2,14.99,0,New,Direct,Woven basket 4,Storage,2998,shopify-2025-09.csv,258
Shopify,N01741,2,2025-09-18,DE,LIG01,3,79.99,0.15,New,Direct,Desk lamp 1,Lighting,20397,shopify-2025-09.csv,259
Shopify,N01742,1,2025-09-18,CA,KIT02,2,24.99,0,New,Organic,Ceramic bowl 2,Kitchen,4998,shopify-2025-09.csv,260
Shopify,N01743,1,2025-09-18,US,KIT03,3,14.99,0,New,Marketplace,Ceramic bowl 3,Kitchen,4497,shopify-2025-09.csv,261
Shopify,N01744,1,2025-09-18,UK,LIG04,3,79.99,0.1,New,Direct,Desk lamp 4,Lighting,21597,shopify-2025-09.csv,262
Shopify,N01745,1,2025-09-18,UK,LIG03,1,59.99,0,Returning,Paid search,Desk lamp 3,Lighting,5999,shopify-2025-09.csv,263
Shopify,N01746,1,2025-09-18,DE,STO04,2,24.99,0.1,New,Direct,Woven basket 4,Storage,4498,shopify-2025-09.csv,264
Shopify,N01747,1,2025-09-18,US,BED01,3,24.99,0,New,Email,Linen duvet 1,Bedding,7497,shopify-2025-09.csv,265
Shopify,N01748,1,2025-09-18,US,STO02,3,39.99,0.1,Returning,Email,Woven basket 2,Storage,10797,shopify-2025-09.csv,266
Shopify,N01748,2,2025-09-18,US,LIG03,3,79.99,0.1,Returning,Email,Desk lamp 3,Lighting,21597,shopify-2025-09.csv,267
Shopify,N01749,1,2025-09-18,US,STO01,2,24.99,0,Returning,Email,Woven basket 1,Storage,4998,shopify-2025-09.csv,268
Shopify,N01749,2,2025-09-18,US,BED01,3,24.99,0,Returning,Email,Linen duvet 1,Bedding,7497,shopify-2025-09.csv,269
Shopify,N01761,1,2025-09-19,US,STO02,3,59.99,0.15,New,Email,Woven basket 2,Storage,15297,shopify-2025-09.csv,270
Shopify,N01762,1,2025-09-19,US,DEC03,2,59.99,0,Returning,Organic,Oak frame 3,Decor,11998,shopify-2025-09.csv,271
Shopify,N01763,1,2025-09-19,UK,STO01,2,24.99,0,New,Direct,Woven basket 1,Storage,4998,shopify-2025-09.csv,272
Shopify,N01763,2,2025-09-19,UK,DEC02,2,79.99,0,New,Direct,Oak frame 2,Decor,15998,shopify-2025-09.csv,273
Shopify,N01764,1,2025-09-19,US,LIG03,1,59.99,0.15,New,Email,Desk lamp 3,Lighting,5099,shopify-2025-09.csv,274
Shopify,N01765,1,2025-09-19,US,LIG03,1,39.99,0.1,New,Direct,Desk lamp 3,Lighting,3599,shopify-2025-09.csv,275
Shopify,N01766,1,2025-09-19,US,LIG03,1,24.99,0.1,New,Email,Desk lamp 3,Lighting,2249,shopify-2025-09.csv,276
Shopify,N01767,1,2025-09-19,US,KIT04,3,14.99,0,New,Email,Ceramic bowl 4,Kitchen,4497,shopify-2025-09.csv,277
Shopify,N01768,1,2025-09-19,CA,KIT03,2,24.99,0,New,Marketplace,Ceramic bowl 3,Kitchen,4998,shopify-2025-09.csv,278
Shopify,N01769,1,2025-09-19,US,KIT01,3,24.99,0.1,Returning,Organic,Ceramic bowl 1,Kitchen,6747,shopify-2025-09.csv,279
Shopify,N01770,1,2025-09-19,US,LIG01,3,14.99,0,Returning,Marketplace,Desk lamp 1,Lighting,4497,shopify-2025-09.csv,280
Shopify,N01771,1,2025-09-19,US,DEC01,1,79.99,0,New,Direct,Oak frame 1,Decor,7999,shopify-2025-09.csv,281
Shopify,N01771,2,2025-09-19,US,STO01,3,79.99,0,New,Direct,Woven basket 1,Storage,23997,shopify-2025-09.csv,282
Shopify,N01783,1,2025-09-20,CA,DEC01,3,59.99,0.1,Returning,Organic,Oak frame 1,Decor,16197,shopify-2025-09.csv,283
Shopify,N01784,1,2025-09-20,US,LIG02,3,14.99,0,New,Marketplace,Desk lamp 2,Lighting,4497,shopify-2025-09.csv,284
Shopify,N01785,1,2025-09-20,CA,BED03,3,59.99,0,New,Organic,Linen duvet 3,Bedding,17997,shopify-2025-09.csv,285
Shopify,N01785,2,2025-09-20,CA,LIG02,1,39.99,0,New,Organic,Desk lamp 2,Lighting,3999,shopify-2025-09.csv,286
Shopify,N01786,1,2025-09-20,CA,BED02,2,39.99,0,New,Direct,Linen duvet 2,Bedding,7998,shopify-2025-09.csv,287
Shopify,N01786,2,2025-09-20,CA,DEC03,1,59.99,0,New,Direct,Oak frame 3,Decor,5999,shopify-2025-09.csv,288
Shopify,N01787,1,2025-09-20,US,DEC01,3,59.99,0,New,Paid search,Oak frame 1,Decor,17997,shopify-2025-09.csv,289
Shopify,N01788,1,2025-09-20,CA,KIT02,2,39.99,0,New,Marketplace,Ceramic bowl 2,Kitchen,7998,shopify-2025-09.csv,290
Shopify,N01788,2,2025-09-20,CA,LIG02,1,59.99,0.1,New,Marketplace,Desk lamp 2,Lighting,5399,shopify-2025-09.csv,291
Shopify,N01789,1,2025-09-20,UK,LIG01,2,39.99,0,New,Direct,Desk lamp 1,Lighting,7998,shopify-2025-09.csv,292
Shopify,N01790,1,2025-09-20,UK,KIT03,3,39.99,0,New,Paid search,Ceramic bowl 3,Kitchen,11997,shopify-2025-09.csv,293
Shopify,N01791,1,2025-09-20,CA,KIT02,2,59.99,0.1,New,Paid search,Ceramic bowl 2,Kitchen,10798,shopify-2025-09.csv,294
Shopify,N01792,1,2025-09-20,US,BED02,1,24.99,0,New,Email,Linen duvet 2,Bedding,2499,shopify-2025-09.csv,295
Shopify,N01793,1,2025-09-20,CA,STO04,2,24.99,0,New,Email,Woven basket 4,Storage,4998,shopify-2025-09.csv,296
Shopify,N01805,1,2025-09-21,UK,DEC04,2,59.99,0,New,Organic,Oak frame 4,Decor,11998,shopify-2025-09.csv,297
Shopify,N01806,1,2025-09-21,UK,LIG02,1,14.99,0,New,Marketplace,Desk lamp 2,Lighting,1499,shopify-2025-09.csv,298
Shopify,N01806,2,2025-09-21,UK,KIT02,3,59.99,0,New,Marketplace,Ceramic bowl 2,Kitchen,17997,shopify-2025-09.csv,299
Shopify,N01807,1,2025-09-21,UK,LIG01,2,14.99,0,New,Direct,Desk lamp 1,Lighting,2998,shopify-2025-09.csv,300
Shopify,N01807,2,2025-09-21,UK,DEC04,1,79.99,0,New,Direct,Oak frame 4,Decor,7999,shopify-2025-09.csv,301
Shopify,N01808,1,2025-09-21,US,BED04,3,24.99,0,New,Email,Linen duvet 4,Bedding,7497,shopify-2025-09.csv,302
Shopify,N01809,1,2025-09-21,DE,BED02,3,79.99,0,New,Marketplace,Linen duvet 2,Bedding,23997,shopify-2025-09.csv,303
Shopify,N01810,1,2025-09-21,CA,KIT03,1,14.99,0.15,New,Email,Ceramic bowl 3,Kitchen,1274,shopify-2025-09.csv,304
Shopify,N01811,1,2025-09-21,UK,LIG04,2,59.99,0.15,New,Marketplace,Desk lamp 4,Lighting,10198,shopify-2025-09.csv,305
Shopify,N01812,1,2025-09-21,DE,STO03,3,24.99,0.15,New,Marketplace,Woven basket 3,Storage,6372,shopify-2025-09.csv,306
Shopify,N01812,2,2025-09-21,DE,LIG01,2,24.99,0,New,Marketplace,Desk lamp 1,Lighting,4998,shopify-2025-09.csv,307
Shopify,N01813,1,2025-09-21,DE,DEC01,1,59.99,0.15,Returning,Organic,Oak frame 1,Decor,5099,shopify-2025-09.csv,308
Shopify,N01813,2,2025-09-21,DE,LIG01,2,59.99,0.1,Returning,Organic,Desk lamp 1,Lighting,10798,shopify-2025-09.csv,309
Shopify,N01814,1,2025-09-21,US,BED03,2,24.99,0,New,Paid search,Linen duvet 3,Bedding,4998,shopify-2025-09.csv,310
Shopify,N01814,2,2025-09-21,US,LIG03,1,59.99,0.15,New,Paid search,Desk lamp 3,Lighting,5099,shopify-2025-09.csv,311
Shopify,N01815,1,2025-09-21,UK,STO03,3,39.99,0,New,Direct,Woven basket 3,Storage,11997,shopify-2025-09.csv,312
Shopify,N01815,2,2025-09-21,UK,BED04,2,39.99,0,New,Direct,Linen duvet 4,Bedding,7998,shopify-2025-09.csv,313
Shopify,N01827,1,2025-09-22,DE,LIG04,1,14.99,0.15,New,Paid search,Desk lamp 4,Lighting,1274,shopify-2025-09.csv,314
Shopify,N01827,2,2025-09-22,DE,KIT04,1,59.99,0.1,New,Paid search,Ceramic bowl 4,Kitchen,5399,shopify-2025-09.csv,315
Shopify,N01828,1,2025-09-22,US,LIG01,2,14.99,0.1,New,Paid search,Desk lamp 1,Lighting,2698,shopify-2025-09.csv,316
Shopify,N01829,1,2025-09-22,US,BED02,2,59.99,0,New,Organic,Linen duvet 2,Bedding,11998,shopify-2025-09.csv,317
Shopify,N01830,1,2025-09-22,US,LIG04,1,24.99,0.1,New,Direct,Desk lamp 4,Lighting,2249,shopify-2025-09.csv,318
Shopify,N01831,1,2025-09-22,CA,KIT02,3,79.99,0,Returning,Marketplace,Ceramic bowl 2,Kitchen,23997,shopify-2025-09.csv,319
Shopify,N01832,1,2025-09-22,US,DEC03,1,79.99,0,New,Marketplace,Oak frame 3,Decor,7999,shopify-2025-09.csv,320
Shopify,N01833,1,2025-09-22,US,STO04,2,14.99,0,New,Email,Woven basket 4,Storage,2998,shopify-2025-09.csv,321
Shopify,N01834,1,2025-09-22,DE,STO04,1,39.99,0.1,Returning,Marketplace,Woven basket 4,Storage,3599,shopify-2025-09.csv,322
Shopify,N01835,1,2025-09-22,DE,BED01,3,39.99,0.15,New,Direct,Linen duvet 1,Bedding,10197,shopify-2025-09.csv,323
Shopify,N01835,2,2025-09-22,DE,BED03,1,79.99,0,New,Direct,Linen duvet 3,Bedding,7999,shopify-2025-09.csv,324
Shopify,N01836,1,2025-09-22,US,DEC02,1,24.99,0.1,Returning,Email,Oak frame 2,Decor,2249,shopify-2025-09.csv,325
Shopify,N01836,2,2025-09-22,US,BED04,2,14.99,0,Returning,Email,Linen duvet 4,Bedding,2998,shopify-2025-09.csv,326
Shopify,N01837,1,2025-09-22,CA,DEC02,3,59.99,0,New,Paid search,Oak frame 2,Decor,17997,shopify-2025-09.csv,327
Shopify,N01849,1,2025-09-23,US,BED01,3,14.99,0.1,New,Paid search,Linen duvet 1,Bedding,4047,shopify-2025-09.csv,328
Shopify,N01849,2,2025-09-23,US,STO02,3,14.99,0,New,Paid search,Woven basket 2,Storage,4497,shopify-2025-09.csv,329
Shopify,N01850,1,2025-09-23,UK,DEC03,1,39.99,0,New,Direct,Oak frame 3,Decor,3999,shopify-2025-09.csv,330
Shopify,N01850,2,2025-09-23,UK,STO01,3,14.99,0,New,Direct,Woven basket 1,Storage,4497,shopify-2025-09.csv,331
Shopify,N01851,1,2025-09-23,UK,DEC04,1,79.99,0.1,New,Direct,Oak frame 4,Decor,7199,shopify-2025-09.csv,332
Shopify,N01852,1,2025-09-23,DE,KIT02,3,39.99,0.15,New,Direct,Ceramic bowl 2,Kitchen,10197,shopify-2025-09.csv,333
Shopify,N01852,2,2025-09-23,DE,KIT04,2,59.99,0.15,New,Direct,Ceramic bowl 4,Kitchen,10198,shopify-2025-09.csv,334
Shopify,N01853,1,2025-09-23,CA,DEC01,2,24.99,0,New,Paid search,Oak frame 1,Decor,4998,shopify-2025-09.csv,335
Shopify,N01853,2,2025-09-23,CA,DEC01,3,24.99,0.15,New,Paid search,Oak frame 1,Decor,6372,shopify-2025-09.csv,336
Shopify,N01854,1,2025-09-23,DE,LIG04,2,39.99,0,Returning,Organic,Desk lamp 4,Lighting,7998,shopify-2025-09.csv,337
Shopify,N01855,1,2025-09-23,DE,STO04,2,79.99,0,New,Email,Woven basket 4,Storage,15998,shopify-2025-09.csv,338
Shopify,N01855,2,2025-09-23,DE,DEC03,2,24.99,0.15,New,Email,Oak frame 3,Decor,4248,shopify-2025-09.csv,339
Shopify,N01856,1,2025-09-23,DE,KIT02,1,14.99,0,New,Marketplace,Ceramic bowl 2,Kitchen,1499,shopify-2025-09.csv,340
Shopify,N01857,1,2025-09-23,US,KIT01,2,39.99,0,Returning,Direct,Ceramic bowl 1,Kitchen,7998,shopify-2025-09.csv,341
Shopify,N01858,1,2025-09-23,US,BED01,3,14.99,0.15,Returning,Direct,Linen duvet 1,Bedding,3822,shopify-2025-09.csv,342
Shopify,N01859,1,2025-09-23,DE,DEC01,3,14.99,0.1,New,Email,Oak frame 1,Decor,4047,shopify-2025-09.csv,343
Shopify,N01859,2,2025-09-23,DE,STO04,2,79.99,0,New,Email,Woven basket 4,Storage,15998,shopify-2025-09.csv,344
Shopify,N01871,1,2025-09-24,UK,STO03,3,24.99,0.1,New,Paid search,Woven basket 3,Storage,6747,shopify-2025-09.csv,345
Shopify,N01871,2,2025-09-24,UK,BED02,1,79.99,0,New,Paid search,Linen duvet 2,Bedding,7999,shopify-2025-09.csv,346
Shopify,N01872,1,2025-09-24,UK,STO01,3,79.99,0,New,Email,Woven basket 1,Storage,23997,shopify-2025-09.csv,347
Shopify,N01872,2,2025-09-24,UK,BED01,3,14.99,0.1,New,Email,Linen duvet 1,Bedding,4047,shopify-2025-09.csv,348
Shopify,N01873,1,2025-09-24,CA,STO04,1,59.99,0.1,New,Direct,Woven basket 4,Storage,5399,shopify-2025-09.csv,349
Shopify,N01874,1,2025-09-24,DE,STO04,2,24.99,0,Returning,Direct,Woven basket 4,Storage,4998,shopify-2025-09.csv,350
Shopify,N01874,2,2025-09-24,DE,DEC01,3,79.99,0.1,Returning,Direct,Oak frame 1,Decor,21597,shopify-2025-09.csv,351
Shopify,N01875,1,2025-09-24,US,LIG01,3,39.99,0.15,New,Organic,Desk lamp 1,Lighting,10197,shopify-2025-09.csv,352
Shopify,N01876,1,2025-09-24,US,DEC01,3,39.99,0.15,Returning,Organic,Oak frame 1,Decor,10197,shopify-2025-09.csv,353
Shopify,N01877,1,2025-09-24,DE,LIG02,3,14.99,0,New,Organic,Desk lamp 2,Lighting,4497,shopify-2025-09.csv,354
Shopify,N01877,2,2025-09-24,DE,STO03,2,14.99,0,New,Organic,Woven basket 3,Storage,2998,shopify-2025-09.csv,355
Shopify,N01878,1,2025-09-24,DE,KIT01,2,59.99,0,Returning,Marketplace,Ceramic bowl 1,Kitchen,11998,shopify-2025-09.csv,356
Shopify,N01878,2,2025-09-24,DE,DEC02,1,24.99,0.1,Returning,Marketplace,Oak frame 2,Decor,2249,shopify-2025-09.csv,357
Shopify,N01879,1,2025-09-24,DE,KIT01,2,14.99,0.1,Returning,Email,Ceramic bowl 1,Kitchen,2698,shopify-2025-09.csv,358
Shopify,N01879,2,2025-09-24,DE,STO03,1,14.99,0.15,Returning,Email,Woven basket 3,Storage,1274,shopify-2025-09.csv,359
Shopify,N01880,1,2025-09-24,US,BED03,3,14.99,0.15,Returning,Direct,Linen duvet 3,Bedding,3822,shopify-2025-09.csv,360
Shopify,N01881,1,2025-09-24,US,STO02,3,14.99,0.15,New,Direct,Woven basket 2,Storage,3822,shopify-2025-09.csv,361
Shopify,N01893,1,2025-09-25,DE,DEC02,3,24.99,0,Returning,Direct,Oak frame 2,Decor,7497,shopify-2025-09.csv,362
Shopify,N01894,1,2025-09-25,CA,KIT02,3,39.99,0,New,Email,Ceramic bowl 2,Kitchen,11997,shopify-2025-09.csv,363
Shopify,N01895,1,2025-09-25,DE,KIT01,3,79.99,0,New,Organic,Ceramic bowl 1,Kitchen,23997,shopify-2025-09.csv,364
Shopify,N01895,2,2025-09-25,DE,BED01,3,39.99,0,New,Organic,Linen duvet 1,Bedding,11997,shopify-2025-09.csv,365
Shopify,N01896,1,2025-09-25,UK,LIG02,3,24.99,0,New,Paid search,Desk lamp 2,Lighting,7497,shopify-2025-09.csv,366
Shopify,N01897,1,2025-09-25,US,DEC01,3,59.99,0,New,Direct,Oak frame 1,Decor,17997,shopify-2025-09.csv,367
Shopify,N01898,1,2025-09-25,DE,STO01,3,39.99,0,New,Organic,Woven basket 1,Storage,11997,shopify-2025-09.csv,368
Shopify,N01898,2,2025-09-25,DE,KIT01,1,39.99,0,New,Organic,Ceramic bowl 1,Kitchen,3999,shopify-2025-09.csv,369
Shopify,N01899,1,2025-09-25,US,BED04,2,24.99,0,New,Paid search,Linen duvet 4,Bedding,4998,shopify-2025-09.csv,370
Shopify,N01900,1,2025-09-25,CA,BED02,3,39.99,0,New,Direct,Linen duvet 2,Bedding,11997,shopify-2025-09.csv,371
Shopify,N01901,1,2025-09-25,UK,BED04,3,79.99,0,New,Email,Linen duvet 4,Bedding,23997,shopify-2025-09.csv,372
Shopify,N01901,2,2025-09-25,UK,STO01,2,24.99,0.1,New,Email,Woven basket 1,Storage,4498,shopify-2025-09.csv,373
Shopify,N01902,1,2025-09-25,US,DEC02,3,14.99,0,New,Direct,Oak frame 2,Decor,4497,shopify-2025-09.csv,374
Shopify,N01903,1,2025-09-25,US,BED02,1,24.99,0,New,Organic,Linen duvet 2,Bedding,2499,shopify-2025-09.csv,375
Shopify,N01903,2,2025-09-25,US,BED03,1,79.99,0,New,Organic,Linen duvet 3,Bedding,7999,shopify-2025-09.csv,376
Shopify,N01915,1,2025-09-26,CA,LIG03,2,14.99,0.15,New,Organic,Desk lamp 3,Lighting,2548,shopify-2025-09.csv,377
Shopify,N01915,2,2025-09-26,CA,KIT03,3,39.99,0,New,Organic,Ceramic bowl 3,Kitchen,11997,shopify-2025-09.csv,378
Shopify,N01916,1,2025-09-26,US,STO03,3,24.99,0.15,Returning,Marketplace,Woven basket 3,Storage,6372,shopify-2025-09.csv,379
Shopify,N01917,1,2025-09-26,DE,LIG02,3,24.99,0.15,Returning,Paid search,Desk lamp 2,Lighting,6372,shopify-2025-09.csv,380
Shopify,N01918,1,2025-09-26,DE,KIT04,3,59.99,0.1,New,Direct,Ceramic bowl 4,Kitchen,16197,shopify-2025-09.csv,381
Shopify,N01918,2,2025-09-26,DE,STO03,1,14.99,0.1,New,Direct,Woven basket 3,Storage,1349,shopify-2025-09.csv,382
Shopify,N01919,1,2025-09-26,DE,DEC03,3,59.99,0,New,Paid search,Oak frame 3,Decor,17997,shopify-2025-09.csv,383
Shopify,N01920,1,2025-09-26,UK,LIG04,1,24.99,0,New,Paid search,Desk lamp 4,Lighting,2499,shopify-2025-09.csv,384
Shopify,N01921,1,2025-09-26,US,BED03,3,24.99,0,New,Organic,Linen duvet 3,Bedding,7497,shopify-2025-09.csv,385
Shopify,N01922,1,2025-09-26,US,LIG03,1,14.99,0.1,New,Organic,Desk lamp 3,Lighting,1349,shopify-2025-09.csv,386
Shopify,N01923,1,2025-09-26,US,DEC02,3,79.99,0.1,Returning,Paid search,Oak frame 2,Decor,21597,shopify-2025-09.csv,387
Shopify,N01923,2,2025-09-26,US,BED04,1,79.99,0,Returning,Paid search,Linen duvet 4,Bedding,7999,shopify-2025-09.csv,388
Shopify,N01924,1,2025-09-26,US,STO04,1,59.99,0.1,Returning,Direct,Woven basket 4,Storage,5399,shopify-2025-09.csv,389
Shopify,N01925,1,2025-09-26,UK,BED03,1,24.99,0.15,New,Direct,Linen duvet 3,Bedding,2124,shopify-2025-09.csv,390
Shopify,N01937,1,2025-09-27,DE,BED03,1,59.99,0.1,New,Marketplace,Linen duvet 3,Bedding,5399,shopify-2025-09.csv,391
Shopify,N01938,1,2025-09-27,UK,BED02,3,14.99,0.15,Returning,Organic,Linen duvet 2,Bedding,3822,shopify-2025-09.csv,392
Shopify,N01939,1,2025-09-27,CA,LIG02,1,39.99,0,New,Paid search,Desk lamp 2,Lighting,3999,shopify-2025-09.csv,393
Shopify,N01940,1,2025-09-27,US,DEC04,2,24.99,0.1,New,Email,Oak frame 4,Decor,4498,shopify-2025-09.csv,394
Shopify,N01941,1,2025-09-27,US,BED04,2,39.99,0.15,New,Marketplace,Linen duvet 4,Bedding,6798,shopify-2025-09.csv,395
Shopify,N01942,1,2025-09-27,CA,KIT03,1,39.99,0.15,New,Marketplace,Ceramic bowl 3,Kitchen,3399,shopify-2025-09.csv,396
Shopify,N01942,2,2025-09-27,CA,DEC02,1,59.99,0,New,Marketplace,Oak frame 2,Decor,5999,shopify-2025-09.csv,397
Shopify,N01943,1,2025-09-27,US,KIT01,2,59.99,0,New,Direct,Ceramic bowl 1,Kitchen,11998,shopify-2025-09.csv,398
Shopify,N01943,2,2025-09-27,US,BED03,2,14.99,0,New,Direct,Linen duvet 3,Bedding,2998,shopify-2025-09.csv,399
Shopify,N01944,1,2025-09-27,UK,LIG02,1,59.99,0.15,New,Organic,Desk lamp 2,Lighting,5099,shopify-2025-09.csv,400
Shopify,N01945,1,2025-09-27,US,DEC03,2,79.99,0.1,New,Direct,Oak frame 3,Decor,14398,shopify-2025-09.csv,401
Shopify,N01945,2,2025-09-27,US,STO04,2,59.99,0.1,New,Direct,Woven basket 4,Storage,10798,shopify-2025-09.csv,402
Shopify,N01946,1,2025-09-27,UK,DEC01,2,79.99,0,New,Marketplace,Oak frame 1,Decor,15998,shopify-2025-09.csv,403
Shopify,N01947,1,2025-09-27,US,DEC01,2,24.99,0,Returning,Direct,Oak frame 1,Decor,4998,shopify-2025-09.csv,404
Shopify,N01959,1,2025-09-28,CA,DEC03,3,24.99,0,Returning,Paid search,Oak frame 3,Decor,7497,shopify-2025-09.csv,405
Shopify,N01960,1,2025-09-28,US,BED02,3,39.99,0.15,New,Paid search,Linen duvet 2,Bedding,10197,shopify-2025-09.csv,406
Shopify,N01961,1,2025-09-28,US,DEC01,3,59.99,0,New,Email,Oak frame 1,Decor,17997,shopify-2025-09.csv,407
Shopify,N01962,1,2025-09-28,DE,DEC02,3,59.99,0.15,New,Marketplace,Oak frame 2,Decor,15297,shopify-2025-09.csv,408
Shopify,N01962,2,2025-09-28,DE,DEC02,3,59.99,0,New,Marketplace,Oak frame 2,Decor,17997,shopify-2025-09.csv,409
Shopify,N01963,1,2025-09-28,UK,STO03,3,14.99,0.15,New,Email,Woven basket 3,Storage,3822,shopify-2025-09.csv,410
Shopify,N01964,1,2025-09-28,DE,DEC01,2,59.99,0,New,Marketplace,Oak frame 1,Decor,11998,shopify-2025-09.csv,411
Shopify,N01965,1,2025-09-28,US,LIG03,2,14.99,0.1,New,Direct,Desk lamp 3,Lighting,2698,shopify-2025-09.csv,412
Shopify,N01965,2,2025-09-28,US,KIT01,1,79.99,0,New,Direct,Ceramic bowl 1,Kitchen,7999,shopify-2025-09.csv,413
Shopify,N01966,1,2025-09-28,UK,LIG01,2,24.99,0,New,Direct,Desk lamp 1,Lighting,4998,shopify-2025-09.csv,414
Shopify,N01967,1,2025-09-28,US,STO01,3,24.99,0,New,Organic,Woven basket 1,Storage,7497,shopify-2025-09.csv,415
Shopify,N01968,1,2025-09-28,US,DEC01,3,79.99,0.1,New,Organic,Oak frame 1,Decor,21597,shopify-2025-09.csv,416
Shopify,N01969,1,2025-09-28,UK,KIT04,1,59.99,0.15,New,Paid search,Ceramic bowl 4,Kitchen,5099,shopify-2025-09.csv,417
Shopify,N01981,1,2025-09-29,DE,BED04,1,59.99,0.15,New,Paid search,Linen duvet 4,Bedding,5099,shopify-2025-09.csv,418
Shopify,N01981,2,2025-09-29,DE,LIG02,3,59.99,0,New,Paid search,Desk lamp 2,Lighting,17997,shopify-2025-09.csv,419
Shopify,N01982,1,2025-09-29,DE,STO04,1,39.99,0,New,Marketplace,Woven basket 4,Storage,3999,shopify-2025-09.csv,420
Shopify,N01983,1,2025-09-29,DE,STO01,2,39.99,0.1,New,Email,Woven basket 1,Storage,7198,shopify-2025-09.csv,421
Shopify,N01984,1,2025-09-29,CA,LIG02,1,39.99,0,New,Direct,Desk lamp 2,Lighting,3999,shopify-2025-09.csv,422
Shopify,N01984,2,2025-09-29,CA,LIG01,1,24.99,0,New,Direct,Desk lamp 1,Lighting,2499,shopify-2025-09.csv,423
Shopify,N01985,1,2025-09-29,US,STO01,2,24.99,0.15,New,Paid search,Woven basket 1,Storage,4248,shopify-2025-09.csv,424
Shopify,N01985,2,2025-09-29,US,BED02,1,59.99,0,New,Paid search,Linen duvet 2,Bedding,5999,shopify-2025-09.csv,425
Shopify,N01986,1,2025-09-29,DE,KIT01,3,59.99,0.15,Returning,Email,Ceramic bowl 1,Kitchen,15297,shopify-2025-09.csv,426
Shopify,N01987,1,2025-09-29,CA,KIT04,2,59.99,0.1,New,Marketplace,Ceramic bowl 4,Kitchen,10798,shopify-2025-09.csv,427
Shopify,N01988,1,2025-09-29,UK,BED04,1,39.99,0,New,Email,Linen duvet 4,Bedding,3999,shopify-2025-09.csv,428
Shopify,N01989,1,2025-09-29,UK,STO02,2,79.99,0.1,New,Organic,Woven basket 2,Storage,14398,shopify-2025-09.csv,429
Shopify,N01990,1,2025-09-29,CA,KIT03,3,39.99,0.1,New,Organic,Ceramic bowl 3,Kitchen,10797,shopify-2025-09.csv,430
Shopify,N01990,2,2025-09-29,CA,KIT02,2,24.99,0,New,Organic,Ceramic bowl 2,Kitchen,4998,shopify-2025-09.csv,431
Shopify,N01991,1,2025-09-29,CA,STO02,1,59.99,0,New,Marketplace,Woven basket 2,Storage,5999,shopify-2025-09.csv,432
Shopify,N02003,1,2025-09-30,CA,KIT04,1,24.99,0,New,Email,Ceramic bowl 4,Kitchen,2499,shopify-2025-09.csv,433
Shopify,N02003,2,2025-09-30,CA,LIG02,1,24.99,0.15,New,Email,Desk lamp 2,Lighting,2124,shopify-2025-09.csv,434
Shopify,N02004,1,2025-09-30,US,DEC02,1,79.99,0.1,Returning,Direct,Oak frame 2,Decor,7199,shopify-2025-09.csv,435
Shopify,N02005,1,2025-09-30,DE,KIT02,1,24.99,0,New,Direct,Ceramic bowl 2,Kitchen,2499,shopify-2025-09.csv,436
Shopify,N02006,1,2025-09-30,UK,DEC01,3,39.99,0,New,Email,Oak frame 1,Decor,11997,shopify-2025-09.csv,437
Shopify,N02007,1,2025-09-30,DE,DEC03,2,59.99,0.1,Returning,Organic,Oak frame 3,Decor,10798,shopify-2025-09.csv,438
Shopify,N02008,1,2025-09-30,US,STO03,3,24.99,0.15,New,Paid search,Woven basket 3,Storage,6372,shopify-2025-09.csv,439
Shopify,N02008,2,2025-09-30,US,BED02,3,79.99,0.15,New,Paid search,Linen duvet 2,Bedding,20397,shopify-2025-09.csv,440
Shopify,N02009,1,2025-09-30,DE,KIT01,2,24.99,0,Returning,Paid search,Ceramic bowl 1,Kitchen,4998,shopify-2025-09.csv,441
Shopify,N02010,1,2025-09-30,CA,KIT03,2,39.99,0,Returning,Direct,Ceramic bowl 3,Kitchen,7998,shopify-2025-09.csv,442
Shopify,N02011,1,2025-09-30,CA,STO03,3,39.99,0,New,Marketplace,Woven basket 3,Storage,11997,shopify-2025-09.csv,443
Shopify,N02011,2,2025-09-30,CA,BED03,1,79.99,0,New,Marketplace,Linen duvet 3,Bedding,7999,shopify-2025-09.csv,444
Shopify,N02012,1,2025-09-30,US,LIG02,3,39.99,0.15,New,Organic,Desk lamp 2,Lighting,10197,shopify-2025-09.csv,445
Shopify,N02013,1,2025-09-30,DE,DEC03,1,79.99,0,New,Marketplace,Oak frame 3,Decor,7999,shopify-2025-09.csv,446
